approach,driver_pool,constructor_pool,driver_ceiling,constructor_ceiling,shape,config_name,budget_cap,dream_team_cost,tightness
linear,100000000,100000000,,,,,100000000,121800000,1.218
linear,100000000,100000000,,,,,105000000,121800000,1.16
linear,100000000,100000000,,,,,110000000,121800000,1.1072727272727272
linear,100000000,100000000,,,,,115000000,121800000,1.0591304347826087
linear,100000000,100000000,,,,,120000000,121800000,1.015
linear,100000000,100000000,,,,,125000000,121800000,0.9744
linear,100000000,100000000,,,,,130000000,121800000,0.936923076923077
linear,100000000,110000000,,,,,100000000,128700000,1.287
linear,100000000,110000000,,,,,105000000,128700000,1.2257142857142858
linear,100000000,110000000,,,,,110000000,128700000,1.17
linear,100000000,110000000,,,,,115000000,128700000,1.1191304347826088
linear,100000000,110000000,,,,,120000000,128700000,1.0725
linear,100000000,110000000,,,,,125000000,128700000,1.0296
linear,100000000,110000000,,,,,130000000,128700000,0.99
linear,100000000,120000000,,,,,100000000,135300000,1.353
linear,100000000,120000000,,,,,105000000,135300000,1.2885714285714285
linear,100000000,120000000,,,,,110000000,135300000,1.23
linear,100000000,120000000,,,,,115000000,135300000,1.1765217391304348
linear,100000000,120000000,,,,,120000000,135300000,1.1275
linear,100000000,120000000,,,,,125000000,135300000,1.0824
linear,100000000,120000000,,,,,130000000,135300000,1.0407692307692307
linear,100000000,130000000,,,,,100000000,142100000,1.421
linear,100000000,130000000,,,,,105000000,142100000,1.3533333333333333
linear,100000000,130000000,,,,,110000000,142100000,1.2918181818181818
linear,100000000,130000000,,,,,115000000,142100000,1.2356521739130435
linear,100000000,130000000,,,,,120000000,142100000,1.1841666666666666
linear,100000000,130000000,,,,,125000000,142100000,1.1368
linear,100000000,130000000,,,,,130000000,142100000,1.093076923076923
linear,100000000,140000000,,,,,100000000,148900000,1.489
linear,100000000,140000000,,,,,105000000,148900000,1.418095238095238
linear,100000000,140000000,,,,,110000000,148900000,1.3536363636363635
linear,100000000,140000000,,,,,115000000,148900000,1.2947826086956522
linear,100000000,140000000,,,,,120000000,148900000,1.2408333333333332
linear,100000000,140000000,,,,,125000000,148900000,1.1912
linear,100000000,140000000,,,,,130000000,148900000,1.1453846153846154
linear,100000000,150000000,,,,,100000000,155600000,1.556
linear,100000000,150000000,,,,,105000000,155600000,1.4819047619047618
linear,100000000,150000000,,,,,110000000,155600000,1.4145454545454546
linear,100000000,150000000,,,,,115000000,155600000,1.3530434782608696
linear,100000000,150000000,,,,,120000000,155600000,1.2966666666666666
linear,100000000,150000000,,,,,125000000,155600000,1.2448
linear,100000000,150000000,,,,,130000000,155600000,1.196923076923077
linear,100000000,160000000,,,,,100000000,162400000,1.624
linear,100000000,160000000,,,,,105000000,162400000,1.5466666666666666
linear,100000000,160000000,,,,,110000000,162400000,1.4763636363636363
linear,100000000,160000000,,,,,115000000,162400000,1.4121739130434783
linear,100000000,160000000,,,,,120000000,162400000,1.3533333333333333
linear,100000000,160000000,,,,,125000000,162400000,1.2992
linear,100000000,160000000,,,,,130000000,162400000,1.2492307692307691
linear,100000000,170000000,,,,,100000000,169200000,1.692
linear,100000000,170000000,,,,,105000000,169200000,1.6114285714285714
linear,100000000,170000000,,,,,110000000,169200000,1.538181818181818
linear,100000000,170000000,,,,,115000000,169200000,1.471304347826087
linear,100000000,170000000,,,,,120000000,169200000,1.41
linear,100000000,170000000,,,,,125000000,169200000,1.3536
linear,100000000,170000000,,,,,130000000,169200000,1.3015384615384615
linear,100000000,180000000,,,,,100000000,176000000,1.76
linear,100000000,180000000,,,,,105000000,176000000,1.6761904761904762
linear,100000000,180000000,,,,,110000000,176000000,1.6
linear,100000000,180000000,,,,,115000000,176000000,1.5304347826086957
linear,100000000,180000000,,,,,120000000,176000000,1.4666666666666666
linear,100000000,180000000,,,,,125000000,176000000,1.408
linear,100000000,180000000,,,,,130000000,176000000,1.353846153846154
linear,100000000,190000000,,,,,100000000,182700000,1.827
linear,100000000,190000000,,,,,105000000,182700000,1.74
linear,100000000,190000000,,,,,110000000,182700000,1.660909090909091
linear,100000000,190000000,,,,,115000000,182700000,1.588695652173913
linear,100000000,190000000,,,,,120000000,182700000,1.5225
linear,100000000,190000000,,,,,125000000,182700000,1.4616
linear,100000000,190000000,,,,,130000000,182700000,1.4053846153846155
linear,100000000,200000000,,,,,100000000,189500000,1.895
linear,100000000,200000000,,,,,105000000,189500000,1.8047619047619048
linear,100000000,200000000,,,,,110000000,189500000,1.7227272727272727
linear,100000000,200000000,,,,,115000000,189500000,1.6478260869565218
linear,100000000,200000000,,,,,120000000,189500000,1.5791666666666666
linear,100000000,200000000,,,,,125000000,189500000,1.516
linear,100000000,200000000,,,,,130000000,189500000,1.4576923076923076
linear,100000000,210000000,,,,,100000000,196200000,1.962
linear,100000000,210000000,,,,,105000000,196200000,1.8685714285714285
linear,100000000,210000000,,,,,110000000,196200000,1.7836363636363637
linear,100000000,210000000,,,,,115000000,196200000,1.7060869565217391
linear,100000000,210000000,,,,,120000000,196200000,1.635
linear,100000000,210000000,,,,,125000000,196200000,1.5696
linear,100000000,210000000,,,,,130000000,196200000,1.5092307692307692
linear,100000000,220000000,,,,,100000000,202900000,2.029
linear,100000000,220000000,,,,,105000000,202900000,1.9323809523809523
linear,100000000,220000000,,,,,110000000,202900000,1.8445454545454545
linear,100000000,220000000,,,,,115000000,202900000,1.7643478260869565
linear,100000000,220000000,,,,,120000000,202900000,1.6908333333333334
linear,100000000,220000000,,,,,125000000,202900000,1.6232
linear,100000000,220000000,,,,,130000000,202900000,1.5607692307692307
linear,100000000,230000000,,,,,100000000,209800000,2.098
linear,100000000,230000000,,,,,105000000,209800000,1.9980952380952381
linear,100000000,230000000,,,,,110000000,209800000,1.9072727272727272
linear,100000000,230000000,,,,,115000000,209800000,1.8243478260869566
linear,100000000,230000000,,,,,120000000,209800000,1.7483333333333333
linear,100000000,230000000,,,,,125000000,209800000,1.6784
linear,100000000,230000000,,,,,130000000,209800000,1.613846153846154
linear,100000000,240000000,,,,,100000000,216500000,2.165
linear,100000000,240000000,,,,,105000000,216500000,2.0619047619047617
linear,100000000,240000000,,,,,110000000,216500000,1.9681818181818183
linear,100000000,240000000,,,,,115000000,216500000,1.882608695652174
linear,100000000,240000000,,,,,120000000,216500000,1.8041666666666667
linear,100000000,240000000,,,,,125000000,216500000,1.732
linear,100000000,240000000,,,,,130000000,216500000,1.6653846153846155
linear,100000000,250000000,,,,,100000000,223300000,2.233
linear,100000000,250000000,,,,,105000000,223300000,2.1266666666666665
linear,100000000,250000000,,,,,110000000,223300000,2.03
linear,100000000,250000000,,,,,115000000,223300000,1.9417391304347826
linear,100000000,250000000,,,,,120000000,223300000,1.8608333333333333
linear,100000000,250000000,,,,,125000000,223300000,1.7864
linear,100000000,250000000,,,,,130000000,223300000,1.7176923076923076
linear,100000000,260000000,,,,,100000000,230100000,2.301
linear,100000000,260000000,,,,,105000000,230100000,2.1914285714285713
linear,100000000,260000000,,,,,110000000,230100000,2.091818181818182
linear,100000000,260000000,,,,,115000000,230100000,2.0008695652173913
linear,100000000,260000000,,,,,120000000,230100000,1.9175
linear,100000000,260000000,,,,,125000000,230100000,1.8408
linear,100000000,260000000,,,,,130000000,230100000,1.77
linear,100000000,270000000,,,,,100000000,236900000,2.369
linear,100000000,270000000,,,,,105000000,236900000,2.256190476190476
linear,100000000,270000000,,,,,110000000,236900000,2.153636363636364
linear,100000000,270000000,,,,,115000000,236900000,2.06
linear,100000000,270000000,,,,,120000000,236900000,1.9741666666666666
linear,100000000,270000000,,,,,125000000,236900000,1.8952
linear,100000000,270000000,,,,,130000000,236900000,1.8223076923076924
linear,100000000,280000000,,,,,100000000,243500000,2.435
linear,100000000,280000000,,,,,105000000,243500000,2.3190476190476192
linear,100000000,280000000,,,,,110000000,243500000,2.213636363636364
linear,100000000,280000000,,,,,115000000,243500000,2.117391304347826
linear,100000000,280000000,,,,,120000000,243500000,2.029166666666667
linear,100000000,280000000,,,,,125000000,243500000,1.948
linear,100000000,280000000,,,,,130000000,243500000,1.873076923076923
linear,100000000,290000000,,,,,100000000,250300000,2.503
linear,100000000,290000000,,,,,105000000,250300000,2.3838095238095236
linear,100000000,290000000,,,,,110000000,250300000,2.2754545454545454
linear,100000000,290000000,,,,,115000000,250300000,2.176521739130435
linear,100000000,290000000,,,,,120000000,250300000,2.0858333333333334
linear,100000000,290000000,,,,,125000000,250300000,2.0024
linear,100000000,290000000,,,,,130000000,250300000,1.9253846153846155
linear,100000000,300000000,,,,,100000000,257100000,2.571
linear,100000000,300000000,,,,,105000000,257100000,2.4485714285714284
linear,100000000,300000000,,,,,110000000,257100000,2.3372727272727274
linear,100000000,300000000,,,,,115000000,257100000,2.2356521739130435
linear,100000000,300000000,,,,,120000000,257100000,2.1425
linear,100000000,300000000,,,,,125000000,257100000,2.0568
linear,100000000,300000000,,,,,130000000,257100000,1.9776923076923076
linear,110000000,100000000,,,,,100000000,127100000,1.271
linear,110000000,100000000,,,,,105000000,127100000,1.2104761904761905
linear,110000000,100000000,,,,,110000000,127100000,1.1554545454545455
linear,110000000,100000000,,,,,115000000,127100000,1.105217391304348
linear,110000000,100000000,,,,,120000000,127100000,1.0591666666666666
linear,110000000,100000000,,,,,125000000,127100000,1.0168
linear,110000000,100000000,,,,,130000000,127100000,0.9776923076923076
linear,110000000,110000000,,,,,100000000,134000000,1.34
linear,110000000,110000000,,,,,105000000,134000000,1.276190476190476
linear,110000000,110000000,,,,,110000000,134000000,1.2181818181818183
linear,110000000,110000000,,,,,115000000,134000000,1.1652173913043478
linear,110000000,110000000,,,,,120000000,134000000,1.1166666666666667
linear,110000000,110000000,,,,,125000000,134000000,1.072
linear,110000000,110000000,,,,,130000000,134000000,1.0307692307692307
linear,110000000,120000000,,,,,100000000,140600000,1.406
linear,110000000,120000000,,,,,105000000,140600000,1.339047619047619
linear,110000000,120000000,,,,,110000000,140600000,1.278181818181818
linear,110000000,120000000,,,,,115000000,140600000,1.222608695652174
linear,110000000,120000000,,,,,120000000,140600000,1.1716666666666666
linear,110000000,120000000,,,,,125000000,140600000,1.1248
linear,110000000,120000000,,,,,130000000,140600000,1.0815384615384616
linear,110000000,130000000,,,,,100000000,147400000,1.474
linear,110000000,130000000,,,,,105000000,147400000,1.4038095238095238
linear,110000000,130000000,,,,,110000000,147400000,1.34
linear,110000000,130000000,,,,,115000000,147400000,1.2817391304347827
linear,110000000,130000000,,,,,120000000,147400000,1.2283333333333333
linear,110000000,130000000,,,,,125000000,147400000,1.1792
linear,110000000,130000000,,,,,130000000,147400000,1.133846153846154
linear,110000000,140000000,,,,,100000000,154200000,1.542
linear,110000000,140000000,,,,,105000000,154200000,1.4685714285714286
linear,110000000,140000000,,,,,110000000,154200000,1.4018181818181819
linear,110000000,140000000,,,,,115000000,154200000,1.3408695652173912
linear,110000000,140000000,,,,,120000000,154200000,1.285
linear,110000000,140000000,,,,,125000000,154200000,1.2336
linear,110000000,140000000,,,,,130000000,154200000,1.1861538461538461
linear,110000000,150000000,,,,,100000000,160900000,1.609
linear,110000000,150000000,,,,,105000000,160900000,1.5323809523809524
linear,110000000,150000000,,,,,110000000,160900000,1.4627272727272727
linear,110000000,150000000,,,,,115000000,160900000,1.3991304347826088
linear,110000000,150000000,,,,,120000000,160900000,1.3408333333333333
linear,110000000,150000000,,,,,125000000,160900000,1.2872
linear,110000000,150000000,,,,,130000000,160900000,1.2376923076923076
linear,110000000,160000000,,,,,100000000,167700000,1.677
linear,110000000,160000000,,,,,105000000,167700000,1.5971428571428572
linear,110000000,160000000,,,,,110000000,167700000,1.5245454545454546
linear,110000000,160000000,,,,,115000000,167700000,1.4582608695652175
linear,110000000,160000000,,,,,120000000,167700000,1.3975
linear,110000000,160000000,,,,,125000000,167700000,1.3416
linear,110000000,160000000,,,,,130000000,167700000,1.29
linear,110000000,170000000,,,,,100000000,174500000,1.745
linear,110000000,170000000,,,,,105000000,174500000,1.661904761904762
linear,110000000,170000000,,,,,110000000,174500000,1.5863636363636364
linear,110000000,170000000,,,,,115000000,174500000,1.517391304347826
linear,110000000,170000000,,,,,120000000,174500000,1.4541666666666666
linear,110000000,170000000,,,,,125000000,174500000,1.396
linear,110000000,170000000,,,,,130000000,174500000,1.3423076923076922
linear,110000000,180000000,,,,,100000000,181300000,1.813
linear,110000000,180000000,,,,,105000000,181300000,1.7266666666666666
linear,110000000,180000000,,,,,110000000,181300000,1.6481818181818182
linear,110000000,180000000,,,,,115000000,181300000,1.5765217391304347
linear,110000000,180000000,,,,,120000000,181300000,1.5108333333333333
linear,110000000,180000000,,,,,125000000,181300000,1.4504
linear,110000000,180000000,,,,,130000000,181300000,1.3946153846153846
linear,110000000,190000000,,,,,100000000,188000000,1.88
linear,110000000,190000000,,,,,105000000,188000000,1.7904761904761906
linear,110000000,190000000,,,,,110000000,188000000,1.709090909090909
linear,110000000,190000000,,,,,115000000,188000000,1.6347826086956523
linear,110000000,190000000,,,,,120000000,188000000,1.5666666666666667
linear,110000000,190000000,,,,,125000000,188000000,1.504
linear,110000000,190000000,,,,,130000000,188000000,1.4461538461538461
linear,110000000,200000000,,,,,100000000,194800000,1.948
linear,110000000,200000000,,,,,105000000,194800000,1.8552380952380951
linear,110000000,200000000,,,,,110000000,194800000,1.770909090909091
linear,110000000,200000000,,,,,115000000,194800000,1.6939130434782608
linear,110000000,200000000,,,,,120000000,194800000,1.6233333333333333
linear,110000000,200000000,,,,,125000000,194800000,1.5584
linear,110000000,200000000,,,,,130000000,194800000,1.4984615384615385
linear,110000000,210000000,,,,,100000000,201500000,2.015
linear,110000000,210000000,,,,,105000000,201500000,1.9190476190476191
linear,110000000,210000000,,,,,110000000,201500000,1.8318181818181818
linear,110000000,210000000,,,,,115000000,201500000,1.7521739130434784
linear,110000000,210000000,,,,,120000000,201500000,1.6791666666666667
linear,110000000,210000000,,,,,125000000,201500000,1.612
linear,110000000,210000000,,,,,130000000,201500000,1.55
linear,110000000,220000000,,,,,100000000,208200000,2.082
linear,110000000,220000000,,,,,105000000,208200000,1.9828571428571429
linear,110000000,220000000,,,,,110000000,208200000,1.8927272727272728
linear,110000000,220000000,,,,,115000000,208200000,1.8104347826086957
linear,110000000,220000000,,,,,120000000,208200000,1.735
linear,110000000,220000000,,,,,125000000,208200000,1.6656
linear,110000000,220000000,,,,,130000000,208200000,1.6015384615384616
linear,110000000,230000000,,,,,100000000,215100000,2.151
linear,110000000,230000000,,,,,105000000,215100000,2.0485714285714285
linear,110000000,230000000,,,,,110000000,215100000,1.9554545454545456
linear,110000000,230000000,,,,,115000000,215100000,1.8704347826086956
linear,110000000,230000000,,,,,120000000,215100000,1.7925
linear,110000000,230000000,,,,,125000000,215100000,1.7208
linear,110000000,230000000,,,,,130000000,215100000,1.6546153846153846
linear,110000000,240000000,,,,,100000000,221800000,2.218
linear,110000000,240000000,,,,,105000000,221800000,2.1123809523809522
linear,110000000,240000000,,,,,110000000,221800000,2.0163636363636366
linear,110000000,240000000,,,,,115000000,221800000,1.9286956521739131
linear,110000000,240000000,,,,,120000000,221800000,1.8483333333333334
linear,110000000,240000000,,,,,125000000,221800000,1.7744
linear,110000000,240000000,,,,,130000000,221800000,1.7061538461538461
linear,110000000,250000000,,,,,100000000,228600000,2.286
linear,110000000,250000000,,,,,105000000,228600000,2.177142857142857
linear,110000000,250000000,,,,,110000000,228600000,2.078181818181818
linear,110000000,250000000,,,,,115000000,228600000,1.9878260869565216
linear,110000000,250000000,,,,,120000000,228600000,1.905
linear,110000000,250000000,,,,,125000000,228600000,1.8288
linear,110000000,250000000,,,,,130000000,228600000,1.7584615384615385
linear,110000000,260000000,,,,,100000000,235400000,2.354
linear,110000000,260000000,,,,,105000000,235400000,2.241904761904762
linear,110000000,260000000,,,,,110000000,235400000,2.14
linear,110000000,260000000,,,,,115000000,235400000,2.0469565217391303
linear,110000000,260000000,,,,,120000000,235400000,1.9616666666666667
linear,110000000,260000000,,,,,125000000,235400000,1.8832
linear,110000000,260000000,,,,,130000000,235400000,1.8107692307692307
linear,110000000,270000000,,,,,100000000,242200000,2.422
linear,110000000,270000000,,,,,105000000,242200000,2.3066666666666666
linear,110000000,270000000,,,,,110000000,242200000,2.2018181818181817
linear,110000000,270000000,,,,,115000000,242200000,2.106086956521739
linear,110000000,270000000,,,,,120000000,242200000,2.0183333333333335
linear,110000000,270000000,,,,,125000000,242200000,1.9376
linear,110000000,270000000,,,,,130000000,242200000,1.863076923076923
linear,110000000,280000000,,,,,100000000,248800000,2.488
linear,110000000,280000000,,,,,105000000,248800000,2.3695238095238094
linear,110000000,280000000,,,,,110000000,248800000,2.2618181818181817
linear,110000000,280000000,,,,,115000000,248800000,2.163478260869565
linear,110000000,280000000,,,,,120000000,248800000,2.0733333333333333
linear,110000000,280000000,,,,,125000000,248800000,1.9904
linear,110000000,280000000,,,,,130000000,248800000,1.9138461538461538
linear,110000000,290000000,,,,,100000000,255600000,2.556
linear,110000000,290000000,,,,,105000000,255600000,2.434285714285714
linear,110000000,290000000,,,,,110000000,255600000,2.3236363636363637
linear,110000000,290000000,,,,,115000000,255600000,2.222608695652174
linear,110000000,290000000,,,,,120000000,255600000,2.13
linear,110000000,290000000,,,,,125000000,255600000,2.0448
linear,110000000,290000000,,,,,130000000,255600000,1.9661538461538461
linear,110000000,300000000,,,,,100000000,262400000,2.624
linear,110000000,300000000,,,,,105000000,262400000,2.499047619047619
linear,110000000,300000000,,,,,110000000,262400000,2.3854545454545453
linear,110000000,300000000,,,,,115000000,262400000,2.2817391304347825
linear,110000000,300000000,,,,,120000000,262400000,2.1866666666666665
linear,110000000,300000000,,,,,125000000,262400000,2.0992
linear,110000000,300000000,,,,,130000000,262400000,2.0184615384615383
linear,120000000,100000000,,,,,100000000,132600000,1.326
linear,120000000,100000000,,,,,105000000,132600000,1.262857142857143
linear,120000000,100000000,,,,,110000000,132600000,1.2054545454545456
linear,120000000,100000000,,,,,115000000,132600000,1.1530434782608696
linear,120000000,100000000,,,,,120000000,132600000,1.105
linear,120000000,100000000,,,,,125000000,132600000,1.0608
linear,120000000,100000000,,,,,130000000,132600000,1.02
linear,120000000,110000000,,,,,100000000,139500000,1.395
linear,120000000,110000000,,,,,105000000,139500000,1.3285714285714285
linear,120000000,110000000,,,,,110000000,139500000,1.268181818181818
linear,120000000,110000000,,,,,115000000,139500000,1.2130434782608697
linear,120000000,110000000,,,,,120000000,139500000,1.1625
linear,120000000,110000000,,,,,125000000,139500000,1.116
linear,120000000,110000000,,,,,130000000,139500000,1.073076923076923
linear,120000000,120000000,,,,,100000000,146100000,1.461
linear,120000000,120000000,,,,,105000000,146100000,1.3914285714285715
linear,120000000,120000000,,,,,110000000,146100000,1.3281818181818181
linear,120000000,120000000,,,,,115000000,146100000,1.2704347826086957
linear,120000000,120000000,,,,,120000000,146100000,1.2175
linear,120000000,120000000,,,,,125000000,146100000,1.1688
linear,120000000,120000000,,,,,130000000,146100000,1.123846153846154
linear,120000000,130000000,,,,,100000000,152900000,1.529
linear,120000000,130000000,,,,,105000000,152900000,1.4561904761904763
linear,120000000,130000000,,,,,110000000,152900000,1.39
linear,120000000,130000000,,,,,115000000,152900000,1.3295652173913044
linear,120000000,130000000,,,,,120000000,152900000,1.2741666666666667
linear,120000000,130000000,,,,,125000000,152900000,1.2232
linear,120000000,130000000,,,,,130000000,152900000,1.176153846153846
linear,120000000,140000000,,,,,100000000,159700000,1.597
linear,120000000,140000000,,,,,105000000,159700000,1.520952380952381
linear,120000000,140000000,,,,,110000000,159700000,1.451818181818182
linear,120000000,140000000,,,,,115000000,159700000,1.388695652173913
linear,120000000,140000000,,,,,120000000,159700000,1.3308333333333333
linear,120000000,140000000,,,,,125000000,159700000,1.2776
linear,120000000,140000000,,,,,130000000,159700000,1.2284615384615385
linear,120000000,150000000,,,,,100000000,166400000,1.664
linear,120000000,150000000,,,,,105000000,166400000,1.5847619047619048
linear,120000000,150000000,,,,,110000000,166400000,1.5127272727272727
linear,120000000,150000000,,,,,115000000,166400000,1.4469565217391305
linear,120000000,150000000,,,,,120000000,166400000,1.3866666666666667
linear,120000000,150000000,,,,,125000000,166400000,1.3312
linear,120000000,150000000,,,,,130000000,166400000,1.28
linear,120000000,160000000,,,,,100000000,173200000,1.732
linear,120000000,160000000,,,,,105000000,173200000,1.6495238095238096
linear,120000000,160000000,,,,,110000000,173200000,1.5745454545454545
linear,120000000,160000000,,,,,115000000,173200000,1.5060869565217392
linear,120000000,160000000,,,,,120000000,173200000,1.4433333333333334
linear,120000000,160000000,,,,,125000000,173200000,1.3856
linear,120000000,160000000,,,,,130000000,173200000,1.3323076923076924
linear,120000000,170000000,,,,,100000000,180000000,1.8
linear,120000000,170000000,,,,,105000000,180000000,1.7142857142857142
linear,120000000,170000000,,,,,110000000,180000000,1.6363636363636365
linear,120000000,170000000,,,,,115000000,180000000,1.565217391304348
linear,120000000,170000000,,,,,120000000,180000000,1.5
linear,120000000,170000000,,,,,125000000,180000000,1.44
linear,120000000,170000000,,,,,130000000,180000000,1.3846153846153846
linear,120000000,180000000,,,,,100000000,186800000,1.868
linear,120000000,180000000,,,,,105000000,186800000,1.779047619047619
linear,120000000,180000000,,,,,110000000,186800000,1.6981818181818182
linear,120000000,180000000,,,,,115000000,186800000,1.6243478260869566
linear,120000000,180000000,,,,,120000000,186800000,1.5566666666666666
linear,120000000,180000000,,,,,125000000,186800000,1.4944
linear,120000000,180000000,,,,,130000000,186800000,1.436923076923077
linear,120000000,190000000,,,,,100000000,193500000,1.935
linear,120000000,190000000,,,,,105000000,193500000,1.8428571428571427
linear,120000000,190000000,,,,,110000000,193500000,1.759090909090909
linear,120000000,190000000,,,,,115000000,193500000,1.682608695652174
linear,120000000,190000000,,,,,120000000,193500000,1.6125
linear,120000000,190000000,,,,,125000000,193500000,1.548
linear,120000000,190000000,,,,,130000000,193500000,1.4884615384615385
linear,120000000,200000000,,,,,100000000,200300000,2.003
linear,120000000,200000000,,,,,105000000,200300000,1.9076190476190475
linear,120000000,200000000,,,,,110000000,200300000,1.8209090909090908
linear,120000000,200000000,,,,,115000000,200300000,1.7417391304347827
linear,120000000,200000000,,,,,120000000,200300000,1.6691666666666667
linear,120000000,200000000,,,,,125000000,200300000,1.6024
linear,120000000,200000000,,,,,130000000,200300000,1.5407692307692307
linear,120000000,210000000,,,,,100000000,207000000,2.07
linear,120000000,210000000,,,,,105000000,207000000,1.9714285714285715
linear,120000000,210000000,,,,,110000000,207000000,1.8818181818181818
linear,120000000,210000000,,,,,115000000,207000000,1.8
linear,120000000,210000000,,,,,120000000,207000000,1.725
linear,120000000,210000000,,,,,125000000,207000000,1.656
linear,120000000,210000000,,,,,130000000,207000000,1.5923076923076922
linear,120000000,220000000,,,,,100000000,213700000,2.137
linear,120000000,220000000,,,,,105000000,213700000,2.0352380952380953
linear,120000000,220000000,,,,,110000000,213700000,1.9427272727272726
linear,120000000,220000000,,,,,115000000,213700000,1.8582608695652174
linear,120000000,220000000,,,,,120000000,213700000,1.7808333333333333
linear,120000000,220000000,,,,,125000000,213700000,1.7096
linear,120000000,220000000,,,,,130000000,213700000,1.643846153846154
linear,120000000,230000000,,,,,100000000,220600000,2.206
linear,120000000,230000000,,,,,105000000,220600000,2.100952380952381
linear,120000000,230000000,,,,,110000000,220600000,2.0054545454545454
linear,120000000,230000000,,,,,115000000,220600000,1.9182608695652175
linear,120000000,230000000,,,,,120000000,220600000,1.8383333333333334
linear,120000000,230000000,,,,,125000000,220600000,1.7648
linear,120000000,230000000,,,,,130000000,220600000,1.696923076923077
linear,120000000,240000000,,,,,100000000,227300000,2.273
linear,120000000,240000000,,,,,105000000,227300000,2.164761904761905
linear,120000000,240000000,,,,,110000000,227300000,2.0663636363636364
linear,120000000,240000000,,,,,115000000,227300000,1.9765217391304348
linear,120000000,240000000,,,,,120000000,227300000,1.8941666666666668
linear,120000000,240000000,,,,,125000000,227300000,1.8184
linear,120000000,240000000,,,,,130000000,227300000,1.7484615384615385
linear,120000000,250000000,,,,,100000000,234100000,2.341
linear,120000000,250000000,,,,,105000000,234100000,2.2295238095238097
linear,120000000,250000000,,,,,110000000,234100000,2.1281818181818184
linear,120000000,250000000,,,,,115000000,234100000,2.0356521739130433
linear,120000000,250000000,,,,,120000000,234100000,1.9508333333333334
linear,120000000,250000000,,,,,125000000,234100000,1.8728
linear,120000000,250000000,,,,,130000000,234100000,1.8007692307692307
linear,120000000,260000000,,,,,100000000,240900000,2.409
linear,120000000,260000000,,,,,105000000,240900000,2.2942857142857145
linear,120000000,260000000,,,,,110000000,240900000,2.19
linear,120000000,260000000,,,,,115000000,240900000,2.094782608695652
linear,120000000,260000000,,,,,120000000,240900000,2.0075
linear,120000000,260000000,,,,,125000000,240900000,1.9272
linear,120000000,260000000,,,,,130000000,240900000,1.853076923076923
linear,120000000,270000000,,,,,100000000,247700000,2.477
linear,120000000,270000000,,,,,105000000,247700000,2.359047619047619
linear,120000000,270000000,,,,,110000000,247700000,2.251818181818182
linear,120000000,270000000,,,,,115000000,247700000,2.1539130434782607
linear,120000000,270000000,,,,,120000000,247700000,2.0641666666666665
linear,120000000,270000000,,,,,125000000,247700000,1.9816
linear,120000000,270000000,,,,,130000000,247700000,1.9053846153846155
linear,120000000,280000000,,,,,100000000,254300000,2.543
linear,120000000,280000000,,,,,105000000,254300000,2.421904761904762
linear,120000000,280000000,,,,,110000000,254300000,2.311818181818182
linear,120000000,280000000,,,,,115000000,254300000,2.2113043478260868
linear,120000000,280000000,,,,,120000000,254300000,2.1191666666666666
linear,120000000,280000000,,,,,125000000,254300000,2.0344
linear,120000000,280000000,,,,,130000000,254300000,1.9561538461538461
linear,120000000,290000000,,,,,100000000,261100000,2.611
linear,120000000,290000000,,,,,105000000,261100000,2.486666666666667
linear,120000000,290000000,,,,,110000000,261100000,2.3736363636363635
linear,120000000,290000000,,,,,115000000,261100000,2.2704347826086955
linear,120000000,290000000,,,,,120000000,261100000,2.1758333333333333
linear,120000000,290000000,,,,,125000000,261100000,2.0888
linear,120000000,290000000,,,,,130000000,261100000,2.0084615384615385
linear,120000000,300000000,,,,,100000000,267900000,2.679
linear,120000000,300000000,,,,,105000000,267900000,2.5514285714285716
linear,120000000,300000000,,,,,110000000,267900000,2.4354545454545455
linear,120000000,300000000,,,,,115000000,267900000,2.329565217391304
linear,120000000,300000000,,,,,120000000,267900000,2.2325
linear,120000000,300000000,,,,,125000000,267900000,2.1432
linear,120000000,300000000,,,,,130000000,267900000,2.060769230769231
linear,130000000,100000000,,,,,100000000,138000000,1.38
linear,130000000,100000000,,,,,105000000,138000000,1.3142857142857143
linear,130000000,100000000,,,,,110000000,138000000,1.2545454545454546
linear,130000000,100000000,,,,,115000000,138000000,1.2
linear,130000000,100000000,,,,,120000000,138000000,1.15
linear,130000000,100000000,,,,,125000000,138000000,1.104
linear,130000000,100000000,,,,,130000000,138000000,1.0615384615384615
linear,130000000,110000000,,,,,100000000,144900000,1.449
linear,130000000,110000000,,,,,105000000,144900000,1.38
linear,130000000,110000000,,,,,110000000,144900000,1.3172727272727274
linear,130000000,110000000,,,,,115000000,144900000,1.26
linear,130000000,110000000,,,,,120000000,144900000,1.2075
linear,130000000,110000000,,,,,125000000,144900000,1.1592
linear,130000000,110000000,,,,,130000000,144900000,1.1146153846153846
linear,130000000,120000000,,,,,100000000,151500000,1.515
linear,130000000,120000000,,,,,105000000,151500000,1.4428571428571428
linear,130000000,120000000,,,,,110000000,151500000,1.3772727272727272
linear,130000000,120000000,,,,,115000000,151500000,1.317391304347826
linear,130000000,120000000,,,,,120000000,151500000,1.2625
linear,130000000,120000000,,,,,125000000,151500000,1.212
linear,130000000,120000000,,,,,130000000,151500000,1.1653846153846155
linear,130000000,130000000,,,,,100000000,158300000,1.583
linear,130000000,130000000,,,,,105000000,158300000,1.5076190476190476
linear,130000000,130000000,,,,,110000000,158300000,1.4390909090909092
linear,130000000,130000000,,,,,115000000,158300000,1.3765217391304347
linear,130000000,130000000,,,,,120000000,158300000,1.3191666666666666
linear,130000000,130000000,,,,,125000000,158300000,1.2664
linear,130000000,130000000,,,,,130000000,158300000,1.2176923076923076
linear,130000000,140000000,,,,,100000000,165100000,1.651
linear,130000000,140000000,,,,,105000000,165100000,1.5723809523809524
linear,130000000,140000000,,,,,110000000,165100000,1.500909090909091
linear,130000000,140000000,,,,,115000000,165100000,1.4356521739130435
linear,130000000,140000000,,,,,120000000,165100000,1.3758333333333332
linear,130000000,140000000,,,,,125000000,165100000,1.3208
linear,130000000,140000000,,,,,130000000,165100000,1.27
linear,130000000,150000000,,,,,100000000,171800000,1.718
linear,130000000,150000000,,,,,105000000,171800000,1.6361904761904762
linear,130000000,150000000,,,,,110000000,171800000,1.5618181818181818
linear,130000000,150000000,,,,,115000000,171800000,1.4939130434782608
linear,130000000,150000000,,,,,120000000,171800000,1.4316666666666666
linear,130000000,150000000,,,,,125000000,171800000,1.3744
linear,130000000,150000000,,,,,130000000,171800000,1.3215384615384616
linear,130000000,160000000,,,,,100000000,178600000,1.786
linear,130000000,160000000,,,,,105000000,178600000,1.700952380952381
linear,130000000,160000000,,,,,110000000,178600000,1.6236363636363635
linear,130000000,160000000,,,,,115000000,178600000,1.5530434782608695
linear,130000000,160000000,,,,,120000000,178600000,1.4883333333333333
linear,130000000,160000000,,,,,125000000,178600000,1.4288
linear,130000000,160000000,,,,,130000000,178600000,1.373846153846154
linear,130000000,170000000,,,,,100000000,185400000,1.854
linear,130000000,170000000,,,,,105000000,185400000,1.7657142857142858
linear,130000000,170000000,,,,,110000000,185400000,1.6854545454545455
linear,130000000,170000000,,,,,115000000,185400000,1.6121739130434782
linear,130000000,170000000,,,,,120000000,185400000,1.545
linear,130000000,170000000,,,,,125000000,185400000,1.4832
linear,130000000,170000000,,,,,130000000,185400000,1.426153846153846
linear,130000000,180000000,,,,,100000000,192200000,1.922
linear,130000000,180000000,,,,,105000000,192200000,1.8304761904761904
linear,130000000,180000000,,,,,110000000,192200000,1.7472727272727273
linear,130000000,180000000,,,,,115000000,192200000,1.671304347826087
linear,130000000,180000000,,,,,120000000,192200000,1.6016666666666666
linear,130000000,180000000,,,,,125000000,192200000,1.5376
linear,130000000,180000000,,,,,130000000,192200000,1.4784615384615385
linear,130000000,190000000,,,,,100000000,198900000,1.989
linear,130000000,190000000,,,,,105000000,198900000,1.8942857142857144
linear,130000000,190000000,,,,,110000000,198900000,1.8081818181818181
linear,130000000,190000000,,,,,115000000,198900000,1.7295652173913043
linear,130000000,190000000,,,,,120000000,198900000,1.6575
linear,130000000,190000000,,,,,125000000,198900000,1.5912
linear,130000000,190000000,,,,,130000000,198900000,1.53
linear,130000000,200000000,,,,,100000000,205700000,2.057
linear,130000000,200000000,,,,,105000000,205700000,1.9590476190476191
linear,130000000,200000000,,,,,110000000,205700000,1.87
linear,130000000,200000000,,,,,115000000,205700000,1.788695652173913
linear,130000000,200000000,,,,,120000000,205700000,1.7141666666666666
linear,130000000,200000000,,,,,125000000,205700000,1.6456
linear,130000000,200000000,,,,,130000000,205700000,1.5823076923076924
linear,130000000,210000000,,,,,100000000,212400000,2.124
linear,130000000,210000000,,,,,105000000,212400000,2.0228571428571427
linear,130000000,210000000,,,,,110000000,212400000,1.930909090909091
linear,130000000,210000000,,,,,115000000,212400000,1.8469565217391304
linear,130000000,210000000,,,,,120000000,212400000,1.77
linear,130000000,210000000,,,,,125000000,212400000,1.6992
linear,130000000,210000000,,,,,130000000,212400000,1.633846153846154
linear,130000000,220000000,,,,,100000000,219100000,2.191
linear,130000000,220000000,,,,,105000000,219100000,2.0866666666666664
linear,130000000,220000000,,,,,110000000,219100000,1.9918181818181817
linear,130000000,220000000,,,,,115000000,219100000,1.9052173913043478
linear,130000000,220000000,,,,,120000000,219100000,1.8258333333333334
linear,130000000,220000000,,,,,125000000,219100000,1.7528
linear,130000000,220000000,,,,,130000000,219100000,1.6853846153846155
linear,130000000,230000000,,,,,100000000,226000000,2.26
linear,130000000,230000000,,,,,105000000,226000000,2.1523809523809523
linear,130000000,230000000,,,,,110000000,226000000,2.0545454545454547
linear,130000000,230000000,,,,,115000000,226000000,1.9652173913043478
linear,130000000,230000000,,,,,120000000,226000000,1.8833333333333333
linear,130000000,230000000,,,,,125000000,226000000,1.808
linear,130000000,230000000,,,,,130000000,226000000,1.7384615384615385
linear,130000000,240000000,,,,,100000000,232700000,2.327
linear,130000000,240000000,,,,,105000000,232700000,2.216190476190476
linear,130000000,240000000,,,,,110000000,232700000,2.1154545454545453
linear,130000000,240000000,,,,,115000000,232700000,2.0234782608695654
linear,130000000,240000000,,,,,120000000,232700000,1.9391666666666667
linear,130000000,240000000,,,,,125000000,232700000,1.8616
linear,130000000,240000000,,,,,130000000,232700000,1.79
linear,130000000,250000000,,,,,100000000,239500000,2.395
linear,130000000,250000000,,,,,105000000,239500000,2.280952380952381
linear,130000000,250000000,,,,,110000000,239500000,2.1772727272727272
linear,130000000,250000000,,,,,115000000,239500000,2.082608695652174
linear,130000000,250000000,,,,,120000000,239500000,1.9958333333333333
linear,130000000,250000000,,,,,125000000,239500000,1.916
linear,130000000,250000000,,,,,130000000,239500000,1.8423076923076922
linear,130000000,260000000,,,,,100000000,246300000,2.463
linear,130000000,260000000,,,,,105000000,246300000,2.3457142857142856
linear,130000000,260000000,,,,,110000000,246300000,2.2390909090909092
linear,130000000,260000000,,,,,115000000,246300000,2.141739130434783
linear,130000000,260000000,,,,,120000000,246300000,2.0525
linear,130000000,260000000,,,,,125000000,246300000,1.9704
linear,130000000,260000000,,,,,130000000,246300000,1.8946153846153846
linear,130000000,270000000,,,,,100000000,253100000,2.531
linear,130000000,270000000,,,,,105000000,253100000,2.4104761904761904
linear,130000000,270000000,,,,,110000000,253100000,2.300909090909091
linear,130000000,270000000,,,,,115000000,253100000,2.2008695652173915
linear,130000000,270000000,,,,,120000000,253100000,2.109166666666667
linear,130000000,270000000,,,,,125000000,253100000,2.0248
linear,130000000,270000000,,,,,130000000,253100000,1.946923076923077
linear,130000000,280000000,,,,,100000000,259700000,2.597
linear,130000000,280000000,,,,,105000000,259700000,2.473333333333333
linear,130000000,280000000,,,,,110000000,259700000,2.360909090909091
linear,130000000,280000000,,,,,115000000,259700000,2.2582608695652175
linear,130000000,280000000,,,,,120000000,259700000,2.1641666666666666
linear,130000000,280000000,,,,,125000000,259700000,2.0776
linear,130000000,280000000,,,,,130000000,259700000,1.9976923076923077
linear,130000000,290000000,,,,,100000000,266500000,2.665
linear,130000000,290000000,,,,,105000000,266500000,2.538095238095238
linear,130000000,290000000,,,,,110000000,266500000,2.422727272727273
linear,130000000,290000000,,,,,115000000,266500000,2.3173913043478263
linear,130000000,290000000,,,,,120000000,266500000,2.220833333333333
linear,130000000,290000000,,,,,125000000,266500000,2.132
linear,130000000,290000000,,,,,130000000,266500000,2.05
linear,130000000,300000000,,,,,100000000,273300000,2.733
linear,130000000,300000000,,,,,105000000,273300000,2.6028571428571428
linear,130000000,300000000,,,,,110000000,273300000,2.4845454545454544
linear,130000000,300000000,,,,,115000000,273300000,2.376521739130435
linear,130000000,300000000,,,,,120000000,273300000,2.2775
linear,130000000,300000000,,,,,125000000,273300000,2.1864
linear,130000000,300000000,,,,,130000000,273300000,2.102307692307692
linear,140000000,100000000,,,,,100000000,143300000,1.433
linear,140000000,100000000,,,,,105000000,143300000,1.3647619047619048
linear,140000000,100000000,,,,,110000000,143300000,1.3027272727272727
linear,140000000,100000000,,,,,115000000,143300000,1.2460869565217392
linear,140000000,100000000,,,,,120000000,143300000,1.1941666666666666
linear,140000000,100000000,,,,,125000000,143300000,1.1464
linear,140000000,100000000,,,,,130000000,143300000,1.1023076923076922
linear,140000000,110000000,,,,,100000000,150200000,1.502
linear,140000000,110000000,,,,,105000000,150200000,1.4304761904761905
linear,140000000,110000000,,,,,110000000,150200000,1.3654545454545455
linear,140000000,110000000,,,,,115000000,150200000,1.3060869565217392
linear,140000000,110000000,,,,,120000000,150200000,1.2516666666666667
linear,140000000,110000000,,,,,125000000,150200000,1.2016
linear,140000000,110000000,,,,,130000000,150200000,1.1553846153846155
linear,140000000,120000000,,,,,100000000,156800000,1.568
linear,140000000,120000000,,,,,105000000,156800000,1.4933333333333334
linear,140000000,120000000,,,,,110000000,156800000,1.4254545454545455
linear,140000000,120000000,,,,,115000000,156800000,1.3634782608695653
linear,140000000,120000000,,,,,120000000,156800000,1.3066666666666666
linear,140000000,120000000,,,,,125000000,156800000,1.2544
linear,140000000,120000000,,,,,130000000,156800000,1.2061538461538461
linear,140000000,130000000,,,,,100000000,163600000,1.636
linear,140000000,130000000,,,,,105000000,163600000,1.5580952380952382
linear,140000000,130000000,,,,,110000000,163600000,1.4872727272727273
linear,140000000,130000000,,,,,115000000,163600000,1.422608695652174
linear,140000000,130000000,,,,,120000000,163600000,1.3633333333333333
linear,140000000,130000000,,,,,125000000,163600000,1.3088
linear,140000000,130000000,,,,,130000000,163600000,1.2584615384615385
linear,140000000,140000000,,,,,100000000,170400000,1.704
linear,140000000,140000000,,,,,105000000,170400000,1.6228571428571428
linear,140000000,140000000,,,,,110000000,170400000,1.549090909090909
linear,140000000,140000000,,,,,115000000,170400000,1.4817391304347827
linear,140000000,140000000,,,,,120000000,170400000,1.42
linear,140000000,140000000,,,,,125000000,170400000,1.3632
linear,140000000,140000000,,,,,130000000,170400000,1.3107692307692307
linear,140000000,150000000,,,,,100000000,177100000,1.771
linear,140000000,150000000,,,,,105000000,177100000,1.6866666666666668
linear,140000000,150000000,,,,,110000000,177100000,1.61
linear,140000000,150000000,,,,,115000000,177100000,1.54
linear,140000000,150000000,,,,,120000000,177100000,1.4758333333333333
linear,140000000,150000000,,,,,125000000,177100000,1.4168
linear,140000000,150000000,,,,,130000000,177100000,1.3623076923076922
linear,140000000,160000000,,,,,100000000,183900000,1.839
linear,140000000,160000000,,,,,105000000,183900000,1.7514285714285713
linear,140000000,160000000,,,,,110000000,183900000,1.6718181818181819
linear,140000000,160000000,,,,,115000000,183900000,1.5991304347826087
linear,140000000,160000000,,,,,120000000,183900000,1.5325
linear,140000000,160000000,,,,,125000000,183900000,1.4712
linear,140000000,160000000,,,,,130000000,183900000,1.4146153846153846
linear,140000000,170000000,,,,,100000000,190700000,1.907
linear,140000000,170000000,,,,,105000000,190700000,1.8161904761904761
linear,140000000,170000000,,,,,110000000,190700000,1.7336363636363636
linear,140000000,170000000,,,,,115000000,190700000,1.6582608695652175
linear,140000000,170000000,,,,,120000000,190700000,1.5891666666666666
linear,140000000,170000000,,,,,125000000,190700000,1.5256
linear,140000000,170000000,,,,,130000000,190700000,1.466923076923077
linear,140000000,180000000,,,,,100000000,197500000,1.975
linear,140000000,180000000,,,,,105000000,197500000,1.880952380952381
linear,140000000,180000000,,,,,110000000,197500000,1.7954545454545454
linear,140000000,180000000,,,,,115000000,197500000,1.7173913043478262
linear,140000000,180000000,,,,,120000000,197500000,1.6458333333333333
linear,140000000,180000000,,,,,125000000,197500000,1.58
linear,140000000,180000000,,,,,130000000,197500000,1.5192307692307692
linear,140000000,190000000,,,,,100000000,204200000,2.042
linear,140000000,190000000,,,,,105000000,204200000,1.9447619047619047
linear,140000000,190000000,,,,,110000000,204200000,1.8563636363636364
linear,140000000,190000000,,,,,115000000,204200000,1.7756521739130435
linear,140000000,190000000,,,,,120000000,204200000,1.7016666666666667
linear,140000000,190000000,,,,,125000000,204200000,1.6336
linear,140000000,190000000,,,,,130000000,204200000,1.5707692307692307
linear,140000000,200000000,,,,,100000000,211000000,2.11
linear,140000000,200000000,,,,,105000000,211000000,2.0095238095238095
linear,140000000,200000000,,,,,110000000,211000000,1.9181818181818182
linear,140000000,200000000,,,,,115000000,211000000,1.8347826086956522
linear,140000000,200000000,,,,,120000000,211000000,1.7583333333333333
linear,140000000,200000000,,,,,125000000,211000000,1.688
linear,140000000,200000000,,,,,130000000,211000000,1.623076923076923
linear,140000000,210000000,,,,,100000000,217700000,2.177
linear,140000000,210000000,,,,,105000000,217700000,2.0733333333333333
linear,140000000,210000000,,,,,110000000,217700000,1.979090909090909
linear,140000000,210000000,,,,,115000000,217700000,1.8930434782608696
linear,140000000,210000000,,,,,120000000,217700000,1.8141666666666667
linear,140000000,210000000,,,,,125000000,217700000,1.7416
linear,140000000,210000000,,,,,130000000,217700000,1.6746153846153846
linear,140000000,220000000,,,,,100000000,224400000,2.244
linear,140000000,220000000,,,,,105000000,224400000,2.137142857142857
linear,140000000,220000000,,,,,110000000,224400000,2.04
linear,140000000,220000000,,,,,115000000,224400000,1.951304347826087
linear,140000000,220000000,,,,,120000000,224400000,1.87
linear,140000000,220000000,,,,,125000000,224400000,1.7952
linear,140000000,220000000,,,,,130000000,224400000,1.7261538461538461
linear,140000000,230000000,,,,,100000000,231300000,2.313
linear,140000000,230000000,,,,,105000000,231300000,2.202857142857143
linear,140000000,230000000,,,,,110000000,231300000,2.1027272727272726
linear,140000000,230000000,,,,,115000000,231300000,2.011304347826087
linear,140000000,230000000,,,,,120000000,231300000,1.9275
linear,140000000,230000000,,,,,125000000,231300000,1.8504
linear,140000000,230000000,,,,,130000000,231300000,1.7792307692307692
linear,140000000,240000000,,,,,100000000,238000000,2.38
linear,140000000,240000000,,,,,105000000,238000000,2.2666666666666666
linear,140000000,240000000,,,,,110000000,238000000,2.1636363636363636
linear,140000000,240000000,,,,,115000000,238000000,2.0695652173913044
linear,140000000,240000000,,,,,120000000,238000000,1.9833333333333334
linear,140000000,240000000,,,,,125000000,238000000,1.904
linear,140000000,240000000,,,,,130000000,238000000,1.8307692307692307
linear,140000000,250000000,,,,,100000000,244800000,2.448
linear,140000000,250000000,,,,,105000000,244800000,2.3314285714285714
linear,140000000,250000000,,,,,110000000,244800000,2.2254545454545456
linear,140000000,250000000,,,,,115000000,244800000,2.128695652173913
linear,140000000,250000000,,,,,120000000,244800000,2.04
linear,140000000,250000000,,,,,125000000,244800000,1.9584
linear,140000000,250000000,,,,,130000000,244800000,1.883076923076923
linear,140000000,260000000,,,,,100000000,251600000,2.516
linear,140000000,260000000,,,,,105000000,251600000,2.396190476190476
linear,140000000,260000000,,,,,110000000,251600000,2.287272727272727
linear,140000000,260000000,,,,,115000000,251600000,2.187826086956522
linear,140000000,260000000,,,,,120000000,251600000,2.0966666666666667
linear,140000000,260000000,,,,,125000000,251600000,2.0128
linear,140000000,260000000,,,,,130000000,251600000,1.9353846153846155
linear,140000000,270000000,,,,,100000000,258400000,2.584
linear,140000000,270000000,,,,,105000000,258400000,2.460952380952381
linear,140000000,270000000,,,,,110000000,258400000,2.349090909090909
linear,140000000,270000000,,,,,115000000,258400000,2.2469565217391305
linear,140000000,270000000,,,,,120000000,258400000,2.1533333333333333
linear,140000000,270000000,,,,,125000000,258400000,2.0672
linear,140000000,270000000,,,,,130000000,258400000,1.9876923076923076
linear,140000000,280000000,,,,,100000000,265000000,2.65
linear,140000000,280000000,,,,,105000000,265000000,2.5238095238095237
linear,140000000,280000000,,,,,110000000,265000000,2.409090909090909
linear,140000000,280000000,,,,,115000000,265000000,2.3043478260869565
linear,140000000,280000000,,,,,120000000,265000000,2.2083333333333335
linear,140000000,280000000,,,,,125000000,265000000,2.12
linear,140000000,280000000,,,,,130000000,265000000,2.0384615384615383
linear,140000000,290000000,,,,,100000000,271800000,2.718
linear,140000000,290000000,,,,,105000000,271800000,2.5885714285714285
linear,140000000,290000000,,,,,110000000,271800000,2.4709090909090907
linear,140000000,290000000,,,,,115000000,271800000,2.3634782608695653
linear,140000000,290000000,,,,,120000000,271800000,2.265
linear,140000000,290000000,,,,,125000000,271800000,2.1744
linear,140000000,290000000,,,,,130000000,271800000,2.0907692307692307
linear,140000000,300000000,,,,,100000000,278600000,2.786
linear,140000000,300000000,,,,,105000000,278600000,2.6533333333333333
linear,140000000,300000000,,,,,110000000,278600000,2.5327272727272727
linear,140000000,300000000,,,,,115000000,278600000,2.422608695652174
linear,140000000,300000000,,,,,120000000,278600000,2.3216666666666668
linear,140000000,300000000,,,,,125000000,278600000,2.2288
linear,140000000,300000000,,,,,130000000,278600000,2.143076923076923
linear,150000000,100000000,,,,,100000000,148800000,1.488
linear,150000000,100000000,,,,,105000000,148800000,1.417142857142857
linear,150000000,100000000,,,,,110000000,148800000,1.3527272727272728
linear,150000000,100000000,,,,,115000000,148800000,1.2939130434782609
linear,150000000,100000000,,,,,120000000,148800000,1.24
linear,150000000,100000000,,,,,125000000,148800000,1.1904
linear,150000000,100000000,,,,,130000000,148800000,1.1446153846153846
linear,150000000,110000000,,,,,100000000,155700000,1.557
linear,150000000,110000000,,,,,105000000,155700000,1.4828571428571429
linear,150000000,110000000,,,,,110000000,155700000,1.4154545454545455
linear,150000000,110000000,,,,,115000000,155700000,1.353913043478261
linear,150000000,110000000,,,,,120000000,155700000,1.2975
linear,150000000,110000000,,,,,125000000,155700000,1.2456
linear,150000000,110000000,,,,,130000000,155700000,1.1976923076923076
linear,150000000,120000000,,,,,100000000,162300000,1.623
linear,150000000,120000000,,,,,105000000,162300000,1.5457142857142858
linear,150000000,120000000,,,,,110000000,162300000,1.4754545454545454
linear,150000000,120000000,,,,,115000000,162300000,1.411304347826087
linear,150000000,120000000,,,,,120000000,162300000,1.3525
linear,150000000,120000000,,,,,125000000,162300000,1.2984
linear,150000000,120000000,,,,,130000000,162300000,1.2484615384615385
linear,150000000,130000000,,,,,100000000,169100000,1.691
linear,150000000,130000000,,,,,105000000,169100000,1.6104761904761904
linear,150000000,130000000,,,,,110000000,169100000,1.5372727272727273
linear,150000000,130000000,,,,,115000000,169100000,1.4704347826086956
linear,150000000,130000000,,,,,120000000,169100000,1.4091666666666667
linear,150000000,130000000,,,,,125000000,169100000,1.3528
linear,150000000,130000000,,,,,130000000,169100000,1.3007692307692307
linear,150000000,140000000,,,,,100000000,175900000,1.759
linear,150000000,140000000,,,,,105000000,175900000,1.6752380952380952
linear,150000000,140000000,,,,,110000000,175900000,1.5990909090909091
linear,150000000,140000000,,,,,115000000,175900000,1.5295652173913044
linear,150000000,140000000,,,,,120000000,175900000,1.4658333333333333
linear,150000000,140000000,,,,,125000000,175900000,1.4072
linear,150000000,140000000,,,,,130000000,175900000,1.353076923076923
linear,150000000,150000000,,,,,100000000,182600000,1.826
linear,150000000,150000000,,,,,105000000,182600000,1.739047619047619
linear,150000000,150000000,,,,,110000000,182600000,1.66
linear,150000000,150000000,,,,,115000000,182600000,1.5878260869565217
linear,150000000,150000000,,,,,120000000,182600000,1.5216666666666667
linear,150000000,150000000,,,,,125000000,182600000,1.4608
linear,150000000,150000000,,,,,130000000,182600000,1.4046153846153846
linear,150000000,160000000,,,,,100000000,189400000,1.894
linear,150000000,160000000,,,,,105000000,189400000,1.8038095238095238
linear,150000000,160000000,,,,,110000000,189400000,1.721818181818182
linear,150000000,160000000,,,,,115000000,189400000,1.6469565217391304
linear,150000000,160000000,,,,,120000000,189400000,1.5783333333333334
linear,150000000,160000000,,,,,125000000,189400000,1.5152
linear,150000000,160000000,,,,,130000000,189400000,1.456923076923077
linear,150000000,170000000,,,,,100000000,196200000,1.962
linear,150000000,170000000,,,,,105000000,196200000,1.8685714285714285
linear,150000000,170000000,,,,,110000000,196200000,1.7836363636363637
linear,150000000,170000000,,,,,115000000,196200000,1.7060869565217391
linear,150000000,170000000,,,,,120000000,196200000,1.635
linear,150000000,170000000,,,,,125000000,196200000,1.5696
linear,150000000,170000000,,,,,130000000,196200000,1.5092307692307692
linear,150000000,180000000,,,,,100000000,203000000,2.03
linear,150000000,180000000,,,,,105000000,203000000,1.9333333333333333
linear,150000000,180000000,,,,,110000000,203000000,1.8454545454545455
linear,150000000,180000000,,,,,115000000,203000000,1.7652173913043478
linear,150000000,180000000,,,,,120000000,203000000,1.6916666666666667
linear,150000000,180000000,,,,,125000000,203000000,1.624
linear,150000000,180000000,,,,,130000000,203000000,1.5615384615384615
linear,150000000,190000000,,,,,100000000,209700000,2.097
linear,150000000,190000000,,,,,105000000,209700000,1.997142857142857
linear,150000000,190000000,,,,,110000000,209700000,1.9063636363636363
linear,150000000,190000000,,,,,115000000,209700000,1.8234782608695652
linear,150000000,190000000,,,,,120000000,209700000,1.7475
linear,150000000,190000000,,,,,125000000,209700000,1.6776
linear,150000000,190000000,,,,,130000000,209700000,1.613076923076923
linear,150000000,200000000,,,,,100000000,216500000,2.165
linear,150000000,200000000,,,,,105000000,216500000,2.0619047619047617
linear,150000000,200000000,,,,,110000000,216500000,1.9681818181818183
linear,150000000,200000000,,,,,115000000,216500000,1.882608695652174
linear,150000000,200000000,,,,,120000000,216500000,1.8041666666666667
linear,150000000,200000000,,,,,125000000,216500000,1.732
linear,150000000,200000000,,,,,130000000,216500000,1.6653846153846155
linear,150000000,210000000,,,,,100000000,223200000,2.232
linear,150000000,210000000,,,,,105000000,223200000,2.125714285714286
linear,150000000,210000000,,,,,110000000,223200000,2.0290909090909093
linear,150000000,210000000,,,,,115000000,223200000,1.9408695652173913
linear,150000000,210000000,,,,,120000000,223200000,1.86
linear,150000000,210000000,,,,,125000000,223200000,1.7856
linear,150000000,210000000,,,,,130000000,223200000,1.716923076923077
linear,150000000,220000000,,,,,100000000,229900000,2.299
linear,150000000,220000000,,,,,105000000,229900000,2.1895238095238096
linear,150000000,220000000,,,,,110000000,229900000,2.09
linear,150000000,220000000,,,,,115000000,229900000,1.9991304347826087
linear,150000000,220000000,,,,,120000000,229900000,1.9158333333333333
linear,150000000,220000000,,,,,125000000,229900000,1.8392
linear,150000000,220000000,,,,,130000000,229900000,1.7684615384615385
linear,150000000,230000000,,,,,100000000,236800000,2.368
linear,150000000,230000000,,,,,105000000,236800000,2.255238095238095
linear,150000000,230000000,,,,,110000000,236800000,2.152727272727273
linear,150000000,230000000,,,,,115000000,236800000,2.0591304347826087
linear,150000000,230000000,,,,,120000000,236800000,1.9733333333333334
linear,150000000,230000000,,,,,125000000,236800000,1.8944
linear,150000000,230000000,,,,,130000000,236800000,1.8215384615384616
linear,150000000,240000000,,,,,100000000,243500000,2.435
linear,150000000,240000000,,,,,105000000,243500000,2.3190476190476192
linear,150000000,240000000,,,,,110000000,243500000,2.213636363636364
linear,150000000,240000000,,,,,115000000,243500000,2.117391304347826
linear,150000000,240000000,,,,,120000000,243500000,2.029166666666667
linear,150000000,240000000,,,,,125000000,243500000,1.948
linear,150000000,240000000,,,,,130000000,243500000,1.873076923076923
linear,150000000,250000000,,,,,100000000,250300000,2.503
linear,150000000,250000000,,,,,105000000,250300000,2.3838095238095236
linear,150000000,250000000,,,,,110000000,250300000,2.2754545454545454
linear,150000000,250000000,,,,,115000000,250300000,2.176521739130435
linear,150000000,250000000,,,,,120000000,250300000,2.0858333333333334
linear,150000000,250000000,,,,,125000000,250300000,2.0024
linear,150000000,250000000,,,,,130000000,250300000,1.9253846153846155
linear,150000000,260000000,,,,,100000000,257100000,2.571
linear,150000000,260000000,,,,,105000000,257100000,2.4485714285714284
linear,150000000,260000000,,,,,110000000,257100000,2.3372727272727274
linear,150000000,260000000,,,,,115000000,257100000,2.2356521739130435
linear,150000000,260000000,,,,,120000000,257100000,2.1425
linear,150000000,260000000,,,,,125000000,257100000,2.0568
linear,150000000,260000000,,,,,130000000,257100000,1.9776923076923076
linear,150000000,270000000,,,,,100000000,263900000,2.639
linear,150000000,270000000,,,,,105000000,263900000,2.513333333333333
linear,150000000,270000000,,,,,110000000,263900000,2.399090909090909
linear,150000000,270000000,,,,,115000000,263900000,2.294782608695652
linear,150000000,270000000,,,,,120000000,263900000,2.1991666666666667
linear,150000000,270000000,,,,,125000000,263900000,2.1112
linear,150000000,270000000,,,,,130000000,263900000,2.03
linear,150000000,280000000,,,,,100000000,270500000,2.705
linear,150000000,280000000,,,,,105000000,270500000,2.5761904761904764
linear,150000000,280000000,,,,,110000000,270500000,2.459090909090909
linear,150000000,280000000,,,,,115000000,270500000,2.3521739130434782
linear,150000000,280000000,,,,,120000000,270500000,2.254166666666667
linear,150000000,280000000,,,,,125000000,270500000,2.164
linear,150000000,280000000,,,,,130000000,270500000,2.080769230769231
linear,150000000,290000000,,,,,100000000,277300000,2.773
linear,150000000,290000000,,,,,105000000,277300000,2.640952380952381
linear,150000000,290000000,,,,,110000000,277300000,2.520909090909091
linear,150000000,290000000,,,,,115000000,277300000,2.411304347826087
linear,150000000,290000000,,,,,120000000,277300000,2.3108333333333335
linear,150000000,290000000,,,,,125000000,277300000,2.2184
linear,150000000,290000000,,,,,130000000,277300000,2.133076923076923
linear,150000000,300000000,,,,,100000000,284100000,2.841
linear,150000000,300000000,,,,,105000000,284100000,2.7057142857142855
linear,150000000,300000000,,,,,110000000,284100000,2.5827272727272725
linear,150000000,300000000,,,,,115000000,284100000,2.4704347826086956
linear,150000000,300000000,,,,,120000000,284100000,2.3675
linear,150000000,300000000,,,,,125000000,284100000,2.2728
linear,150000000,300000000,,,,,130000000,284100000,2.1853846153846153
linear,160000000,100000000,,,,,100000000,154200000,1.542
linear,160000000,100000000,,,,,105000000,154200000,1.4685714285714286
linear,160000000,100000000,,,,,110000000,154200000,1.4018181818181819
linear,160000000,100000000,,,,,115000000,154200000,1.3408695652173912
linear,160000000,100000000,,,,,120000000,154200000,1.285
linear,160000000,100000000,,,,,125000000,154200000,1.2336
linear,160000000,100000000,,,,,130000000,154200000,1.1861538461538461
linear,160000000,110000000,,,,,100000000,161100000,1.611
linear,160000000,110000000,,,,,105000000,161100000,1.5342857142857143
linear,160000000,110000000,,,,,110000000,161100000,1.4645454545454546
linear,160000000,110000000,,,,,115000000,161100000,1.4008695652173913
linear,160000000,110000000,,,,,120000000,161100000,1.3425
linear,160000000,110000000,,,,,125000000,161100000,1.2888
linear,160000000,110000000,,,,,130000000,161100000,1.2392307692307691
linear,160000000,120000000,,,,,100000000,167700000,1.677
linear,160000000,120000000,,,,,105000000,167700000,1.5971428571428572
linear,160000000,120000000,,,,,110000000,167700000,1.5245454545454546
linear,160000000,120000000,,,,,115000000,167700000,1.4582608695652175
linear,160000000,120000000,,,,,120000000,167700000,1.3975
linear,160000000,120000000,,,,,125000000,167700000,1.3416
linear,160000000,120000000,,,,,130000000,167700000,1.29
linear,160000000,130000000,,,,,100000000,174500000,1.745
linear,160000000,130000000,,,,,105000000,174500000,1.661904761904762
linear,160000000,130000000,,,,,110000000,174500000,1.5863636363636364
linear,160000000,130000000,,,,,115000000,174500000,1.517391304347826
linear,160000000,130000000,,,,,120000000,174500000,1.4541666666666666
linear,160000000,130000000,,,,,125000000,174500000,1.396
linear,160000000,130000000,,,,,130000000,174500000,1.3423076923076922
linear,160000000,140000000,,,,,100000000,181300000,1.813
linear,160000000,140000000,,,,,105000000,181300000,1.7266666666666666
linear,160000000,140000000,,,,,110000000,181300000,1.6481818181818182
linear,160000000,140000000,,,,,115000000,181300000,1.5765217391304347
linear,160000000,140000000,,,,,120000000,181300000,1.5108333333333333
linear,160000000,140000000,,,,,125000000,181300000,1.4504
linear,160000000,140000000,,,,,130000000,181300000,1.3946153846153846
linear,160000000,150000000,,,,,100000000,188000000,1.88
linear,160000000,150000000,,,,,105000000,188000000,1.7904761904761906
linear,160000000,150000000,,,,,110000000,188000000,1.709090909090909
linear,160000000,150000000,,,,,115000000,188000000,1.6347826086956523
linear,160000000,150000000,,,,,120000000,188000000,1.5666666666666667
linear,160000000,150000000,,,,,125000000,188000000,1.504
linear,160000000,150000000,,,,,130000000,188000000,1.4461538461538461
linear,160000000,160000000,,,,,100000000,194800000,1.948
linear,160000000,160000000,,,,,105000000,194800000,1.8552380952380951
linear,160000000,160000000,,,,,110000000,194800000,1.770909090909091
linear,160000000,160000000,,,,,115000000,194800000,1.6939130434782608
linear,160000000,160000000,,,,,120000000,194800000,1.6233333333333333
linear,160000000,160000000,,,,,125000000,194800000,1.5584
linear,160000000,160000000,,,,,130000000,194800000,1.4984615384615385
linear,160000000,170000000,,,,,100000000,201600000,2.016
linear,160000000,170000000,,,,,105000000,201600000,1.92
linear,160000000,170000000,,,,,110000000,201600000,1.8327272727272728
linear,160000000,170000000,,,,,115000000,201600000,1.7530434782608695
linear,160000000,170000000,,,,,120000000,201600000,1.68
linear,160000000,170000000,,,,,125000000,201600000,1.6128
linear,160000000,170000000,,,,,130000000,201600000,1.5507692307692307
linear,160000000,180000000,,,,,100000000,208400000,2.084
linear,160000000,180000000,,,,,105000000,208400000,1.9847619047619047
linear,160000000,180000000,,,,,110000000,208400000,1.8945454545454545
linear,160000000,180000000,,,,,115000000,208400000,1.8121739130434782
linear,160000000,180000000,,,,,120000000,208400000,1.7366666666666666
linear,160000000,180000000,,,,,125000000,208400000,1.6672
linear,160000000,180000000,,,,,130000000,208400000,1.603076923076923
linear,160000000,190000000,,,,,100000000,215100000,2.151
linear,160000000,190000000,,,,,105000000,215100000,2.0485714285714285
linear,160000000,190000000,,,,,110000000,215100000,1.9554545454545456
linear,160000000,190000000,,,,,115000000,215100000,1.8704347826086956
linear,160000000,190000000,,,,,120000000,215100000,1.7925
linear,160000000,190000000,,,,,125000000,215100000,1.7208
linear,160000000,190000000,,,,,130000000,215100000,1.6546153846153846
linear,160000000,200000000,,,,,100000000,221900000,2.219
linear,160000000,200000000,,,,,105000000,221900000,2.1133333333333333
linear,160000000,200000000,,,,,110000000,221900000,2.017272727272727
linear,160000000,200000000,,,,,115000000,221900000,1.9295652173913043
linear,160000000,200000000,,,,,120000000,221900000,1.8491666666666666
linear,160000000,200000000,,,,,125000000,221900000,1.7752
linear,160000000,200000000,,,,,130000000,221900000,1.706923076923077
linear,160000000,210000000,,,,,100000000,228600000,2.286
linear,160000000,210000000,,,,,105000000,228600000,2.177142857142857
linear,160000000,210000000,,,,,110000000,228600000,2.078181818181818
linear,160000000,210000000,,,,,115000000,228600000,1.9878260869565216
linear,160000000,210000000,,,,,120000000,228600000,1.905
linear,160000000,210000000,,,,,125000000,228600000,1.8288
linear,160000000,210000000,,,,,130000000,228600000,1.7584615384615385
linear,160000000,220000000,,,,,100000000,235300000,2.353
linear,160000000,220000000,,,,,105000000,235300000,2.240952380952381
linear,160000000,220000000,,,,,110000000,235300000,2.139090909090909
linear,160000000,220000000,,,,,115000000,235300000,2.046086956521739
linear,160000000,220000000,,,,,120000000,235300000,1.9608333333333334
linear,160000000,220000000,,,,,125000000,235300000,1.8824
linear,160000000,220000000,,,,,130000000,235300000,1.81
linear,160000000,230000000,,,,,100000000,242200000,2.422
linear,160000000,230000000,,,,,105000000,242200000,2.3066666666666666
linear,160000000,230000000,,,,,110000000,242200000,2.2018181818181817
linear,160000000,230000000,,,,,115000000,242200000,2.106086956521739
linear,160000000,230000000,,,,,120000000,242200000,2.0183333333333335
linear,160000000,230000000,,,,,125000000,242200000,1.9376
linear,160000000,230000000,,,,,130000000,242200000,1.863076923076923
linear,160000000,240000000,,,,,100000000,248900000,2.489
linear,160000000,240000000,,,,,105000000,248900000,2.3704761904761904
linear,160000000,240000000,,,,,110000000,248900000,2.2627272727272727
linear,160000000,240000000,,,,,115000000,248900000,2.1643478260869564
linear,160000000,240000000,,,,,120000000,248900000,2.0741666666666667
linear,160000000,240000000,,,,,125000000,248900000,1.9912
linear,160000000,240000000,,,,,130000000,248900000,1.9146153846153846
linear,160000000,250000000,,,,,100000000,255700000,2.557
linear,160000000,250000000,,,,,105000000,255700000,2.435238095238095
linear,160000000,250000000,,,,,110000000,255700000,2.3245454545454547
linear,160000000,250000000,,,,,115000000,255700000,2.223478260869565
linear,160000000,250000000,,,,,120000000,255700000,2.1308333333333334
linear,160000000,250000000,,,,,125000000,255700000,2.0456
linear,160000000,250000000,,,,,130000000,255700000,1.966923076923077
linear,160000000,260000000,,,,,100000000,262500000,2.625
linear,160000000,260000000,,,,,105000000,262500000,2.5
linear,160000000,260000000,,,,,110000000,262500000,2.3863636363636362
linear,160000000,260000000,,,,,115000000,262500000,2.282608695652174
linear,160000000,260000000,,,,,120000000,262500000,2.1875
linear,160000000,260000000,,,,,125000000,262500000,2.1
linear,160000000,260000000,,,,,130000000,262500000,2.019230769230769
linear,160000000,270000000,,,,,100000000,269300000,2.693
linear,160000000,270000000,,,,,105000000,269300000,2.564761904761905
linear,160000000,270000000,,,,,110000000,269300000,2.4481818181818182
linear,160000000,270000000,,,,,115000000,269300000,2.3417391304347825
linear,160000000,270000000,,,,,120000000,269300000,2.2441666666666666
linear,160000000,270000000,,,,,125000000,269300000,2.1544
linear,160000000,270000000,,,,,130000000,269300000,2.0715384615384616
linear,160000000,280000000,,,,,100000000,275900000,2.759
linear,160000000,280000000,,,,,105000000,275900000,2.6276190476190475
linear,160000000,280000000,,,,,110000000,275900000,2.5081818181818183
linear,160000000,280000000,,,,,115000000,275900000,2.3991304347826086
linear,160000000,280000000,,,,,120000000,275900000,2.299166666666667
linear,160000000,280000000,,,,,125000000,275900000,2.2072
linear,160000000,280000000,,,,,130000000,275900000,2.1223076923076922
linear,160000000,290000000,,,,,100000000,282700000,2.827
linear,160000000,290000000,,,,,105000000,282700000,2.6923809523809523
linear,160000000,290000000,,,,,110000000,282700000,2.57
linear,160000000,290000000,,,,,115000000,282700000,2.4582608695652173
linear,160000000,290000000,,,,,120000000,282700000,2.3558333333333334
linear,160000000,290000000,,,,,125000000,282700000,2.2616
linear,160000000,290000000,,,,,130000000,282700000,2.1746153846153846
linear,160000000,300000000,,,,,100000000,289500000,2.895
linear,160000000,300000000,,,,,105000000,289500000,2.757142857142857
linear,160000000,300000000,,,,,110000000,289500000,2.631818181818182
linear,160000000,300000000,,,,,115000000,289500000,2.517391304347826
linear,160000000,300000000,,,,,120000000,289500000,2.4125
linear,160000000,300000000,,,,,125000000,289500000,2.316
linear,160000000,300000000,,,,,130000000,289500000,2.226923076923077
linear,170000000,100000000,,,,,100000000,159800000,1.598
linear,170000000,100000000,,,,,105000000,159800000,1.5219047619047619
linear,170000000,100000000,,,,,110000000,159800000,1.4527272727272726
linear,170000000,100000000,,,,,115000000,159800000,1.3895652173913045
linear,170000000,100000000,,,,,120000000,159800000,1.3316666666666668
linear,170000000,100000000,,,,,125000000,159800000,1.2784
linear,170000000,100000000,,,,,130000000,159800000,1.2292307692307691
linear,170000000,110000000,,,,,100000000,166700000,1.667
linear,170000000,110000000,,,,,105000000,166700000,1.5876190476190477
linear,170000000,110000000,,,,,110000000,166700000,1.5154545454545454
linear,170000000,110000000,,,,,115000000,166700000,1.4495652173913043
linear,170000000,110000000,,,,,120000000,166700000,1.3891666666666667
linear,170000000,110000000,,,,,125000000,166700000,1.3336
linear,170000000,110000000,,,,,130000000,166700000,1.2823076923076924
linear,170000000,120000000,,,,,100000000,173300000,1.733
linear,170000000,120000000,,,,,105000000,173300000,1.6504761904761904
linear,170000000,120000000,,,,,110000000,173300000,1.5754545454545454
linear,170000000,120000000,,,,,115000000,173300000,1.5069565217391305
linear,170000000,120000000,,,,,120000000,173300000,1.4441666666666666
linear,170000000,120000000,,,,,125000000,173300000,1.3864
linear,170000000,120000000,,,,,130000000,173300000,1.333076923076923
linear,170000000,130000000,,,,,100000000,180100000,1.801
linear,170000000,130000000,,,,,105000000,180100000,1.7152380952380952
linear,170000000,130000000,,,,,110000000,180100000,1.6372727272727272
linear,170000000,130000000,,,,,115000000,180100000,1.5660869565217392
linear,170000000,130000000,,,,,120000000,180100000,1.5008333333333332
linear,170000000,130000000,,,,,125000000,180100000,1.4408
linear,170000000,130000000,,,,,130000000,180100000,1.3853846153846154
linear,170000000,140000000,,,,,100000000,186900000,1.869
linear,170000000,140000000,,,,,105000000,186900000,1.78
linear,170000000,140000000,,,,,110000000,186900000,1.699090909090909
linear,170000000,140000000,,,,,115000000,186900000,1.6252173913043477
linear,170000000,140000000,,,,,120000000,186900000,1.5575
linear,170000000,140000000,,,,,125000000,186900000,1.4952
linear,170000000,140000000,,,,,130000000,186900000,1.4376923076923076
linear,170000000,150000000,,,,,100000000,193600000,1.936
linear,170000000,150000000,,,,,105000000,193600000,1.8438095238095238
linear,170000000,150000000,,,,,110000000,193600000,1.76
linear,170000000,150000000,,,,,115000000,193600000,1.6834782608695653
linear,170000000,150000000,,,,,120000000,193600000,1.6133333333333333
linear,170000000,150000000,,,,,125000000,193600000,1.5488
linear,170000000,150000000,,,,,130000000,193600000,1.4892307692307691
linear,170000000,160000000,,,,,100000000,200400000,2.004
linear,170000000,160000000,,,,,105000000,200400000,1.9085714285714286
linear,170000000,160000000,,,,,110000000,200400000,1.8218181818181818
linear,170000000,160000000,,,,,115000000,200400000,1.742608695652174
linear,170000000,160000000,,,,,120000000,200400000,1.67
linear,170000000,160000000,,,,,125000000,200400000,1.6032
linear,170000000,160000000,,,,,130000000,200400000,1.5415384615384615
linear,170000000,170000000,,,,,100000000,207200000,2.072
linear,170000000,170000000,,,,,105000000,207200000,1.9733333333333334
linear,170000000,170000000,,,,,110000000,207200000,1.8836363636363636
linear,170000000,170000000,,,,,115000000,207200000,1.8017391304347825
linear,170000000,170000000,,,,,120000000,207200000,1.7266666666666666
linear,170000000,170000000,,,,,125000000,207200000,1.6576
linear,170000000,170000000,,,,,130000000,207200000,1.593846153846154
linear,170000000,180000000,,,,,100000000,214000000,2.14
linear,170000000,180000000,,,,,105000000,214000000,2.038095238095238
linear,170000000,180000000,,,,,110000000,214000000,1.9454545454545455
linear,170000000,180000000,,,,,115000000,214000000,1.8608695652173912
linear,170000000,180000000,,,,,120000000,214000000,1.7833333333333334
linear,170000000,180000000,,,,,125000000,214000000,1.712
linear,170000000,180000000,,,,,130000000,214000000,1.646153846153846
linear,170000000,190000000,,,,,100000000,220700000,2.207
linear,170000000,190000000,,,,,105000000,220700000,2.1019047619047617
linear,170000000,190000000,,,,,110000000,220700000,2.0063636363636363
linear,170000000,190000000,,,,,115000000,220700000,1.9191304347826086
linear,170000000,190000000,,,,,120000000,220700000,1.8391666666666666
linear,170000000,190000000,,,,,125000000,220700000,1.7656
linear,170000000,190000000,,,,,130000000,220700000,1.6976923076923076
linear,170000000,200000000,,,,,100000000,227500000,2.275
linear,170000000,200000000,,,,,105000000,227500000,2.1666666666666665
linear,170000000,200000000,,,,,110000000,227500000,2.0681818181818183
linear,170000000,200000000,,,,,115000000,227500000,1.9782608695652173
linear,170000000,200000000,,,,,120000000,227500000,1.8958333333333333
linear,170000000,200000000,,,,,125000000,227500000,1.82
linear,170000000,200000000,,,,,130000000,227500000,1.75
linear,170000000,210000000,,,,,100000000,234200000,2.342
linear,170000000,210000000,,,,,105000000,234200000,2.2304761904761903
linear,170000000,210000000,,,,,110000000,234200000,2.129090909090909
linear,170000000,210000000,,,,,115000000,234200000,2.0365217391304347
linear,170000000,210000000,,,,,120000000,234200000,1.9516666666666667
linear,170000000,210000000,,,,,125000000,234200000,1.8736
linear,170000000,210000000,,,,,130000000,234200000,1.8015384615384615
linear,170000000,220000000,,,,,100000000,240900000,2.409
linear,170000000,220000000,,,,,105000000,240900000,2.2942857142857145
linear,170000000,220000000,,,,,110000000,240900000,2.19
linear,170000000,220000000,,,,,115000000,240900000,2.094782608695652
linear,170000000,220000000,,,,,120000000,240900000,2.0075
linear,170000000,220000000,,,,,125000000,240900000,1.9272
linear,170000000,220000000,,,,,130000000,240900000,1.853076923076923
linear,170000000,230000000,,,,,100000000,247800000,2.478
linear,170000000,230000000,,,,,105000000,247800000,2.36
linear,170000000,230000000,,,,,110000000,247800000,2.252727272727273
linear,170000000,230000000,,,,,115000000,247800000,2.154782608695652
linear,170000000,230000000,,,,,120000000,247800000,2.065
linear,170000000,230000000,,,,,125000000,247800000,1.9824
linear,170000000,230000000,,,,,130000000,247800000,1.906153846153846
linear,170000000,240000000,,,,,100000000,254500000,2.545
linear,170000000,240000000,,,,,105000000,254500000,2.4238095238095236
linear,170000000,240000000,,,,,110000000,254500000,2.3136363636363635
linear,170000000,240000000,,,,,115000000,254500000,2.2130434782608694
linear,170000000,240000000,,,,,120000000,254500000,2.120833333333333
linear,170000000,240000000,,,,,125000000,254500000,2.036
linear,170000000,240000000,,,,,130000000,254500000,1.9576923076923076
linear,170000000,250000000,,,,,100000000,261300000,2.613
linear,170000000,250000000,,,,,105000000,261300000,2.4885714285714284
linear,170000000,250000000,,,,,110000000,261300000,2.3754545454545455
linear,170000000,250000000,,,,,115000000,261300000,2.272173913043478
linear,170000000,250000000,,,,,120000000,261300000,2.1775
linear,170000000,250000000,,,,,125000000,261300000,2.0904
linear,170000000,250000000,,,,,130000000,261300000,2.01
linear,170000000,260000000,,,,,100000000,268100000,2.681
linear,170000000,260000000,,,,,105000000,268100000,2.5533333333333332
linear,170000000,260000000,,,,,110000000,268100000,2.4372727272727275
linear,170000000,260000000,,,,,115000000,268100000,2.331304347826087
linear,170000000,260000000,,,,,120000000,268100000,2.234166666666667
linear,170000000,260000000,,,,,125000000,268100000,2.1448
linear,170000000,260000000,,,,,130000000,268100000,2.062307692307692
linear,170000000,270000000,,,,,100000000,274900000,2.749
linear,170000000,270000000,,,,,105000000,274900000,2.618095238095238
linear,170000000,270000000,,,,,110000000,274900000,2.499090909090909
linear,170000000,270000000,,,,,115000000,274900000,2.3904347826086956
linear,170000000,270000000,,,,,120000000,274900000,2.2908333333333335
linear,170000000,270000000,,,,,125000000,274900000,2.1992
linear,170000000,270000000,,,,,130000000,274900000,2.1146153846153846
linear,170000000,280000000,,,,,100000000,281500000,2.815
linear,170000000,280000000,,,,,105000000,281500000,2.6809523809523808
linear,170000000,280000000,,,,,110000000,281500000,2.559090909090909
linear,170000000,280000000,,,,,115000000,281500000,2.4478260869565216
linear,170000000,280000000,,,,,120000000,281500000,2.345833333333333
linear,170000000,280000000,,,,,125000000,281500000,2.252
linear,170000000,280000000,,,,,130000000,281500000,2.1653846153846152
linear,170000000,290000000,,,,,100000000,288300000,2.883
linear,170000000,290000000,,,,,105000000,288300000,2.7457142857142856
linear,170000000,290000000,,,,,110000000,288300000,2.620909090909091
linear,170000000,290000000,,,,,115000000,288300000,2.5069565217391303
linear,170000000,290000000,,,,,120000000,288300000,2.4025
linear,170000000,290000000,,,,,125000000,288300000,2.3064
linear,170000000,290000000,,,,,130000000,288300000,2.2176923076923076
linear,170000000,300000000,,,,,100000000,295100000,2.951
linear,170000000,300000000,,,,,105000000,295100000,2.8104761904761904
linear,170000000,300000000,,,,,110000000,295100000,2.6827272727272726
linear,170000000,300000000,,,,,115000000,295100000,2.566086956521739
linear,170000000,300000000,,,,,120000000,295100000,2.4591666666666665
linear,170000000,300000000,,,,,125000000,295100000,2.3608
linear,170000000,300000000,,,,,130000000,295100000,2.27
linear,180000000,100000000,,,,,100000000,165100000,1.651
linear,180000000,100000000,,,,,105000000,165100000,1.5723809523809524
linear,180000000,100000000,,,,,110000000,165100000,1.500909090909091
linear,180000000,100000000,,,,,115000000,165100000,1.4356521739130435
linear,180000000,100000000,,,,,120000000,165100000,1.3758333333333332
linear,180000000,100000000,,,,,125000000,165100000,1.3208
linear,180000000,100000000,,,,,130000000,165100000,1.27
linear,180000000,110000000,,,,,100000000,172000000,1.72
linear,180000000,110000000,,,,,105000000,172000000,1.638095238095238
linear,180000000,110000000,,,,,110000000,172000000,1.5636363636363637
linear,180000000,110000000,,,,,115000000,172000000,1.4956521739130435
linear,180000000,110000000,,,,,120000000,172000000,1.4333333333333333
linear,180000000,110000000,,,,,125000000,172000000,1.376
linear,180000000,110000000,,,,,130000000,172000000,1.323076923076923
linear,180000000,120000000,,,,,100000000,178600000,1.786
linear,180000000,120000000,,,,,105000000,178600000,1.700952380952381
linear,180000000,120000000,,,,,110000000,178600000,1.6236363636363635
linear,180000000,120000000,,,,,115000000,178600000,1.5530434782608695
linear,180000000,120000000,,,,,120000000,178600000,1.4883333333333333
linear,180000000,120000000,,,,,125000000,178600000,1.4288
linear,180000000,120000000,,,,,130000000,178600000,1.373846153846154
linear,180000000,130000000,,,,,100000000,185400000,1.854
linear,180000000,130000000,,,,,105000000,185400000,1.7657142857142858
linear,180000000,130000000,,,,,110000000,185400000,1.6854545454545455
linear,180000000,130000000,,,,,115000000,185400000,1.6121739130434782
linear,180000000,130000000,,,,,120000000,185400000,1.545
linear,180000000,130000000,,,,,125000000,185400000,1.4832
linear,180000000,130000000,,,,,130000000,185400000,1.426153846153846
linear,180000000,140000000,,,,,100000000,192200000,1.922
linear,180000000,140000000,,,,,105000000,192200000,1.8304761904761904
linear,180000000,140000000,,,,,110000000,192200000,1.7472727272727273
linear,180000000,140000000,,,,,115000000,192200000,1.671304347826087
linear,180000000,140000000,,,,,120000000,192200000,1.6016666666666666
linear,180000000,140000000,,,,,125000000,192200000,1.5376
linear,180000000,140000000,,,,,130000000,192200000,1.4784615384615385
linear,180000000,150000000,,,,,100000000,198900000,1.989
linear,180000000,150000000,,,,,105000000,198900000,1.8942857142857144
linear,180000000,150000000,,,,,110000000,198900000,1.8081818181818181
linear,180000000,150000000,,,,,115000000,198900000,1.7295652173913043
linear,180000000,150000000,,,,,120000000,198900000,1.6575
linear,180000000,150000000,,,,,125000000,198900000,1.5912
linear,180000000,150000000,,,,,130000000,198900000,1.53
linear,180000000,160000000,,,,,100000000,205700000,2.057
linear,180000000,160000000,,,,,105000000,205700000,1.9590476190476191
linear,180000000,160000000,,,,,110000000,205700000,1.87
linear,180000000,160000000,,,,,115000000,205700000,1.788695652173913
linear,180000000,160000000,,,,,120000000,205700000,1.7141666666666666
linear,180000000,160000000,,,,,125000000,205700000,1.6456
linear,180000000,160000000,,,,,130000000,205700000,1.5823076923076924
linear,180000000,170000000,,,,,100000000,212500000,2.125
linear,180000000,170000000,,,,,105000000,212500000,2.0238095238095237
linear,180000000,170000000,,,,,110000000,212500000,1.9318181818181819
linear,180000000,170000000,,,,,115000000,212500000,1.8478260869565217
linear,180000000,170000000,,,,,120000000,212500000,1.7708333333333333
linear,180000000,170000000,,,,,125000000,212500000,1.7
linear,180000000,170000000,,,,,130000000,212500000,1.6346153846153846
linear,180000000,180000000,,,,,100000000,219300000,2.193
linear,180000000,180000000,,,,,105000000,219300000,2.0885714285714285
linear,180000000,180000000,,,,,110000000,219300000,1.9936363636363637
linear,180000000,180000000,,,,,115000000,219300000,1.9069565217391304
linear,180000000,180000000,,,,,120000000,219300000,1.8275
linear,180000000,180000000,,,,,125000000,219300000,1.7544
linear,180000000,180000000,,,,,130000000,219300000,1.686923076923077
linear,180000000,190000000,,,,,100000000,226000000,2.26
linear,180000000,190000000,,,,,105000000,226000000,2.1523809523809523
linear,180000000,190000000,,,,,110000000,226000000,2.0545454545454547
linear,180000000,190000000,,,,,115000000,226000000,1.9652173913043478
linear,180000000,190000000,,,,,120000000,226000000,1.8833333333333333
linear,180000000,190000000,,,,,125000000,226000000,1.808
linear,180000000,190000000,,,,,130000000,226000000,1.7384615384615385
linear,180000000,200000000,,,,,100000000,232800000,2.328
linear,180000000,200000000,,,,,105000000,232800000,2.217142857142857
linear,180000000,200000000,,,,,110000000,232800000,2.1163636363636362
linear,180000000,200000000,,,,,115000000,232800000,2.0243478260869567
linear,180000000,200000000,,,,,120000000,232800000,1.94
linear,180000000,200000000,,,,,125000000,232800000,1.8624
linear,180000000,200000000,,,,,130000000,232800000,1.7907692307692307
linear,180000000,210000000,,,,,100000000,239500000,2.395
linear,180000000,210000000,,,,,105000000,239500000,2.280952380952381
linear,180000000,210000000,,,,,110000000,239500000,2.1772727272727272
linear,180000000,210000000,,,,,115000000,239500000,2.082608695652174
linear,180000000,210000000,,,,,120000000,239500000,1.9958333333333333
linear,180000000,210000000,,,,,125000000,239500000,1.916
linear,180000000,210000000,,,,,130000000,239500000,1.8423076923076922
linear,180000000,220000000,,,,,100000000,246200000,2.462
linear,180000000,220000000,,,,,105000000,246200000,2.3447619047619046
linear,180000000,220000000,,,,,110000000,246200000,2.2381818181818183
linear,180000000,220000000,,,,,115000000,246200000,2.1408695652173915
linear,180000000,220000000,,,,,120000000,246200000,2.0516666666666667
linear,180000000,220000000,,,,,125000000,246200000,1.9696
linear,180000000,220000000,,,,,130000000,246200000,1.893846153846154
linear,180000000,230000000,,,,,100000000,253100000,2.531
linear,180000000,230000000,,,,,105000000,253100000,2.4104761904761904
linear,180000000,230000000,,,,,110000000,253100000,2.300909090909091
linear,180000000,230000000,,,,,115000000,253100000,2.2008695652173915
linear,180000000,230000000,,,,,120000000,253100000,2.109166666666667
linear,180000000,230000000,,,,,125000000,253100000,2.0248
linear,180000000,230000000,,,,,130000000,253100000,1.946923076923077
linear,180000000,240000000,,,,,100000000,259800000,2.598
linear,180000000,240000000,,,,,105000000,259800000,2.474285714285714
linear,180000000,240000000,,,,,110000000,259800000,2.361818181818182
linear,180000000,240000000,,,,,115000000,259800000,2.259130434782609
linear,180000000,240000000,,,,,120000000,259800000,2.165
linear,180000000,240000000,,,,,125000000,259800000,2.0784
linear,180000000,240000000,,,,,130000000,259800000,1.9984615384615385
linear,180000000,250000000,,,,,100000000,266600000,2.666
linear,180000000,250000000,,,,,105000000,266600000,2.539047619047619
linear,180000000,250000000,,,,,110000000,266600000,2.423636363636364
linear,180000000,250000000,,,,,115000000,266600000,2.3182608695652176
linear,180000000,250000000,,,,,120000000,266600000,2.2216666666666667
linear,180000000,250000000,,,,,125000000,266600000,2.1328
linear,180000000,250000000,,,,,130000000,266600000,2.0507692307692307
linear,180000000,260000000,,,,,100000000,273400000,2.734
linear,180000000,260000000,,,,,105000000,273400000,2.603809523809524
linear,180000000,260000000,,,,,110000000,273400000,2.4854545454545454
linear,180000000,260000000,,,,,115000000,273400000,2.3773913043478263
linear,180000000,260000000,,,,,120000000,273400000,2.2783333333333333
linear,180000000,260000000,,,,,125000000,273400000,2.1872
linear,180000000,260000000,,,,,130000000,273400000,2.103076923076923
linear,180000000,270000000,,,,,100000000,280200000,2.802
linear,180000000,270000000,,,,,105000000,280200000,2.6685714285714286
linear,180000000,270000000,,,,,110000000,280200000,2.5472727272727274
linear,180000000,270000000,,,,,115000000,280200000,2.4365217391304346
linear,180000000,270000000,,,,,120000000,280200000,2.335
linear,180000000,270000000,,,,,125000000,280200000,2.2416
linear,180000000,270000000,,,,,130000000,280200000,2.1553846153846155
linear,180000000,280000000,,,,,100000000,286800000,2.868
linear,180000000,280000000,,,,,105000000,286800000,2.7314285714285713
linear,180000000,280000000,,,,,110000000,286800000,2.6072727272727274
linear,180000000,280000000,,,,,115000000,286800000,2.493913043478261
linear,180000000,280000000,,,,,120000000,286800000,2.39
linear,180000000,280000000,,,,,125000000,286800000,2.2944
linear,180000000,280000000,,,,,130000000,286800000,2.206153846153846
linear,180000000,290000000,,,,,100000000,293600000,2.936
linear,180000000,290000000,,,,,105000000,293600000,2.796190476190476
linear,180000000,290000000,,,,,110000000,293600000,2.669090909090909
linear,180000000,290000000,,,,,115000000,293600000,2.5530434782608697
linear,180000000,290000000,,,,,120000000,293600000,2.4466666666666668
linear,180000000,290000000,,,,,125000000,293600000,2.3488
linear,180000000,290000000,,,,,130000000,293600000,2.2584615384615385
linear,180000000,300000000,,,,,100000000,300400000,3.004
linear,180000000,300000000,,,,,105000000,300400000,2.860952380952381
linear,180000000,300000000,,,,,110000000,300400000,2.730909090909091
linear,180000000,300000000,,,,,115000000,300400000,2.6121739130434785
linear,180000000,300000000,,,,,120000000,300400000,2.5033333333333334
linear,180000000,300000000,,,,,125000000,300400000,2.4032
linear,180000000,300000000,,,,,130000000,300400000,2.310769230769231
linear,190000000,100000000,,,,,100000000,170400000,1.704
linear,190000000,100000000,,,,,105000000,170400000,1.6228571428571428
linear,190000000,100000000,,,,,110000000,170400000,1.549090909090909
linear,190000000,100000000,,,,,115000000,170400000,1.4817391304347827
linear,190000000,100000000,,,,,120000000,170400000,1.42
linear,190000000,100000000,,,,,125000000,170400000,1.3632
linear,190000000,100000000,,,,,130000000,170400000,1.3107692307692307
linear,190000000,110000000,,,,,100000000,177300000,1.773
linear,190000000,110000000,,,,,105000000,177300000,1.6885714285714286
linear,190000000,110000000,,,,,110000000,177300000,1.6118181818181818
linear,190000000,110000000,,,,,115000000,177300000,1.5417391304347825
linear,190000000,110000000,,,,,120000000,177300000,1.4775
linear,190000000,110000000,,,,,125000000,177300000,1.4184
linear,190000000,110000000,,,,,130000000,177300000,1.363846153846154
linear,190000000,120000000,,,,,100000000,183900000,1.839
linear,190000000,120000000,,,,,105000000,183900000,1.7514285714285713
linear,190000000,120000000,,,,,110000000,183900000,1.6718181818181819
linear,190000000,120000000,,,,,115000000,183900000,1.5991304347826087
linear,190000000,120000000,,,,,120000000,183900000,1.5325
linear,190000000,120000000,,,,,125000000,183900000,1.4712
linear,190000000,120000000,,,,,130000000,183900000,1.4146153846153846
linear,190000000,130000000,,,,,100000000,190700000,1.907
linear,190000000,130000000,,,,,105000000,190700000,1.8161904761904761
linear,190000000,130000000,,,,,110000000,190700000,1.7336363636363636
linear,190000000,130000000,,,,,115000000,190700000,1.6582608695652175
linear,190000000,130000000,,,,,120000000,190700000,1.5891666666666666
linear,190000000,130000000,,,,,125000000,190700000,1.5256
linear,190000000,130000000,,,,,130000000,190700000,1.466923076923077
linear,190000000,140000000,,,,,100000000,197500000,1.975
linear,190000000,140000000,,,,,105000000,197500000,1.880952380952381
linear,190000000,140000000,,,,,110000000,197500000,1.7954545454545454
linear,190000000,140000000,,,,,115000000,197500000,1.7173913043478262
linear,190000000,140000000,,,,,120000000,197500000,1.6458333333333333
linear,190000000,140000000,,,,,125000000,197500000,1.58
linear,190000000,140000000,,,,,130000000,197500000,1.5192307692307692
linear,190000000,150000000,,,,,100000000,204200000,2.042
linear,190000000,150000000,,,,,105000000,204200000,1.9447619047619047
linear,190000000,150000000,,,,,110000000,204200000,1.8563636363636364
linear,190000000,150000000,,,,,115000000,204200000,1.7756521739130435
linear,190000000,150000000,,,,,120000000,204200000,1.7016666666666667
linear,190000000,150000000,,,,,125000000,204200000,1.6336
linear,190000000,150000000,,,,,130000000,204200000,1.5707692307692307
linear,190000000,160000000,,,,,100000000,211000000,2.11
linear,190000000,160000000,,,,,105000000,211000000,2.0095238095238095
linear,190000000,160000000,,,,,110000000,211000000,1.9181818181818182
linear,190000000,160000000,,,,,115000000,211000000,1.8347826086956522
linear,190000000,160000000,,,,,120000000,211000000,1.7583333333333333
linear,190000000,160000000,,,,,125000000,211000000,1.688
linear,190000000,160000000,,,,,130000000,211000000,1.623076923076923
linear,190000000,170000000,,,,,100000000,217800000,2.178
linear,190000000,170000000,,,,,105000000,217800000,2.0742857142857143
linear,190000000,170000000,,,,,110000000,217800000,1.98
linear,190000000,170000000,,,,,115000000,217800000,1.893913043478261
linear,190000000,170000000,,,,,120000000,217800000,1.815
linear,190000000,170000000,,,,,125000000,217800000,1.7424
linear,190000000,170000000,,,,,130000000,217800000,1.6753846153846155
linear,190000000,180000000,,,,,100000000,224600000,2.246
linear,190000000,180000000,,,,,105000000,224600000,2.139047619047619
linear,190000000,180000000,,,,,110000000,224600000,2.041818181818182
linear,190000000,180000000,,,,,115000000,224600000,1.9530434782608697
linear,190000000,180000000,,,,,120000000,224600000,1.8716666666666666
linear,190000000,180000000,,,,,125000000,224600000,1.7968
linear,190000000,180000000,,,,,130000000,224600000,1.7276923076923076
linear,190000000,190000000,,,,,100000000,231300000,2.313
linear,190000000,190000000,,,,,105000000,231300000,2.202857142857143
linear,190000000,190000000,,,,,110000000,231300000,2.1027272727272726
linear,190000000,190000000,,,,,115000000,231300000,2.011304347826087
linear,190000000,190000000,,,,,120000000,231300000,1.9275
linear,190000000,190000000,,,,,125000000,231300000,1.8504
linear,190000000,190000000,,,,,130000000,231300000,1.7792307692307692
linear,190000000,200000000,,,,,100000000,238100000,2.381
linear,190000000,200000000,,,,,105000000,238100000,2.2676190476190476
linear,190000000,200000000,,,,,110000000,238100000,2.1645454545454546
linear,190000000,200000000,,,,,115000000,238100000,2.0704347826086957
linear,190000000,200000000,,,,,120000000,238100000,1.9841666666666666
linear,190000000,200000000,,,,,125000000,238100000,1.9048
linear,190000000,200000000,,,,,130000000,238100000,1.8315384615384616
linear,190000000,210000000,,,,,100000000,244800000,2.448
linear,190000000,210000000,,,,,105000000,244800000,2.3314285714285714
linear,190000000,210000000,,,,,110000000,244800000,2.2254545454545456
linear,190000000,210000000,,,,,115000000,244800000,2.128695652173913
linear,190000000,210000000,,,,,120000000,244800000,2.04
linear,190000000,210000000,,,,,125000000,244800000,1.9584
linear,190000000,210000000,,,,,130000000,244800000,1.883076923076923
linear,190000000,220000000,,,,,100000000,251500000,2.515
linear,190000000,220000000,,,,,105000000,251500000,2.395238095238095
linear,190000000,220000000,,,,,110000000,251500000,2.286363636363636
linear,190000000,220000000,,,,,115000000,251500000,2.1869565217391305
linear,190000000,220000000,,,,,120000000,251500000,2.095833333333333
linear,190000000,220000000,,,,,125000000,251500000,2.012
linear,190000000,220000000,,,,,130000000,251500000,1.9346153846153846
linear,190000000,230000000,,,,,100000000,258400000,2.584
linear,190000000,230000000,,,,,105000000,258400000,2.460952380952381
linear,190000000,230000000,,,,,110000000,258400000,2.349090909090909
linear,190000000,230000000,,,,,115000000,258400000,2.2469565217391305
linear,190000000,230000000,,,,,120000000,258400000,2.1533333333333333
linear,190000000,230000000,,,,,125000000,258400000,2.0672
linear,190000000,230000000,,,,,130000000,258400000,1.9876923076923076
linear,190000000,240000000,,,,,100000000,265100000,2.651
linear,190000000,240000000,,,,,105000000,265100000,2.5247619047619048
linear,190000000,240000000,,,,,110000000,265100000,2.41
linear,190000000,240000000,,,,,115000000,265100000,2.305217391304348
linear,190000000,240000000,,,,,120000000,265100000,2.2091666666666665
linear,190000000,240000000,,,,,125000000,265100000,2.1208
linear,190000000,240000000,,,,,130000000,265100000,2.039230769230769
linear,190000000,250000000,,,,,100000000,271900000,2.719
linear,190000000,250000000,,,,,105000000,271900000,2.5895238095238096
linear,190000000,250000000,,,,,110000000,271900000,2.4718181818181817
linear,190000000,250000000,,,,,115000000,271900000,2.3643478260869566
linear,190000000,250000000,,,,,120000000,271900000,2.265833333333333
linear,190000000,250000000,,,,,125000000,271900000,2.1752
linear,190000000,250000000,,,,,130000000,271900000,2.0915384615384616
linear,190000000,260000000,,,,,100000000,278700000,2.787
linear,190000000,260000000,,,,,105000000,278700000,2.6542857142857144
linear,190000000,260000000,,,,,110000000,278700000,2.5336363636363637
linear,190000000,260000000,,,,,115000000,278700000,2.4234782608695653
linear,190000000,260000000,,,,,120000000,278700000,2.3225
linear,190000000,260000000,,,,,125000000,278700000,2.2296
linear,190000000,260000000,,,,,130000000,278700000,2.143846153846154
linear,190000000,270000000,,,,,100000000,285500000,2.855
linear,190000000,270000000,,,,,105000000,285500000,2.719047619047619
linear,190000000,270000000,,,,,110000000,285500000,2.5954545454545452
linear,190000000,270000000,,,,,115000000,285500000,2.482608695652174
linear,190000000,270000000,,,,,120000000,285500000,2.379166666666667
linear,190000000,270000000,,,,,125000000,285500000,2.284
linear,190000000,270000000,,,,,130000000,285500000,2.1961538461538463
linear,190000000,280000000,,,,,100000000,292100000,2.921
linear,190000000,280000000,,,,,105000000,292100000,2.781904761904762
linear,190000000,280000000,,,,,110000000,292100000,2.6554545454545453
linear,190000000,280000000,,,,,115000000,292100000,2.54
linear,190000000,280000000,,,,,120000000,292100000,2.4341666666666666
linear,190000000,280000000,,,,,125000000,292100000,2.3368
linear,190000000,280000000,,,,,130000000,292100000,2.246923076923077
linear,190000000,290000000,,,,,100000000,298900000,2.989
linear,190000000,290000000,,,,,105000000,298900000,2.8466666666666667
linear,190000000,290000000,,,,,110000000,298900000,2.7172727272727273
linear,190000000,290000000,,,,,115000000,298900000,2.5991304347826087
linear,190000000,290000000,,,,,120000000,298900000,2.4908333333333332
linear,190000000,290000000,,,,,125000000,298900000,2.3912
linear,190000000,290000000,,,,,130000000,298900000,2.2992307692307694
linear,190000000,300000000,,,,,100000000,305700000,3.057
linear,190000000,300000000,,,,,105000000,305700000,2.9114285714285715
linear,190000000,300000000,,,,,110000000,305700000,2.7790909090909093
linear,190000000,300000000,,,,,115000000,305700000,2.6582608695652175
linear,190000000,300000000,,,,,120000000,305700000,2.5475
linear,190000000,300000000,,,,,125000000,305700000,2.4456
linear,190000000,300000000,,,,,130000000,305700000,2.3515384615384614
linear,200000000,100000000,,,,,100000000,175900000,1.759
linear,200000000,100000000,,,,,105000000,175900000,1.6752380952380952
linear,200000000,100000000,,,,,110000000,175900000,1.5990909090909091
linear,200000000,100000000,,,,,115000000,175900000,1.5295652173913044
linear,200000000,100000000,,,,,120000000,175900000,1.4658333333333333
linear,200000000,100000000,,,,,125000000,175900000,1.4072
linear,200000000,100000000,,,,,130000000,175900000,1.353076923076923
linear,200000000,110000000,,,,,100000000,182800000,1.828
linear,200000000,110000000,,,,,105000000,182800000,1.740952380952381
linear,200000000,110000000,,,,,110000000,182800000,1.6618181818181819
linear,200000000,110000000,,,,,115000000,182800000,1.5895652173913044
linear,200000000,110000000,,,,,120000000,182800000,1.5233333333333334
linear,200000000,110000000,,,,,125000000,182800000,1.4624
linear,200000000,110000000,,,,,130000000,182800000,1.406153846153846
linear,200000000,120000000,,,,,100000000,189400000,1.894
linear,200000000,120000000,,,,,105000000,189400000,1.8038095238095238
linear,200000000,120000000,,,,,110000000,189400000,1.721818181818182
linear,200000000,120000000,,,,,115000000,189400000,1.6469565217391304
linear,200000000,120000000,,,,,120000000,189400000,1.5783333333333334
linear,200000000,120000000,,,,,125000000,189400000,1.5152
linear,200000000,120000000,,,,,130000000,189400000,1.456923076923077
linear,200000000,130000000,,,,,100000000,196200000,1.962
linear,200000000,130000000,,,,,105000000,196200000,1.8685714285714285
linear,200000000,130000000,,,,,110000000,196200000,1.7836363636363637
linear,200000000,130000000,,,,,115000000,196200000,1.7060869565217391
linear,200000000,130000000,,,,,120000000,196200000,1.635
linear,200000000,130000000,,,,,125000000,196200000,1.5696
linear,200000000,130000000,,,,,130000000,196200000,1.5092307692307692
linear,200000000,140000000,,,,,100000000,203000000,2.03
linear,200000000,140000000,,,,,105000000,203000000,1.9333333333333333
linear,200000000,140000000,,,,,110000000,203000000,1.8454545454545455
linear,200000000,140000000,,,,,115000000,203000000,1.7652173913043478
linear,200000000,140000000,,,,,120000000,203000000,1.6916666666666667
linear,200000000,140000000,,,,,125000000,203000000,1.624
linear,200000000,140000000,,,,,130000000,203000000,1.5615384615384615
linear,200000000,150000000,,,,,100000000,209700000,2.097
linear,200000000,150000000,,,,,105000000,209700000,1.997142857142857
linear,200000000,150000000,,,,,110000000,209700000,1.9063636363636363
linear,200000000,150000000,,,,,115000000,209700000,1.8234782608695652
linear,200000000,150000000,,,,,120000000,209700000,1.7475
linear,200000000,150000000,,,,,125000000,209700000,1.6776
linear,200000000,150000000,,,,,130000000,209700000,1.613076923076923
linear,200000000,160000000,,,,,100000000,216500000,2.165
linear,200000000,160000000,,,,,105000000,216500000,2.0619047619047617
linear,200000000,160000000,,,,,110000000,216500000,1.9681818181818183
linear,200000000,160000000,,,,,115000000,216500000,1.882608695652174
linear,200000000,160000000,,,,,120000000,216500000,1.8041666666666667
linear,200000000,160000000,,,,,125000000,216500000,1.732
linear,200000000,160000000,,,,,130000000,216500000,1.6653846153846155
linear,200000000,170000000,,,,,100000000,223300000,2.233
linear,200000000,170000000,,,,,105000000,223300000,2.1266666666666665
linear,200000000,170000000,,,,,110000000,223300000,2.03
linear,200000000,170000000,,,,,115000000,223300000,1.9417391304347826
linear,200000000,170000000,,,,,120000000,223300000,1.8608333333333333
linear,200000000,170000000,,,,,125000000,223300000,1.7864
linear,200000000,170000000,,,,,130000000,223300000,1.7176923076923076
linear,200000000,180000000,,,,,100000000,230100000,2.301
linear,200000000,180000000,,,,,105000000,230100000,2.1914285714285713
linear,200000000,180000000,,,,,110000000,230100000,2.091818181818182
linear,200000000,180000000,,,,,115000000,230100000,2.0008695652173913
linear,200000000,180000000,,,,,120000000,230100000,1.9175
linear,200000000,180000000,,,,,125000000,230100000,1.8408
linear,200000000,180000000,,,,,130000000,230100000,1.77
linear,200000000,190000000,,,,,100000000,236800000,2.368
linear,200000000,190000000,,,,,105000000,236800000,2.255238095238095
linear,200000000,190000000,,,,,110000000,236800000,2.152727272727273
linear,200000000,190000000,,,,,115000000,236800000,2.0591304347826087
linear,200000000,190000000,,,,,120000000,236800000,1.9733333333333334
linear,200000000,190000000,,,,,125000000,236800000,1.8944
linear,200000000,190000000,,,,,130000000,236800000,1.8215384615384616
linear,200000000,200000000,,,,,100000000,243600000,2.436
linear,200000000,200000000,,,,,105000000,243600000,2.32
linear,200000000,200000000,,,,,110000000,243600000,2.2145454545454544
linear,200000000,200000000,,,,,115000000,243600000,2.1182608695652174
linear,200000000,200000000,,,,,120000000,243600000,2.03
linear,200000000,200000000,,,,,125000000,243600000,1.9488
linear,200000000,200000000,,,,,130000000,243600000,1.873846153846154
linear,200000000,210000000,,,,,100000000,250300000,2.503
linear,200000000,210000000,,,,,105000000,250300000,2.3838095238095236
linear,200000000,210000000,,,,,110000000,250300000,2.2754545454545454
linear,200000000,210000000,,,,,115000000,250300000,2.176521739130435
linear,200000000,210000000,,,,,120000000,250300000,2.0858333333333334
linear,200000000,210000000,,,,,125000000,250300000,2.0024
linear,200000000,210000000,,,,,130000000,250300000,1.9253846153846155
linear,200000000,220000000,,,,,100000000,257000000,2.57
linear,200000000,220000000,,,,,105000000,257000000,2.447619047619048
linear,200000000,220000000,,,,,110000000,257000000,2.3363636363636364
linear,200000000,220000000,,,,,115000000,257000000,2.234782608695652
linear,200000000,220000000,,,,,120000000,257000000,2.1416666666666666
linear,200000000,220000000,,,,,125000000,257000000,2.056
linear,200000000,220000000,,,,,130000000,257000000,1.976923076923077
linear,200000000,230000000,,,,,100000000,263900000,2.639
linear,200000000,230000000,,,,,105000000,263900000,2.513333333333333
linear,200000000,230000000,,,,,110000000,263900000,2.399090909090909
linear,200000000,230000000,,,,,115000000,263900000,2.294782608695652
linear,200000000,230000000,,,,,120000000,263900000,2.1991666666666667
linear,200000000,230000000,,,,,125000000,263900000,2.1112
linear,200000000,230000000,,,,,130000000,263900000,2.03
linear,200000000,240000000,,,,,100000000,270600000,2.706
linear,200000000,240000000,,,,,105000000,270600000,2.577142857142857
linear,200000000,240000000,,,,,110000000,270600000,2.46
linear,200000000,240000000,,,,,115000000,270600000,2.3530434782608696
linear,200000000,240000000,,,,,120000000,270600000,2.255
linear,200000000,240000000,,,,,125000000,270600000,2.1648
linear,200000000,240000000,,,,,130000000,270600000,2.0815384615384613
linear,200000000,250000000,,,,,100000000,277400000,2.774
linear,200000000,250000000,,,,,105000000,277400000,2.6419047619047618
linear,200000000,250000000,,,,,110000000,277400000,2.521818181818182
linear,200000000,250000000,,,,,115000000,277400000,2.4121739130434783
linear,200000000,250000000,,,,,120000000,277400000,2.3116666666666665
linear,200000000,250000000,,,,,125000000,277400000,2.2192
linear,200000000,250000000,,,,,130000000,277400000,2.1338461538461537
linear,200000000,260000000,,,,,100000000,284200000,2.842
linear,200000000,260000000,,,,,105000000,284200000,2.7066666666666666
linear,200000000,260000000,,,,,110000000,284200000,2.5836363636363635
linear,200000000,260000000,,,,,115000000,284200000,2.471304347826087
linear,200000000,260000000,,,,,120000000,284200000,2.368333333333333
linear,200000000,260000000,,,,,125000000,284200000,2.2736
linear,200000000,260000000,,,,,130000000,284200000,2.186153846153846
linear,200000000,270000000,,,,,100000000,291000000,2.91
linear,200000000,270000000,,,,,105000000,291000000,2.7714285714285714
linear,200000000,270000000,,,,,110000000,291000000,2.6454545454545455
linear,200000000,270000000,,,,,115000000,291000000,2.5304347826086957
linear,200000000,270000000,,,,,120000000,291000000,2.425
linear,200000000,270000000,,,,,125000000,291000000,2.328
linear,200000000,270000000,,,,,130000000,291000000,2.2384615384615385
linear,200000000,280000000,,,,,100000000,297600000,2.976
linear,200000000,280000000,,,,,105000000,297600000,2.834285714285714
linear,200000000,280000000,,,,,110000000,297600000,2.7054545454545456
linear,200000000,280000000,,,,,115000000,297600000,2.5878260869565217
linear,200000000,280000000,,,,,120000000,297600000,2.48
linear,200000000,280000000,,,,,125000000,297600000,2.3808
linear,200000000,280000000,,,,,130000000,297600000,2.289230769230769
linear,200000000,290000000,,,,,100000000,304400000,3.044
linear,200000000,290000000,,,,,105000000,304400000,2.899047619047619
linear,200000000,290000000,,,,,110000000,304400000,2.767272727272727
linear,200000000,290000000,,,,,115000000,304400000,2.6469565217391304
linear,200000000,290000000,,,,,120000000,304400000,2.5366666666666666
linear,200000000,290000000,,,,,125000000,304400000,2.4352
linear,200000000,290000000,,,,,130000000,304400000,2.3415384615384616
linear,200000000,300000000,,,,,100000000,311200000,3.112
linear,200000000,300000000,,,,,105000000,311200000,2.9638095238095237
linear,200000000,300000000,,,,,110000000,311200000,2.829090909090909
linear,200000000,300000000,,,,,115000000,311200000,2.706086956521739
linear,200000000,300000000,,,,,120000000,311200000,2.5933333333333333
linear,200000000,300000000,,,,,125000000,311200000,2.4896
linear,200000000,300000000,,,,,130000000,311200000,2.393846153846154
linear,210000000,100000000,,,,,100000000,181300000,1.813
linear,210000000,100000000,,,,,105000000,181300000,1.7266666666666666
linear,210000000,100000000,,,,,110000000,181300000,1.6481818181818182
linear,210000000,100000000,,,,,115000000,181300000,1.5765217391304347
linear,210000000,100000000,,,,,120000000,181300000,1.5108333333333333
linear,210000000,100000000,,,,,125000000,181300000,1.4504
linear,210000000,100000000,,,,,130000000,181300000,1.3946153846153846
linear,210000000,110000000,,,,,100000000,188200000,1.882
linear,210000000,110000000,,,,,105000000,188200000,1.7923809523809524
linear,210000000,110000000,,,,,110000000,188200000,1.710909090909091
linear,210000000,110000000,,,,,115000000,188200000,1.6365217391304347
linear,210000000,110000000,,,,,120000000,188200000,1.5683333333333334
linear,210000000,110000000,,,,,125000000,188200000,1.5056
linear,210000000,110000000,,,,,130000000,188200000,1.4476923076923076
linear,210000000,120000000,,,,,100000000,194800000,1.948
linear,210000000,120000000,,,,,105000000,194800000,1.8552380952380951
linear,210000000,120000000,,,,,110000000,194800000,1.770909090909091
linear,210000000,120000000,,,,,115000000,194800000,1.6939130434782608
linear,210000000,120000000,,,,,120000000,194800000,1.6233333333333333
linear,210000000,120000000,,,,,125000000,194800000,1.5584
linear,210000000,120000000,,,,,130000000,194800000,1.4984615384615385
linear,210000000,130000000,,,,,100000000,201600000,2.016
linear,210000000,130000000,,,,,105000000,201600000,1.92
linear,210000000,130000000,,,,,110000000,201600000,1.8327272727272728
linear,210000000,130000000,,,,,115000000,201600000,1.7530434782608695
linear,210000000,130000000,,,,,120000000,201600000,1.68
linear,210000000,130000000,,,,,125000000,201600000,1.6128
linear,210000000,130000000,,,,,130000000,201600000,1.5507692307692307
linear,210000000,140000000,,,,,100000000,208400000,2.084
linear,210000000,140000000,,,,,105000000,208400000,1.9847619047619047
linear,210000000,140000000,,,,,110000000,208400000,1.8945454545454545
linear,210000000,140000000,,,,,115000000,208400000,1.8121739130434782
linear,210000000,140000000,,,,,120000000,208400000,1.7366666666666666
linear,210000000,140000000,,,,,125000000,208400000,1.6672
linear,210000000,140000000,,,,,130000000,208400000,1.603076923076923
linear,210000000,150000000,,,,,100000000,215100000,2.151
linear,210000000,150000000,,,,,105000000,215100000,2.0485714285714285
linear,210000000,150000000,,,,,110000000,215100000,1.9554545454545456
linear,210000000,150000000,,,,,115000000,215100000,1.8704347826086956
linear,210000000,150000000,,,,,120000000,215100000,1.7925
linear,210000000,150000000,,,,,125000000,215100000,1.7208
linear,210000000,150000000,,,,,130000000,215100000,1.6546153846153846
linear,210000000,160000000,,,,,100000000,221900000,2.219
linear,210000000,160000000,,,,,105000000,221900000,2.1133333333333333
linear,210000000,160000000,,,,,110000000,221900000,2.017272727272727
linear,210000000,160000000,,,,,115000000,221900000,1.9295652173913043
linear,210000000,160000000,,,,,120000000,221900000,1.8491666666666666
linear,210000000,160000000,,,,,125000000,221900000,1.7752
linear,210000000,160000000,,,,,130000000,221900000,1.706923076923077
linear,210000000,170000000,,,,,100000000,228700000,2.287
linear,210000000,170000000,,,,,105000000,228700000,2.178095238095238
linear,210000000,170000000,,,,,110000000,228700000,2.079090909090909
linear,210000000,170000000,,,,,115000000,228700000,1.988695652173913
linear,210000000,170000000,,,,,120000000,228700000,1.9058333333333333
linear,210000000,170000000,,,,,125000000,228700000,1.8296
linear,210000000,170000000,,,,,130000000,228700000,1.7592307692307692
linear,210000000,180000000,,,,,100000000,235500000,2.355
linear,210000000,180000000,,,,,105000000,235500000,2.242857142857143
linear,210000000,180000000,,,,,110000000,235500000,2.140909090909091
linear,210000000,180000000,,,,,115000000,235500000,2.0478260869565217
linear,210000000,180000000,,,,,120000000,235500000,1.9625
linear,210000000,180000000,,,,,125000000,235500000,1.884
linear,210000000,180000000,,,,,130000000,235500000,1.8115384615384615
linear,210000000,190000000,,,,,100000000,242200000,2.422
linear,210000000,190000000,,,,,105000000,242200000,2.3066666666666666
linear,210000000,190000000,,,,,110000000,242200000,2.2018181818181817
linear,210000000,190000000,,,,,115000000,242200000,2.106086956521739
linear,210000000,190000000,,,,,120000000,242200000,2.0183333333333335
linear,210000000,190000000,,,,,125000000,242200000,1.9376
linear,210000000,190000000,,,,,130000000,242200000,1.863076923076923
linear,210000000,200000000,,,,,100000000,249000000,2.49
linear,210000000,200000000,,,,,105000000,249000000,2.3714285714285714
linear,210000000,200000000,,,,,110000000,249000000,2.2636363636363637
linear,210000000,200000000,,,,,115000000,249000000,2.1652173913043478
linear,210000000,200000000,,,,,120000000,249000000,2.075
linear,210000000,200000000,,,,,125000000,249000000,1.992
linear,210000000,200000000,,,,,130000000,249000000,1.9153846153846155
linear,210000000,210000000,,,,,100000000,255700000,2.557
linear,210000000,210000000,,,,,105000000,255700000,2.435238095238095
linear,210000000,210000000,,,,,110000000,255700000,2.3245454545454547
linear,210000000,210000000,,,,,115000000,255700000,2.223478260869565
linear,210000000,210000000,,,,,120000000,255700000,2.1308333333333334
linear,210000000,210000000,,,,,125000000,255700000,2.0456
linear,210000000,210000000,,,,,130000000,255700000,1.966923076923077
linear,210000000,220000000,,,,,100000000,262400000,2.624
linear,210000000,220000000,,,,,105000000,262400000,2.499047619047619
linear,210000000,220000000,,,,,110000000,262400000,2.3854545454545453
linear,210000000,220000000,,,,,115000000,262400000,2.2817391304347825
linear,210000000,220000000,,,,,120000000,262400000,2.1866666666666665
linear,210000000,220000000,,,,,125000000,262400000,2.0992
linear,210000000,220000000,,,,,130000000,262400000,2.0184615384615383
linear,210000000,230000000,,,,,100000000,269300000,2.693
linear,210000000,230000000,,,,,105000000,269300000,2.564761904761905
linear,210000000,230000000,,,,,110000000,269300000,2.4481818181818182
linear,210000000,230000000,,,,,115000000,269300000,2.3417391304347825
linear,210000000,230000000,,,,,120000000,269300000,2.2441666666666666
linear,210000000,230000000,,,,,125000000,269300000,2.1544
linear,210000000,230000000,,,,,130000000,269300000,2.0715384615384616
linear,210000000,240000000,,,,,100000000,276000000,2.76
linear,210000000,240000000,,,,,105000000,276000000,2.6285714285714286
linear,210000000,240000000,,,,,110000000,276000000,2.5090909090909093
linear,210000000,240000000,,,,,115000000,276000000,2.4
linear,210000000,240000000,,,,,120000000,276000000,2.3
linear,210000000,240000000,,,,,125000000,276000000,2.208
linear,210000000,240000000,,,,,130000000,276000000,2.123076923076923
linear,210000000,250000000,,,,,100000000,282800000,2.828
linear,210000000,250000000,,,,,105000000,282800000,2.6933333333333334
linear,210000000,250000000,,,,,110000000,282800000,2.570909090909091
linear,210000000,250000000,,,,,115000000,282800000,2.4591304347826086
linear,210000000,250000000,,,,,120000000,282800000,2.3566666666666665
linear,210000000,250000000,,,,,125000000,282800000,2.2624
linear,210000000,250000000,,,,,130000000,282800000,2.1753846153846155
linear,210000000,260000000,,,,,100000000,289600000,2.896
linear,210000000,260000000,,,,,105000000,289600000,2.758095238095238
linear,210000000,260000000,,,,,110000000,289600000,2.632727272727273
linear,210000000,260000000,,,,,115000000,289600000,2.5182608695652173
linear,210000000,260000000,,,,,120000000,289600000,2.4133333333333336
linear,210000000,260000000,,,,,125000000,289600000,2.3168
linear,210000000,260000000,,,,,130000000,289600000,2.227692307692308
linear,210000000,270000000,,,,,100000000,296400000,2.964
linear,210000000,270000000,,,,,105000000,296400000,2.822857142857143
linear,210000000,270000000,,,,,110000000,296400000,2.6945454545454544
linear,210000000,270000000,,,,,115000000,296400000,2.577391304347826
linear,210000000,270000000,,,,,120000000,296400000,2.47
linear,210000000,270000000,,,,,125000000,296400000,2.3712
linear,210000000,270000000,,,,,130000000,296400000,2.28
linear,210000000,280000000,,,,,100000000,303000000,3.03
linear,210000000,280000000,,,,,105000000,303000000,2.8857142857142857
linear,210000000,280000000,,,,,110000000,303000000,2.7545454545454544
linear,210000000,280000000,,,,,115000000,303000000,2.634782608695652
linear,210000000,280000000,,,,,120000000,303000000,2.525
linear,210000000,280000000,,,,,125000000,303000000,2.424
linear,210000000,280000000,,,,,130000000,303000000,2.330769230769231
linear,210000000,290000000,,,,,100000000,309800000,3.098
linear,210000000,290000000,,,,,105000000,309800000,2.9504761904761905
linear,210000000,290000000,,,,,110000000,309800000,2.8163636363636364
linear,210000000,290000000,,,,,115000000,309800000,2.6939130434782608
linear,210000000,290000000,,,,,120000000,309800000,2.5816666666666666
linear,210000000,290000000,,,,,125000000,309800000,2.4784
linear,210000000,290000000,,,,,130000000,309800000,2.383076923076923
linear,210000000,300000000,,,,,100000000,316600000,3.166
linear,210000000,300000000,,,,,105000000,316600000,3.0152380952380953
linear,210000000,300000000,,,,,110000000,316600000,2.8781818181818184
linear,210000000,300000000,,,,,115000000,316600000,2.7530434782608695
linear,210000000,300000000,,,,,120000000,316600000,2.638333333333333
linear,210000000,300000000,,,,,125000000,316600000,2.5328
linear,210000000,300000000,,,,,130000000,316600000,2.4353846153846153
linear,220000000,100000000,,,,,100000000,186600000,1.866
linear,220000000,100000000,,,,,105000000,186600000,1.7771428571428571
linear,220000000,100000000,,,,,110000000,186600000,1.6963636363636363
linear,220000000,100000000,,,,,115000000,186600000,1.622608695652174
linear,220000000,100000000,,,,,120000000,186600000,1.555
linear,220000000,100000000,,,,,125000000,186600000,1.4928
linear,220000000,100000000,,,,,130000000,186600000,1.4353846153846155
linear,220000000,110000000,,,,,100000000,193500000,1.935
linear,220000000,110000000,,,,,105000000,193500000,1.8428571428571427
linear,220000000,110000000,,,,,110000000,193500000,1.759090909090909
linear,220000000,110000000,,,,,115000000,193500000,1.682608695652174
linear,220000000,110000000,,,,,120000000,193500000,1.6125
linear,220000000,110000000,,,,,125000000,193500000,1.548
linear,220000000,110000000,,,,,130000000,193500000,1.4884615384615385
linear,220000000,120000000,,,,,100000000,200100000,2.001
linear,220000000,120000000,,,,,105000000,200100000,1.9057142857142857
linear,220000000,120000000,,,,,110000000,200100000,1.819090909090909
linear,220000000,120000000,,,,,115000000,200100000,1.74
linear,220000000,120000000,,,,,120000000,200100000,1.6675
linear,220000000,120000000,,,,,125000000,200100000,1.6008
linear,220000000,120000000,,,,,130000000,200100000,1.5392307692307692
linear,220000000,130000000,,,,,100000000,206900000,2.069
linear,220000000,130000000,,,,,105000000,206900000,1.9704761904761905
linear,220000000,130000000,,,,,110000000,206900000,1.8809090909090909
linear,220000000,130000000,,,,,115000000,206900000,1.7991304347826087
linear,220000000,130000000,,,,,120000000,206900000,1.7241666666666666
linear,220000000,130000000,,,,,125000000,206900000,1.6552
linear,220000000,130000000,,,,,130000000,206900000,1.5915384615384616
linear,220000000,140000000,,,,,100000000,213700000,2.137
linear,220000000,140000000,,,,,105000000,213700000,2.0352380952380953
linear,220000000,140000000,,,,,110000000,213700000,1.9427272727272726
linear,220000000,140000000,,,,,115000000,213700000,1.8582608695652174
linear,220000000,140000000,,,,,120000000,213700000,1.7808333333333333
linear,220000000,140000000,,,,,125000000,213700000,1.7096
linear,220000000,140000000,,,,,130000000,213700000,1.643846153846154
linear,220000000,150000000,,,,,100000000,220400000,2.204
linear,220000000,150000000,,,,,105000000,220400000,2.099047619047619
linear,220000000,150000000,,,,,110000000,220400000,2.0036363636363634
linear,220000000,150000000,,,,,115000000,220400000,1.9165217391304348
linear,220000000,150000000,,,,,120000000,220400000,1.8366666666666667
linear,220000000,150000000,,,,,125000000,220400000,1.7632
linear,220000000,150000000,,,,,130000000,220400000,1.6953846153846155
linear,220000000,160000000,,,,,100000000,227200000,2.272
linear,220000000,160000000,,,,,105000000,227200000,2.163809523809524
linear,220000000,160000000,,,,,110000000,227200000,2.0654545454545454
linear,220000000,160000000,,,,,115000000,227200000,1.9756521739130435
linear,220000000,160000000,,,,,120000000,227200000,1.8933333333333333
linear,220000000,160000000,,,,,125000000,227200000,1.8176
linear,220000000,160000000,,,,,130000000,227200000,1.7476923076923077
linear,220000000,170000000,,,,,100000000,234000000,2.34
linear,220000000,170000000,,,,,105000000,234000000,2.2285714285714286
linear,220000000,170000000,,,,,110000000,234000000,2.1272727272727274
linear,220000000,170000000,,,,,115000000,234000000,2.034782608695652
linear,220000000,170000000,,,,,120000000,234000000,1.95
linear,220000000,170000000,,,,,125000000,234000000,1.872
linear,220000000,170000000,,,,,130000000,234000000,1.8
linear,220000000,180000000,,,,,100000000,240800000,2.408
linear,220000000,180000000,,,,,105000000,240800000,2.2933333333333334
linear,220000000,180000000,,,,,110000000,240800000,2.189090909090909
linear,220000000,180000000,,,,,115000000,240800000,2.0939130434782607
linear,220000000,180000000,,,,,120000000,240800000,2.006666666666667
linear,220000000,180000000,,,,,125000000,240800000,1.9264
linear,220000000,180000000,,,,,130000000,240800000,1.8523076923076922
linear,220000000,190000000,,,,,100000000,247500000,2.475
linear,220000000,190000000,,,,,105000000,247500000,2.357142857142857
linear,220000000,190000000,,,,,110000000,247500000,2.25
linear,220000000,190000000,,,,,115000000,247500000,2.152173913043478
linear,220000000,190000000,,,,,120000000,247500000,2.0625
linear,220000000,190000000,,,,,125000000,247500000,1.98
linear,220000000,190000000,,,,,130000000,247500000,1.9038461538461537
linear,220000000,200000000,,,,,100000000,254300000,2.543
linear,220000000,200000000,,,,,105000000,254300000,2.421904761904762
linear,220000000,200000000,,,,,110000000,254300000,2.311818181818182
linear,220000000,200000000,,,,,115000000,254300000,2.2113043478260868
linear,220000000,200000000,,,,,120000000,254300000,2.1191666666666666
linear,220000000,200000000,,,,,125000000,254300000,2.0344
linear,220000000,200000000,,,,,130000000,254300000,1.9561538461538461
linear,220000000,210000000,,,,,100000000,261000000,2.61
linear,220000000,210000000,,,,,105000000,261000000,2.4857142857142858
linear,220000000,210000000,,,,,110000000,261000000,2.3727272727272726
linear,220000000,210000000,,,,,115000000,261000000,2.2695652173913046
linear,220000000,210000000,,,,,120000000,261000000,2.175
linear,220000000,210000000,,,,,125000000,261000000,2.088
linear,220000000,210000000,,,,,130000000,261000000,2.0076923076923077
linear,220000000,220000000,,,,,100000000,267700000,2.677
linear,220000000,220000000,,,,,105000000,267700000,2.5495238095238095
linear,220000000,220000000,,,,,110000000,267700000,2.4336363636363636
linear,220000000,220000000,,,,,115000000,267700000,2.327826086956522
linear,220000000,220000000,,,,,120000000,267700000,2.2308333333333334
linear,220000000,220000000,,,,,125000000,267700000,2.1416
linear,220000000,220000000,,,,,130000000,267700000,2.059230769230769
linear,220000000,230000000,,,,,100000000,274600000,2.746
linear,220000000,230000000,,,,,105000000,274600000,2.6152380952380954
linear,220000000,230000000,,,,,110000000,274600000,2.4963636363636366
linear,220000000,230000000,,,,,115000000,274600000,2.3878260869565215
linear,220000000,230000000,,,,,120000000,274600000,2.2883333333333336
linear,220000000,230000000,,,,,125000000,274600000,2.1968
linear,220000000,230000000,,,,,130000000,274600000,2.1123076923076924
linear,220000000,240000000,,,,,100000000,281300000,2.813
linear,220000000,240000000,,,,,105000000,281300000,2.679047619047619
linear,220000000,240000000,,,,,110000000,281300000,2.557272727272727
linear,220000000,240000000,,,,,115000000,281300000,2.446086956521739
linear,220000000,240000000,,,,,120000000,281300000,2.3441666666666667
linear,220000000,240000000,,,,,125000000,281300000,2.2504
linear,220000000,240000000,,,,,130000000,281300000,2.163846153846154
linear,220000000,250000000,,,,,100000000,288100000,2.881
linear,220000000,250000000,,,,,105000000,288100000,2.743809523809524
linear,220000000,250000000,,,,,110000000,288100000,2.619090909090909
linear,220000000,250000000,,,,,115000000,288100000,2.5052173913043476
linear,220000000,250000000,,,,,120000000,288100000,2.4008333333333334
linear,220000000,250000000,,,,,125000000,288100000,2.3048
linear,220000000,250000000,,,,,130000000,288100000,2.2161538461538464
linear,220000000,260000000,,,,,100000000,294900000,2.949
linear,220000000,260000000,,,,,105000000,294900000,2.8085714285714287
linear,220000000,260000000,,,,,110000000,294900000,2.680909090909091
linear,220000000,260000000,,,,,115000000,294900000,2.5643478260869563
linear,220000000,260000000,,,,,120000000,294900000,2.4575
linear,220000000,260000000,,,,,125000000,294900000,2.3592
linear,220000000,260000000,,,,,130000000,294900000,2.2684615384615383
linear,220000000,270000000,,,,,100000000,301700000,3.017
linear,220000000,270000000,,,,,105000000,301700000,2.8733333333333335
linear,220000000,270000000,,,,,110000000,301700000,2.7427272727272727
linear,220000000,270000000,,,,,115000000,301700000,2.623478260869565
linear,220000000,270000000,,,,,120000000,301700000,2.5141666666666667
linear,220000000,270000000,,,,,125000000,301700000,2.4136
linear,220000000,270000000,,,,,130000000,301700000,2.3207692307692307
linear,220000000,280000000,,,,,100000000,308300000,3.083
linear,220000000,280000000,,,,,105000000,308300000,2.9361904761904762
linear,220000000,280000000,,,,,110000000,308300000,2.8027272727272727
linear,220000000,280000000,,,,,115000000,308300000,2.6808695652173915
linear,220000000,280000000,,,,,120000000,308300000,2.569166666666667
linear,220000000,280000000,,,,,125000000,308300000,2.4664
linear,220000000,280000000,,,,,130000000,308300000,2.3715384615384614
linear,220000000,290000000,,,,,100000000,315100000,3.151
linear,220000000,290000000,,,,,105000000,315100000,3.000952380952381
linear,220000000,290000000,,,,,110000000,315100000,2.8645454545454547
linear,220000000,290000000,,,,,115000000,315100000,2.74
linear,220000000,290000000,,,,,120000000,315100000,2.6258333333333335
linear,220000000,290000000,,,,,125000000,315100000,2.5208
linear,220000000,290000000,,,,,130000000,315100000,2.4238461538461538
linear,220000000,300000000,,,,,100000000,321900000,3.219
linear,220000000,300000000,,,,,105000000,321900000,3.065714285714286
linear,220000000,300000000,,,,,110000000,321900000,2.9263636363636363
linear,220000000,300000000,,,,,115000000,321900000,2.7991304347826085
linear,220000000,300000000,,,,,120000000,321900000,2.6825
linear,220000000,300000000,,,,,125000000,321900000,2.5752
linear,220000000,300000000,,,,,130000000,321900000,2.476153846153846
linear,230000000,100000000,,,,,100000000,192100000,1.921
linear,230000000,100000000,,,,,105000000,192100000,1.8295238095238096
linear,230000000,100000000,,,,,110000000,192100000,1.7463636363636363
linear,230000000,100000000,,,,,115000000,192100000,1.6704347826086956
linear,230000000,100000000,,,,,120000000,192100000,1.6008333333333333
linear,230000000,100000000,,,,,125000000,192100000,1.5368
linear,230000000,100000000,,,,,130000000,192100000,1.4776923076923076
linear,230000000,110000000,,,,,100000000,199000000,1.99
linear,230000000,110000000,,,,,105000000,199000000,1.8952380952380952
linear,230000000,110000000,,,,,110000000,199000000,1.809090909090909
linear,230000000,110000000,,,,,115000000,199000000,1.7304347826086957
linear,230000000,110000000,,,,,120000000,199000000,1.6583333333333334
linear,230000000,110000000,,,,,125000000,199000000,1.592
linear,230000000,110000000,,,,,130000000,199000000,1.5307692307692307
linear,230000000,120000000,,,,,100000000,205600000,2.056
linear,230000000,120000000,,,,,105000000,205600000,1.958095238095238
linear,230000000,120000000,,,,,110000000,205600000,1.8690909090909091
linear,230000000,120000000,,,,,115000000,205600000,1.7878260869565217
linear,230000000,120000000,,,,,120000000,205600000,1.7133333333333334
linear,230000000,120000000,,,,,125000000,205600000,1.6448
linear,230000000,120000000,,,,,130000000,205600000,1.5815384615384616
linear,230000000,130000000,,,,,100000000,212400000,2.124
linear,230000000,130000000,,,,,105000000,212400000,2.0228571428571427
linear,230000000,130000000,,,,,110000000,212400000,1.930909090909091
linear,230000000,130000000,,,,,115000000,212400000,1.8469565217391304
linear,230000000,130000000,,,,,120000000,212400000,1.77
linear,230000000,130000000,,,,,125000000,212400000,1.6992
linear,230000000,130000000,,,,,130000000,212400000,1.633846153846154
linear,230000000,140000000,,,,,100000000,219200000,2.192
linear,230000000,140000000,,,,,105000000,219200000,2.0876190476190475
linear,230000000,140000000,,,,,110000000,219200000,1.9927272727272727
linear,230000000,140000000,,,,,115000000,219200000,1.906086956521739
linear,230000000,140000000,,,,,120000000,219200000,1.8266666666666667
linear,230000000,140000000,,,,,125000000,219200000,1.7536
linear,230000000,140000000,,,,,130000000,219200000,1.6861538461538461
linear,230000000,150000000,,,,,100000000,225900000,2.259
linear,230000000,150000000,,,,,105000000,225900000,2.1514285714285712
linear,230000000,150000000,,,,,110000000,225900000,2.0536363636363637
linear,230000000,150000000,,,,,115000000,225900000,1.9643478260869565
linear,230000000,150000000,,,,,120000000,225900000,1.8825
linear,230000000,150000000,,,,,125000000,225900000,1.8072
linear,230000000,150000000,,,,,130000000,225900000,1.7376923076923076
linear,230000000,160000000,,,,,100000000,232700000,2.327
linear,230000000,160000000,,,,,105000000,232700000,2.216190476190476
linear,230000000,160000000,,,,,110000000,232700000,2.1154545454545453
linear,230000000,160000000,,,,,115000000,232700000,2.0234782608695654
linear,230000000,160000000,,,,,120000000,232700000,1.9391666666666667
linear,230000000,160000000,,,,,125000000,232700000,1.8616
linear,230000000,160000000,,,,,130000000,232700000,1.79
linear,230000000,170000000,,,,,100000000,239500000,2.395
linear,230000000,170000000,,,,,105000000,239500000,2.280952380952381
linear,230000000,170000000,,,,,110000000,239500000,2.1772727272727272
linear,230000000,170000000,,,,,115000000,239500000,2.082608695652174
linear,230000000,170000000,,,,,120000000,239500000,1.9958333333333333
linear,230000000,170000000,,,,,125000000,239500000,1.916
linear,230000000,170000000,,,,,130000000,239500000,1.8423076923076922
linear,230000000,180000000,,,,,100000000,246300000,2.463
linear,230000000,180000000,,,,,105000000,246300000,2.3457142857142856
linear,230000000,180000000,,,,,110000000,246300000,2.2390909090909092
linear,230000000,180000000,,,,,115000000,246300000,2.141739130434783
linear,230000000,180000000,,,,,120000000,246300000,2.0525
linear,230000000,180000000,,,,,125000000,246300000,1.9704
linear,230000000,180000000,,,,,130000000,246300000,1.8946153846153846
linear,230000000,190000000,,,,,100000000,253000000,2.53
linear,230000000,190000000,,,,,105000000,253000000,2.4095238095238094
linear,230000000,190000000,,,,,110000000,253000000,2.3
linear,230000000,190000000,,,,,115000000,253000000,2.2
linear,230000000,190000000,,,,,120000000,253000000,2.1083333333333334
linear,230000000,190000000,,,,,125000000,253000000,2.024
linear,230000000,190000000,,,,,130000000,253000000,1.9461538461538461
linear,230000000,200000000,,,,,100000000,259800000,2.598
linear,230000000,200000000,,,,,105000000,259800000,2.474285714285714
linear,230000000,200000000,,,,,110000000,259800000,2.361818181818182
linear,230000000,200000000,,,,,115000000,259800000,2.259130434782609
linear,230000000,200000000,,,,,120000000,259800000,2.165
linear,230000000,200000000,,,,,125000000,259800000,2.0784
linear,230000000,200000000,,,,,130000000,259800000,1.9984615384615385
linear,230000000,210000000,,,,,100000000,266500000,2.665
linear,230000000,210000000,,,,,105000000,266500000,2.538095238095238
linear,230000000,210000000,,,,,110000000,266500000,2.422727272727273
linear,230000000,210000000,,,,,115000000,266500000,2.3173913043478263
linear,230000000,210000000,,,,,120000000,266500000,2.220833333333333
linear,230000000,210000000,,,,,125000000,266500000,2.132
linear,230000000,210000000,,,,,130000000,266500000,2.05
linear,230000000,220000000,,,,,100000000,273200000,2.732
linear,230000000,220000000,,,,,105000000,273200000,2.6019047619047617
linear,230000000,220000000,,,,,110000000,273200000,2.4836363636363634
linear,230000000,220000000,,,,,115000000,273200000,2.3756521739130436
linear,230000000,220000000,,,,,120000000,273200000,2.276666666666667
linear,230000000,220000000,,,,,125000000,273200000,2.1856
linear,230000000,220000000,,,,,130000000,273200000,2.1015384615384614
linear,230000000,230000000,,,,,100000000,280100000,2.801
linear,230000000,230000000,,,,,105000000,280100000,2.6676190476190476
linear,230000000,230000000,,,,,110000000,280100000,2.5463636363636364
linear,230000000,230000000,,,,,115000000,280100000,2.4356521739130437
linear,230000000,230000000,,,,,120000000,280100000,2.3341666666666665
linear,230000000,230000000,,,,,125000000,280100000,2.2408
linear,230000000,230000000,,,,,130000000,280100000,2.1546153846153846
linear,230000000,240000000,,,,,100000000,286800000,2.868
linear,230000000,240000000,,,,,105000000,286800000,2.7314285714285713
linear,230000000,240000000,,,,,110000000,286800000,2.6072727272727274
linear,230000000,240000000,,,,,115000000,286800000,2.493913043478261
linear,230000000,240000000,,,,,120000000,286800000,2.39
linear,230000000,240000000,,,,,125000000,286800000,2.2944
linear,230000000,240000000,,,,,130000000,286800000,2.206153846153846
linear,230000000,250000000,,,,,100000000,293600000,2.936
linear,230000000,250000000,,,,,105000000,293600000,2.796190476190476
linear,230000000,250000000,,,,,110000000,293600000,2.669090909090909
linear,230000000,250000000,,,,,115000000,293600000,2.5530434782608697
linear,230000000,250000000,,,,,120000000,293600000,2.4466666666666668
linear,230000000,250000000,,,,,125000000,293600000,2.3488
linear,230000000,250000000,,,,,130000000,293600000,2.2584615384615385
linear,230000000,260000000,,,,,100000000,300400000,3.004
linear,230000000,260000000,,,,,105000000,300400000,2.860952380952381
linear,230000000,260000000,,,,,110000000,300400000,2.730909090909091
linear,230000000,260000000,,,,,115000000,300400000,2.6121739130434785
linear,230000000,260000000,,,,,120000000,300400000,2.5033333333333334
linear,230000000,260000000,,,,,125000000,300400000,2.4032
linear,230000000,260000000,,,,,130000000,300400000,2.310769230769231
linear,230000000,270000000,,,,,100000000,307200000,3.072
linear,230000000,270000000,,,,,105000000,307200000,2.9257142857142857
linear,230000000,270000000,,,,,110000000,307200000,2.792727272727273
linear,230000000,270000000,,,,,115000000,307200000,2.671304347826087
linear,230000000,270000000,,,,,120000000,307200000,2.56
linear,230000000,270000000,,,,,125000000,307200000,2.4576
linear,230000000,270000000,,,,,130000000,307200000,2.3630769230769233
linear,230000000,280000000,,,,,100000000,313800000,3.138
linear,230000000,280000000,,,,,105000000,313800000,2.9885714285714284
linear,230000000,280000000,,,,,110000000,313800000,2.8527272727272726
linear,230000000,280000000,,,,,115000000,313800000,2.728695652173913
linear,230000000,280000000,,,,,120000000,313800000,2.615
linear,230000000,280000000,,,,,125000000,313800000,2.5104
linear,230000000,280000000,,,,,130000000,313800000,2.413846153846154
linear,230000000,290000000,,,,,100000000,320600000,3.206
linear,230000000,290000000,,,,,105000000,320600000,3.0533333333333332
linear,230000000,290000000,,,,,110000000,320600000,2.9145454545454546
linear,230000000,290000000,,,,,115000000,320600000,2.787826086956522
linear,230000000,290000000,,,,,120000000,320600000,2.671666666666667
linear,230000000,290000000,,,,,125000000,320600000,2.5648
linear,230000000,290000000,,,,,130000000,320600000,2.4661538461538464
linear,230000000,300000000,,,,,100000000,327400000,3.274
linear,230000000,300000000,,,,,105000000,327400000,3.118095238095238
linear,230000000,300000000,,,,,110000000,327400000,2.9763636363636365
linear,230000000,300000000,,,,,115000000,327400000,2.8469565217391306
linear,230000000,300000000,,,,,120000000,327400000,2.7283333333333335
linear,230000000,300000000,,,,,125000000,327400000,2.6192
linear,230000000,300000000,,,,,130000000,327400000,2.5184615384615383
linear,240000000,100000000,,,,,100000000,197500000,1.975
linear,240000000,100000000,,,,,105000000,197500000,1.880952380952381
linear,240000000,100000000,,,,,110000000,197500000,1.7954545454545454
linear,240000000,100000000,,,,,115000000,197500000,1.7173913043478262
linear,240000000,100000000,,,,,120000000,197500000,1.6458333333333333
linear,240000000,100000000,,,,,125000000,197500000,1.58
linear,240000000,100000000,,,,,130000000,197500000,1.5192307692307692
linear,240000000,110000000,,,,,100000000,204400000,2.044
linear,240000000,110000000,,,,,105000000,204400000,1.9466666666666668
linear,240000000,110000000,,,,,110000000,204400000,1.8581818181818182
linear,240000000,110000000,,,,,115000000,204400000,1.777391304347826
linear,240000000,110000000,,,,,120000000,204400000,1.7033333333333334
linear,240000000,110000000,,,,,125000000,204400000,1.6352
linear,240000000,110000000,,,,,130000000,204400000,1.5723076923076924
linear,240000000,120000000,,,,,100000000,211000000,2.11
linear,240000000,120000000,,,,,105000000,211000000,2.0095238095238095
linear,240000000,120000000,,,,,110000000,211000000,1.9181818181818182
linear,240000000,120000000,,,,,115000000,211000000,1.8347826086956522
linear,240000000,120000000,,,,,120000000,211000000,1.7583333333333333
linear,240000000,120000000,,,,,125000000,211000000,1.688
linear,240000000,120000000,,,,,130000000,211000000,1.623076923076923
linear,240000000,130000000,,,,,100000000,217800000,2.178
linear,240000000,130000000,,,,,105000000,217800000,2.0742857142857143
linear,240000000,130000000,,,,,110000000,217800000,1.98
linear,240000000,130000000,,,,,115000000,217800000,1.893913043478261
linear,240000000,130000000,,,,,120000000,217800000,1.815
linear,240000000,130000000,,,,,125000000,217800000,1.7424
linear,240000000,130000000,,,,,130000000,217800000,1.6753846153846155
linear,240000000,140000000,,,,,100000000,224600000,2.246
linear,240000000,140000000,,,,,105000000,224600000,2.139047619047619
linear,240000000,140000000,,,,,110000000,224600000,2.041818181818182
linear,240000000,140000000,,,,,115000000,224600000,1.9530434782608697
linear,240000000,140000000,,,,,120000000,224600000,1.8716666666666666
linear,240000000,140000000,,,,,125000000,224600000,1.7968
linear,240000000,140000000,,,,,130000000,224600000,1.7276923076923076
linear,240000000,150000000,,,,,100000000,231300000,2.313
linear,240000000,150000000,,,,,105000000,231300000,2.202857142857143
linear,240000000,150000000,,,,,110000000,231300000,2.1027272727272726
linear,240000000,150000000,,,,,115000000,231300000,2.011304347826087
linear,240000000,150000000,,,,,120000000,231300000,1.9275
linear,240000000,150000000,,,,,125000000,231300000,1.8504
linear,240000000,150000000,,,,,130000000,231300000,1.7792307692307692
linear,240000000,160000000,,,,,100000000,238100000,2.381
linear,240000000,160000000,,,,,105000000,238100000,2.2676190476190476
linear,240000000,160000000,,,,,110000000,238100000,2.1645454545454546
linear,240000000,160000000,,,,,115000000,238100000,2.0704347826086957
linear,240000000,160000000,,,,,120000000,238100000,1.9841666666666666
linear,240000000,160000000,,,,,125000000,238100000,1.9048
linear,240000000,160000000,,,,,130000000,238100000,1.8315384615384616
linear,240000000,170000000,,,,,100000000,244900000,2.449
linear,240000000,170000000,,,,,105000000,244900000,2.3323809523809524
linear,240000000,170000000,,,,,110000000,244900000,2.2263636363636365
linear,240000000,170000000,,,,,115000000,244900000,2.1295652173913044
linear,240000000,170000000,,,,,120000000,244900000,2.0408333333333335
linear,240000000,170000000,,,,,125000000,244900000,1.9592
linear,240000000,170000000,,,,,130000000,244900000,1.883846153846154
linear,240000000,180000000,,,,,100000000,251700000,2.517
linear,240000000,180000000,,,,,105000000,251700000,2.3971428571428572
linear,240000000,180000000,,,,,110000000,251700000,2.288181818181818
linear,240000000,180000000,,,,,115000000,251700000,2.188695652173913
linear,240000000,180000000,,,,,120000000,251700000,2.0975
linear,240000000,180000000,,,,,125000000,251700000,2.0136
linear,240000000,180000000,,,,,130000000,251700000,1.9361538461538461
linear,240000000,190000000,,,,,100000000,258400000,2.584
linear,240000000,190000000,,,,,105000000,258400000,2.460952380952381
linear,240000000,190000000,,,,,110000000,258400000,2.349090909090909
linear,240000000,190000000,,,,,115000000,258400000,2.2469565217391305
linear,240000000,190000000,,,,,120000000,258400000,2.1533333333333333
linear,240000000,190000000,,,,,125000000,258400000,2.0672
linear,240000000,190000000,,,,,130000000,258400000,1.9876923076923076
linear,240000000,200000000,,,,,100000000,265200000,2.652
linear,240000000,200000000,,,,,105000000,265200000,2.525714285714286
linear,240000000,200000000,,,,,110000000,265200000,2.410909090909091
linear,240000000,200000000,,,,,115000000,265200000,2.3060869565217392
linear,240000000,200000000,,,,,120000000,265200000,2.21
linear,240000000,200000000,,,,,125000000,265200000,2.1216
linear,240000000,200000000,,,,,130000000,265200000,2.04
linear,240000000,210000000,,,,,100000000,271900000,2.719
linear,240000000,210000000,,,,,105000000,271900000,2.5895238095238096
linear,240000000,210000000,,,,,110000000,271900000,2.4718181818181817
linear,240000000,210000000,,,,,115000000,271900000,2.3643478260869566
linear,240000000,210000000,,,,,120000000,271900000,2.265833333333333
linear,240000000,210000000,,,,,125000000,271900000,2.1752
linear,240000000,210000000,,,,,130000000,271900000,2.0915384615384616
linear,240000000,220000000,,,,,100000000,278600000,2.786
linear,240000000,220000000,,,,,105000000,278600000,2.6533333333333333
linear,240000000,220000000,,,,,110000000,278600000,2.5327272727272727
linear,240000000,220000000,,,,,115000000,278600000,2.422608695652174
linear,240000000,220000000,,,,,120000000,278600000,2.3216666666666668
linear,240000000,220000000,,,,,125000000,278600000,2.2288
linear,240000000,220000000,,,,,130000000,278600000,2.143076923076923
linear,240000000,230000000,,,,,100000000,285500000,2.855
linear,240000000,230000000,,,,,105000000,285500000,2.719047619047619
linear,240000000,230000000,,,,,110000000,285500000,2.5954545454545452
linear,240000000,230000000,,,,,115000000,285500000,2.482608695652174
linear,240000000,230000000,,,,,120000000,285500000,2.379166666666667
linear,240000000,230000000,,,,,125000000,285500000,2.284
linear,240000000,230000000,,,,,130000000,285500000,2.1961538461538463
linear,240000000,240000000,,,,,100000000,292200000,2.922
linear,240000000,240000000,,,,,105000000,292200000,2.782857142857143
linear,240000000,240000000,,,,,110000000,292200000,2.6563636363636363
linear,240000000,240000000,,,,,115000000,292200000,2.5408695652173914
linear,240000000,240000000,,,,,120000000,292200000,2.435
linear,240000000,240000000,,,,,125000000,292200000,2.3376
linear,240000000,240000000,,,,,130000000,292200000,2.247692307692308
linear,240000000,250000000,,,,,100000000,299000000,2.99
linear,240000000,250000000,,,,,105000000,299000000,2.8476190476190477
linear,240000000,250000000,,,,,110000000,299000000,2.7181818181818183
linear,240000000,250000000,,,,,115000000,299000000,2.6
linear,240000000,250000000,,,,,120000000,299000000,2.4916666666666667
linear,240000000,250000000,,,,,125000000,299000000,2.392
linear,240000000,250000000,,,,,130000000,299000000,2.3
linear,240000000,260000000,,,,,100000000,305800000,3.058
linear,240000000,260000000,,,,,105000000,305800000,2.9123809523809525
linear,240000000,260000000,,,,,110000000,305800000,2.78
linear,240000000,260000000,,,,,115000000,305800000,2.659130434782609
linear,240000000,260000000,,,,,120000000,305800000,2.5483333333333333
linear,240000000,260000000,,,,,125000000,305800000,2.4464
linear,240000000,260000000,,,,,130000000,305800000,2.352307692307692
linear,240000000,270000000,,,,,100000000,312600000,3.126
linear,240000000,270000000,,,,,105000000,312600000,2.9771428571428573
linear,240000000,270000000,,,,,110000000,312600000,2.841818181818182
linear,240000000,270000000,,,,,115000000,312600000,2.7182608695652175
linear,240000000,270000000,,,,,120000000,312600000,2.605
linear,240000000,270000000,,,,,125000000,312600000,2.5008
linear,240000000,270000000,,,,,130000000,312600000,2.4046153846153846
linear,240000000,280000000,,,,,100000000,319200000,3.192
linear,240000000,280000000,,,,,105000000,319200000,3.04
linear,240000000,280000000,,,,,110000000,319200000,2.901818181818182
linear,240000000,280000000,,,,,115000000,319200000,2.7756521739130435
linear,240000000,280000000,,,,,120000000,319200000,2.66
linear,240000000,280000000,,,,,125000000,319200000,2.5536
linear,240000000,280000000,,,,,130000000,319200000,2.4553846153846153
linear,240000000,290000000,,,,,100000000,326000000,3.26
linear,240000000,290000000,,,,,105000000,326000000,3.104761904761905
linear,240000000,290000000,,,,,110000000,326000000,2.963636363636364
linear,240000000,290000000,,,,,115000000,326000000,2.8347826086956522
linear,240000000,290000000,,,,,120000000,326000000,2.716666666666667
linear,240000000,290000000,,,,,125000000,326000000,2.608
linear,240000000,290000000,,,,,130000000,326000000,2.5076923076923077
linear,240000000,300000000,,,,,100000000,332800000,3.328
linear,240000000,300000000,,,,,105000000,332800000,3.1695238095238096
linear,240000000,300000000,,,,,110000000,332800000,3.0254545454545454
linear,240000000,300000000,,,,,115000000,332800000,2.893913043478261
linear,240000000,300000000,,,,,120000000,332800000,2.7733333333333334
linear,240000000,300000000,,,,,125000000,332800000,2.6624
linear,240000000,300000000,,,,,130000000,332800000,2.56
linear,250000000,100000000,,,,,100000000,203000000,2.03
linear,250000000,100000000,,,,,105000000,203000000,1.9333333333333333
linear,250000000,100000000,,,,,110000000,203000000,1.8454545454545455
linear,250000000,100000000,,,,,115000000,203000000,1.7652173913043478
linear,250000000,100000000,,,,,120000000,203000000,1.6916666666666667
linear,250000000,100000000,,,,,125000000,203000000,1.624
linear,250000000,100000000,,,,,130000000,203000000,1.5615384615384615
linear,250000000,110000000,,,,,100000000,209900000,2.099
linear,250000000,110000000,,,,,105000000,209900000,1.999047619047619
linear,250000000,110000000,,,,,110000000,209900000,1.9081818181818182
linear,250000000,110000000,,,,,115000000,209900000,1.825217391304348
linear,250000000,110000000,,,,,120000000,209900000,1.7491666666666668
linear,250000000,110000000,,,,,125000000,209900000,1.6792
linear,250000000,110000000,,,,,130000000,209900000,1.6146153846153846
linear,250000000,120000000,,,,,100000000,216500000,2.165
linear,250000000,120000000,,,,,105000000,216500000,2.0619047619047617
linear,250000000,120000000,,,,,110000000,216500000,1.9681818181818183
linear,250000000,120000000,,,,,115000000,216500000,1.882608695652174
linear,250000000,120000000,,,,,120000000,216500000,1.8041666666666667
linear,250000000,120000000,,,,,125000000,216500000,1.732
linear,250000000,120000000,,,,,130000000,216500000,1.6653846153846155
linear,250000000,130000000,,,,,100000000,223300000,2.233
linear,250000000,130000000,,,,,105000000,223300000,2.1266666666666665
linear,250000000,130000000,,,,,110000000,223300000,2.03
linear,250000000,130000000,,,,,115000000,223300000,1.9417391304347826
linear,250000000,130000000,,,,,120000000,223300000,1.8608333333333333
linear,250000000,130000000,,,,,125000000,223300000,1.7864
linear,250000000,130000000,,,,,130000000,223300000,1.7176923076923076
linear,250000000,140000000,,,,,100000000,230100000,2.301
linear,250000000,140000000,,,,,105000000,230100000,2.1914285714285713
linear,250000000,140000000,,,,,110000000,230100000,2.091818181818182
linear,250000000,140000000,,,,,115000000,230100000,2.0008695652173913
linear,250000000,140000000,,,,,120000000,230100000,1.9175
linear,250000000,140000000,,,,,125000000,230100000,1.8408
linear,250000000,140000000,,,,,130000000,230100000,1.77
linear,250000000,150000000,,,,,100000000,236800000,2.368
linear,250000000,150000000,,,,,105000000,236800000,2.255238095238095
linear,250000000,150000000,,,,,110000000,236800000,2.152727272727273
linear,250000000,150000000,,,,,115000000,236800000,2.0591304347826087
linear,250000000,150000000,,,,,120000000,236800000,1.9733333333333334
linear,250000000,150000000,,,,,125000000,236800000,1.8944
linear,250000000,150000000,,,,,130000000,236800000,1.8215384615384616
linear,250000000,160000000,,,,,100000000,243600000,2.436
linear,250000000,160000000,,,,,105000000,243600000,2.32
linear,250000000,160000000,,,,,110000000,243600000,2.2145454545454544
linear,250000000,160000000,,,,,115000000,243600000,2.1182608695652174
linear,250000000,160000000,,,,,120000000,243600000,2.03
linear,250000000,160000000,,,,,125000000,243600000,1.9488
linear,250000000,160000000,,,,,130000000,243600000,1.873846153846154
linear,250000000,170000000,,,,,100000000,250400000,2.504
linear,250000000,170000000,,,,,105000000,250400000,2.3847619047619046
linear,250000000,170000000,,,,,110000000,250400000,2.2763636363636364
linear,250000000,170000000,,,,,115000000,250400000,2.177391304347826
linear,250000000,170000000,,,,,120000000,250400000,2.0866666666666664
linear,250000000,170000000,,,,,125000000,250400000,2.0032
linear,250000000,170000000,,,,,130000000,250400000,1.926153846153846
linear,250000000,180000000,,,,,100000000,257200000,2.572
linear,250000000,180000000,,,,,105000000,257200000,2.4495238095238094
linear,250000000,180000000,,,,,110000000,257200000,2.3381818181818184
linear,250000000,180000000,,,,,115000000,257200000,2.236521739130435
linear,250000000,180000000,,,,,120000000,257200000,2.1433333333333335
linear,250000000,180000000,,,,,125000000,257200000,2.0576
linear,250000000,180000000,,,,,130000000,257200000,1.9784615384615385
linear,250000000,190000000,,,,,100000000,263900000,2.639
linear,250000000,190000000,,,,,105000000,263900000,2.513333333333333
linear,250000000,190000000,,,,,110000000,263900000,2.399090909090909
linear,250000000,190000000,,,,,115000000,263900000,2.294782608695652
linear,250000000,190000000,,,,,120000000,263900000,2.1991666666666667
linear,250000000,190000000,,,,,125000000,263900000,2.1112
linear,250000000,190000000,,,,,130000000,263900000,2.03
linear,250000000,200000000,,,,,100000000,270700000,2.707
linear,250000000,200000000,,,,,105000000,270700000,2.578095238095238
linear,250000000,200000000,,,,,110000000,270700000,2.460909090909091
linear,250000000,200000000,,,,,115000000,270700000,2.353913043478261
linear,250000000,200000000,,,,,120000000,270700000,2.2558333333333334
linear,250000000,200000000,,,,,125000000,270700000,2.1656
linear,250000000,200000000,,,,,130000000,270700000,2.082307692307692
linear,250000000,210000000,,,,,100000000,277400000,2.774
linear,250000000,210000000,,,,,105000000,277400000,2.6419047619047618
linear,250000000,210000000,,,,,110000000,277400000,2.521818181818182
linear,250000000,210000000,,,,,115000000,277400000,2.4121739130434783
linear,250000000,210000000,,,,,120000000,277400000,2.3116666666666665
linear,250000000,210000000,,,,,125000000,277400000,2.2192
linear,250000000,210000000,,,,,130000000,277400000,2.1338461538461537
linear,250000000,220000000,,,,,100000000,284100000,2.841
linear,250000000,220000000,,,,,105000000,284100000,2.7057142857142855
linear,250000000,220000000,,,,,110000000,284100000,2.5827272727272725
linear,250000000,220000000,,,,,115000000,284100000,2.4704347826086956
linear,250000000,220000000,,,,,120000000,284100000,2.3675
linear,250000000,220000000,,,,,125000000,284100000,2.2728
linear,250000000,220000000,,,,,130000000,284100000,2.1853846153846153
linear,250000000,230000000,,,,,100000000,291000000,2.91
linear,250000000,230000000,,,,,105000000,291000000,2.7714285714285714
linear,250000000,230000000,,,,,110000000,291000000,2.6454545454545455
linear,250000000,230000000,,,,,115000000,291000000,2.5304347826086957
linear,250000000,230000000,,,,,120000000,291000000,2.425
linear,250000000,230000000,,,,,125000000,291000000,2.328
linear,250000000,230000000,,,,,130000000,291000000,2.2384615384615385
linear,250000000,240000000,,,,,100000000,297700000,2.977
linear,250000000,240000000,,,,,105000000,297700000,2.835238095238095
linear,250000000,240000000,,,,,110000000,297700000,2.7063636363636365
linear,250000000,240000000,,,,,115000000,297700000,2.588695652173913
linear,250000000,240000000,,,,,120000000,297700000,2.4808333333333334
linear,250000000,240000000,,,,,125000000,297700000,2.3816
linear,250000000,240000000,,,,,130000000,297700000,2.29
linear,250000000,250000000,,,,,100000000,304500000,3.045
linear,250000000,250000000,,,,,105000000,304500000,2.9
linear,250000000,250000000,,,,,110000000,304500000,2.768181818181818
linear,250000000,250000000,,,,,115000000,304500000,2.6478260869565218
linear,250000000,250000000,,,,,120000000,304500000,2.5375
linear,250000000,250000000,,,,,125000000,304500000,2.436
linear,250000000,250000000,,,,,130000000,304500000,2.3423076923076924
linear,250000000,260000000,,,,,100000000,311300000,3.113
linear,250000000,260000000,,,,,105000000,311300000,2.9647619047619047
linear,250000000,260000000,,,,,110000000,311300000,2.83
linear,250000000,260000000,,,,,115000000,311300000,2.7069565217391305
linear,250000000,260000000,,,,,120000000,311300000,2.5941666666666667
linear,250000000,260000000,,,,,125000000,311300000,2.4904
linear,250000000,260000000,,,,,130000000,311300000,2.394615384615385
linear,250000000,270000000,,,,,100000000,318100000,3.181
linear,250000000,270000000,,,,,105000000,318100000,3.0295238095238095
linear,250000000,270000000,,,,,110000000,318100000,2.8918181818181816
linear,250000000,270000000,,,,,115000000,318100000,2.766086956521739
linear,250000000,270000000,,,,,120000000,318100000,2.6508333333333334
linear,250000000,270000000,,,,,125000000,318100000,2.5448
linear,250000000,270000000,,,,,130000000,318100000,2.4469230769230768
linear,250000000,280000000,,,,,100000000,324700000,3.247
linear,250000000,280000000,,,,,105000000,324700000,3.0923809523809522
linear,250000000,280000000,,,,,110000000,324700000,2.9518181818181817
linear,250000000,280000000,,,,,115000000,324700000,2.823478260869565
linear,250000000,280000000,,,,,120000000,324700000,2.7058333333333335
linear,250000000,280000000,,,,,125000000,324700000,2.5976
linear,250000000,280000000,,,,,130000000,324700000,2.497692307692308
linear,250000000,290000000,,,,,100000000,331500000,3.315
linear,250000000,290000000,,,,,105000000,331500000,3.157142857142857
linear,250000000,290000000,,,,,110000000,331500000,3.0136363636363637
linear,250000000,290000000,,,,,115000000,331500000,2.882608695652174
linear,250000000,290000000,,,,,120000000,331500000,2.7625
linear,250000000,290000000,,,,,125000000,331500000,2.652
linear,250000000,290000000,,,,,130000000,331500000,2.55
linear,250000000,300000000,,,,,100000000,338300000,3.383
linear,250000000,300000000,,,,,105000000,338300000,3.221904761904762
linear,250000000,300000000,,,,,110000000,338300000,3.0754545454545457
linear,250000000,300000000,,,,,115000000,338300000,2.9417391304347826
linear,250000000,300000000,,,,,120000000,338300000,2.819166666666667
linear,250000000,300000000,,,,,125000000,338300000,2.7064
linear,250000000,300000000,,,,,130000000,338300000,2.602307692307692
linear,260000000,100000000,,,,,100000000,208400000,2.084
linear,260000000,100000000,,,,,105000000,208400000,1.9847619047619047
linear,260000000,100000000,,,,,110000000,208400000,1.8945454545454545
linear,260000000,100000000,,,,,115000000,208400000,1.8121739130434782
linear,260000000,100000000,,,,,120000000,208400000,1.7366666666666666
linear,260000000,100000000,,,,,125000000,208400000,1.6672
linear,260000000,100000000,,,,,130000000,208400000,1.603076923076923
linear,260000000,110000000,,,,,100000000,215300000,2.153
linear,260000000,110000000,,,,,105000000,215300000,2.0504761904761906
linear,260000000,110000000,,,,,110000000,215300000,1.9572727272727273
linear,260000000,110000000,,,,,115000000,215300000,1.8721739130434782
linear,260000000,110000000,,,,,120000000,215300000,1.7941666666666667
linear,260000000,110000000,,,,,125000000,215300000,1.7224
linear,260000000,110000000,,,,,130000000,215300000,1.656153846153846
linear,260000000,120000000,,,,,100000000,221900000,2.219
linear,260000000,120000000,,,,,105000000,221900000,2.1133333333333333
linear,260000000,120000000,,,,,110000000,221900000,2.017272727272727
linear,260000000,120000000,,,,,115000000,221900000,1.9295652173913043
linear,260000000,120000000,,,,,120000000,221900000,1.8491666666666666
linear,260000000,120000000,,,,,125000000,221900000,1.7752
linear,260000000,120000000,,,,,130000000,221900000,1.706923076923077
linear,260000000,130000000,,,,,100000000,228700000,2.287
linear,260000000,130000000,,,,,105000000,228700000,2.178095238095238
linear,260000000,130000000,,,,,110000000,228700000,2.079090909090909
linear,260000000,130000000,,,,,115000000,228700000,1.988695652173913
linear,260000000,130000000,,,,,120000000,228700000,1.9058333333333333
linear,260000000,130000000,,,,,125000000,228700000,1.8296
linear,260000000,130000000,,,,,130000000,228700000,1.7592307692307692
linear,260000000,140000000,,,,,100000000,235500000,2.355
linear,260000000,140000000,,,,,105000000,235500000,2.242857142857143
linear,260000000,140000000,,,,,110000000,235500000,2.140909090909091
linear,260000000,140000000,,,,,115000000,235500000,2.0478260869565217
linear,260000000,140000000,,,,,120000000,235500000,1.9625
linear,260000000,140000000,,,,,125000000,235500000,1.884
linear,260000000,140000000,,,,,130000000,235500000,1.8115384615384615
linear,260000000,150000000,,,,,100000000,242200000,2.422
linear,260000000,150000000,,,,,105000000,242200000,2.3066666666666666
linear,260000000,150000000,,,,,110000000,242200000,2.2018181818181817
linear,260000000,150000000,,,,,115000000,242200000,2.106086956521739
linear,260000000,150000000,,,,,120000000,242200000,2.0183333333333335
linear,260000000,150000000,,,,,125000000,242200000,1.9376
linear,260000000,150000000,,,,,130000000,242200000,1.863076923076923
linear,260000000,160000000,,,,,100000000,249000000,2.49
linear,260000000,160000000,,,,,105000000,249000000,2.3714285714285714
linear,260000000,160000000,,,,,110000000,249000000,2.2636363636363637
linear,260000000,160000000,,,,,115000000,249000000,2.1652173913043478
linear,260000000,160000000,,,,,120000000,249000000,2.075
linear,260000000,160000000,,,,,125000000,249000000,1.992
linear,260000000,160000000,,,,,130000000,249000000,1.9153846153846155
linear,260000000,170000000,,,,,100000000,255800000,2.558
linear,260000000,170000000,,,,,105000000,255800000,2.4361904761904762
linear,260000000,170000000,,,,,110000000,255800000,2.3254545454545457
linear,260000000,170000000,,,,,115000000,255800000,2.2243478260869565
linear,260000000,170000000,,,,,120000000,255800000,2.131666666666667
linear,260000000,170000000,,,,,125000000,255800000,2.0464
linear,260000000,170000000,,,,,130000000,255800000,1.9676923076923076
linear,260000000,180000000,,,,,100000000,262600000,2.626
linear,260000000,180000000,,,,,105000000,262600000,2.500952380952381
linear,260000000,180000000,,,,,110000000,262600000,2.387272727272727
linear,260000000,180000000,,,,,115000000,262600000,2.283478260869565
linear,260000000,180000000,,,,,120000000,262600000,2.1883333333333335
linear,260000000,180000000,,,,,125000000,262600000,2.1008
linear,260000000,180000000,,,,,130000000,262600000,2.02
linear,260000000,190000000,,,,,100000000,269300000,2.693
linear,260000000,190000000,,,,,105000000,269300000,2.564761904761905
linear,260000000,190000000,,,,,110000000,269300000,2.4481818181818182
linear,260000000,190000000,,,,,115000000,269300000,2.3417391304347825
linear,260000000,190000000,,,,,120000000,269300000,2.2441666666666666
linear,260000000,190000000,,,,,125000000,269300000,2.1544
linear,260000000,190000000,,,,,130000000,269300000,2.0715384615384616
linear,260000000,200000000,,,,,100000000,276100000,2.761
linear,260000000,200000000,,,,,105000000,276100000,2.6295238095238096
linear,260000000,200000000,,,,,110000000,276100000,2.51
linear,260000000,200000000,,,,,115000000,276100000,2.4008695652173913
linear,260000000,200000000,,,,,120000000,276100000,2.3008333333333333
linear,260000000,200000000,,,,,125000000,276100000,2.2088
linear,260000000,200000000,,,,,130000000,276100000,2.123846153846154
linear,260000000,210000000,,,,,100000000,282800000,2.828
linear,260000000,210000000,,,,,105000000,282800000,2.6933333333333334
linear,260000000,210000000,,,,,110000000,282800000,2.570909090909091
linear,260000000,210000000,,,,,115000000,282800000,2.4591304347826086
linear,260000000,210000000,,,,,120000000,282800000,2.3566666666666665
linear,260000000,210000000,,,,,125000000,282800000,2.2624
linear,260000000,210000000,,,,,130000000,282800000,2.1753846153846155
linear,260000000,220000000,,,,,100000000,289500000,2.895
linear,260000000,220000000,,,,,105000000,289500000,2.757142857142857
linear,260000000,220000000,,,,,110000000,289500000,2.631818181818182
linear,260000000,220000000,,,,,115000000,289500000,2.517391304347826
linear,260000000,220000000,,,,,120000000,289500000,2.4125
linear,260000000,220000000,,,,,125000000,289500000,2.316
linear,260000000,220000000,,,,,130000000,289500000,2.226923076923077
linear,260000000,230000000,,,,,100000000,296400000,2.964
linear,260000000,230000000,,,,,105000000,296400000,2.822857142857143
linear,260000000,230000000,,,,,110000000,296400000,2.6945454545454544
linear,260000000,230000000,,,,,115000000,296400000,2.577391304347826
linear,260000000,230000000,,,,,120000000,296400000,2.47
linear,260000000,230000000,,,,,125000000,296400000,2.3712
linear,260000000,230000000,,,,,130000000,296400000,2.28
linear,260000000,240000000,,,,,100000000,303100000,3.031
linear,260000000,240000000,,,,,105000000,303100000,2.8866666666666667
linear,260000000,240000000,,,,,110000000,303100000,2.7554545454545454
linear,260000000,240000000,,,,,115000000,303100000,2.6356521739130434
linear,260000000,240000000,,,,,120000000,303100000,2.5258333333333334
linear,260000000,240000000,,,,,125000000,303100000,2.4248
linear,260000000,240000000,,,,,130000000,303100000,2.3315384615384613
linear,260000000,250000000,,,,,100000000,309900000,3.099
linear,260000000,250000000,,,,,105000000,309900000,2.9514285714285715
linear,260000000,250000000,,,,,110000000,309900000,2.8172727272727274
linear,260000000,250000000,,,,,115000000,309900000,2.694782608695652
linear,260000000,250000000,,,,,120000000,309900000,2.5825
linear,260000000,250000000,,,,,125000000,309900000,2.4792
linear,260000000,250000000,,,,,130000000,309900000,2.3838461538461537
linear,260000000,260000000,,,,,100000000,316700000,3.167
linear,260000000,260000000,,,,,105000000,316700000,3.0161904761904763
linear,260000000,260000000,,,,,110000000,316700000,2.879090909090909
linear,260000000,260000000,,,,,115000000,316700000,2.753913043478261
linear,260000000,260000000,,,,,120000000,316700000,2.6391666666666667
linear,260000000,260000000,,,,,125000000,316700000,2.5336
linear,260000000,260000000,,,,,130000000,316700000,2.436153846153846
linear,260000000,270000000,,,,,100000000,323500000,3.235
linear,260000000,270000000,,,,,105000000,323500000,3.080952380952381
linear,260000000,270000000,,,,,110000000,323500000,2.940909090909091
linear,260000000,270000000,,,,,115000000,323500000,2.8130434782608695
linear,260000000,270000000,,,,,120000000,323500000,2.6958333333333333
linear,260000000,270000000,,,,,125000000,323500000,2.588
linear,260000000,270000000,,,,,130000000,323500000,2.4884615384615385
linear,260000000,280000000,,,,,100000000,330100000,3.301
linear,260000000,280000000,,,,,105000000,330100000,3.143809523809524
linear,260000000,280000000,,,,,110000000,330100000,3.000909090909091
linear,260000000,280000000,,,,,115000000,330100000,2.8704347826086956
linear,260000000,280000000,,,,,120000000,330100000,2.7508333333333335
linear,260000000,280000000,,,,,125000000,330100000,2.6408
linear,260000000,280000000,,,,,130000000,330100000,2.539230769230769
linear,260000000,290000000,,,,,100000000,336900000,3.369
linear,260000000,290000000,,,,,105000000,336900000,3.2085714285714286
linear,260000000,290000000,,,,,110000000,336900000,3.0627272727272725
linear,260000000,290000000,,,,,115000000,336900000,2.9295652173913043
linear,260000000,290000000,,,,,120000000,336900000,2.8075
linear,260000000,290000000,,,,,125000000,336900000,2.6952
linear,260000000,290000000,,,,,130000000,336900000,2.5915384615384616
linear,260000000,300000000,,,,,100000000,343700000,3.437
linear,260000000,300000000,,,,,105000000,343700000,3.2733333333333334
linear,260000000,300000000,,,,,110000000,343700000,3.1245454545454545
linear,260000000,300000000,,,,,115000000,343700000,2.988695652173913
linear,260000000,300000000,,,,,120000000,343700000,2.8641666666666667
linear,260000000,300000000,,,,,125000000,343700000,2.7496
linear,260000000,300000000,,,,,130000000,343700000,2.643846153846154
linear,270000000,100000000,,,,,100000000,213700000,2.137
linear,270000000,100000000,,,,,105000000,213700000,2.0352380952380953
linear,270000000,100000000,,,,,110000000,213700000,1.9427272727272726
linear,270000000,100000000,,,,,115000000,213700000,1.8582608695652174
linear,270000000,100000000,,,,,120000000,213700000,1.7808333333333333
linear,270000000,100000000,,,,,125000000,213700000,1.7096
linear,270000000,100000000,,,,,130000000,213700000,1.643846153846154
linear,270000000,110000000,,,,,100000000,220600000,2.206
linear,270000000,110000000,,,,,105000000,220600000,2.100952380952381
linear,270000000,110000000,,,,,110000000,220600000,2.0054545454545454
linear,270000000,110000000,,,,,115000000,220600000,1.9182608695652175
linear,270000000,110000000,,,,,120000000,220600000,1.8383333333333334
linear,270000000,110000000,,,,,125000000,220600000,1.7648
linear,270000000,110000000,,,,,130000000,220600000,1.696923076923077
linear,270000000,120000000,,,,,100000000,227200000,2.272
linear,270000000,120000000,,,,,105000000,227200000,2.163809523809524
linear,270000000,120000000,,,,,110000000,227200000,2.0654545454545454
linear,270000000,120000000,,,,,115000000,227200000,1.9756521739130435
linear,270000000,120000000,,,,,120000000,227200000,1.8933333333333333
linear,270000000,120000000,,,,,125000000,227200000,1.8176
linear,270000000,120000000,,,,,130000000,227200000,1.7476923076923077
linear,270000000,130000000,,,,,100000000,234000000,2.34
linear,270000000,130000000,,,,,105000000,234000000,2.2285714285714286
linear,270000000,130000000,,,,,110000000,234000000,2.1272727272727274
linear,270000000,130000000,,,,,115000000,234000000,2.034782608695652
linear,270000000,130000000,,,,,120000000,234000000,1.95
linear,270000000,130000000,,,,,125000000,234000000,1.872
linear,270000000,130000000,,,,,130000000,234000000,1.8
linear,270000000,140000000,,,,,100000000,240800000,2.408
linear,270000000,140000000,,,,,105000000,240800000,2.2933333333333334
linear,270000000,140000000,,,,,110000000,240800000,2.189090909090909
linear,270000000,140000000,,,,,115000000,240800000,2.0939130434782607
linear,270000000,140000000,,,,,120000000,240800000,2.006666666666667
linear,270000000,140000000,,,,,125000000,240800000,1.9264
linear,270000000,140000000,,,,,130000000,240800000,1.8523076923076922
linear,270000000,150000000,,,,,100000000,247500000,2.475
linear,270000000,150000000,,,,,105000000,247500000,2.357142857142857
linear,270000000,150000000,,,,,110000000,247500000,2.25
linear,270000000,150000000,,,,,115000000,247500000,2.152173913043478
linear,270000000,150000000,,,,,120000000,247500000,2.0625
linear,270000000,150000000,,,,,125000000,247500000,1.98
linear,270000000,150000000,,,,,130000000,247500000,1.9038461538461537
linear,270000000,160000000,,,,,100000000,254300000,2.543
linear,270000000,160000000,,,,,105000000,254300000,2.421904761904762
linear,270000000,160000000,,,,,110000000,254300000,2.311818181818182
linear,270000000,160000000,,,,,115000000,254300000,2.2113043478260868
linear,270000000,160000000,,,,,120000000,254300000,2.1191666666666666
linear,270000000,160000000,,,,,125000000,254300000,2.0344
linear,270000000,160000000,,,,,130000000,254300000,1.9561538461538461
linear,270000000,170000000,,,,,100000000,261100000,2.611
linear,270000000,170000000,,,,,105000000,261100000,2.486666666666667
linear,270000000,170000000,,,,,110000000,261100000,2.3736363636363635
linear,270000000,170000000,,,,,115000000,261100000,2.2704347826086955
linear,270000000,170000000,,,,,120000000,261100000,2.1758333333333333
linear,270000000,170000000,,,,,125000000,261100000,2.0888
linear,270000000,170000000,,,,,130000000,261100000,2.0084615384615385
linear,270000000,180000000,,,,,100000000,267900000,2.679
linear,270000000,180000000,,,,,105000000,267900000,2.5514285714285716
linear,270000000,180000000,,,,,110000000,267900000,2.4354545454545455
linear,270000000,180000000,,,,,115000000,267900000,2.329565217391304
linear,270000000,180000000,,,,,120000000,267900000,2.2325
linear,270000000,180000000,,,,,125000000,267900000,2.1432
linear,270000000,180000000,,,,,130000000,267900000,2.060769230769231
linear,270000000,190000000,,,,,100000000,274600000,2.746
linear,270000000,190000000,,,,,105000000,274600000,2.6152380952380954
linear,270000000,190000000,,,,,110000000,274600000,2.4963636363636366
linear,270000000,190000000,,,,,115000000,274600000,2.3878260869565215
linear,270000000,190000000,,,,,120000000,274600000,2.2883333333333336
linear,270000000,190000000,,,,,125000000,274600000,2.1968
linear,270000000,190000000,,,,,130000000,274600000,2.1123076923076924
linear,270000000,200000000,,,,,100000000,281400000,2.814
linear,270000000,200000000,,,,,105000000,281400000,2.68
linear,270000000,200000000,,,,,110000000,281400000,2.558181818181818
linear,270000000,200000000,,,,,115000000,281400000,2.4469565217391303
linear,270000000,200000000,,,,,120000000,281400000,2.345
linear,270000000,200000000,,,,,125000000,281400000,2.2512
linear,270000000,200000000,,,,,130000000,281400000,2.164615384615385
linear,270000000,210000000,,,,,100000000,288100000,2.881
linear,270000000,210000000,,,,,105000000,288100000,2.743809523809524
linear,270000000,210000000,,,,,110000000,288100000,2.619090909090909
linear,270000000,210000000,,,,,115000000,288100000,2.5052173913043476
linear,270000000,210000000,,,,,120000000,288100000,2.4008333333333334
linear,270000000,210000000,,,,,125000000,288100000,2.3048
linear,270000000,210000000,,,,,130000000,288100000,2.2161538461538464
linear,270000000,220000000,,,,,100000000,294800000,2.948
linear,270000000,220000000,,,,,105000000,294800000,2.8076190476190477
linear,270000000,220000000,,,,,110000000,294800000,2.68
linear,270000000,220000000,,,,,115000000,294800000,2.5634782608695654
linear,270000000,220000000,,,,,120000000,294800000,2.4566666666666666
linear,270000000,220000000,,,,,125000000,294800000,2.3584
linear,270000000,220000000,,,,,130000000,294800000,2.267692307692308
linear,270000000,230000000,,,,,100000000,301700000,3.017
linear,270000000,230000000,,,,,105000000,301700000,2.8733333333333335
linear,270000000,230000000,,,,,110000000,301700000,2.7427272727272727
linear,270000000,230000000,,,,,115000000,301700000,2.623478260869565
linear,270000000,230000000,,,,,120000000,301700000,2.5141666666666667
linear,270000000,230000000,,,,,125000000,301700000,2.4136
linear,270000000,230000000,,,,,130000000,301700000,2.3207692307692307
linear,270000000,240000000,,,,,100000000,308400000,3.084
linear,270000000,240000000,,,,,105000000,308400000,2.9371428571428573
linear,270000000,240000000,,,,,110000000,308400000,2.8036363636363637
linear,270000000,240000000,,,,,115000000,308400000,2.6817391304347824
linear,270000000,240000000,,,,,120000000,308400000,2.57
linear,270000000,240000000,,,,,125000000,308400000,2.4672
linear,270000000,240000000,,,,,130000000,308400000,2.3723076923076922
linear,270000000,250000000,,,,,100000000,315200000,3.152
linear,270000000,250000000,,,,,105000000,315200000,3.001904761904762
linear,270000000,250000000,,,,,110000000,315200000,2.8654545454545453
linear,270000000,250000000,,,,,115000000,315200000,2.740869565217391
linear,270000000,250000000,,,,,120000000,315200000,2.6266666666666665
linear,270000000,250000000,,,,,125000000,315200000,2.5216
linear,270000000,250000000,,,,,130000000,315200000,2.4246153846153846
linear,270000000,260000000,,,,,100000000,322000000,3.22
linear,270000000,260000000,,,,,105000000,322000000,3.066666666666667
linear,270000000,260000000,,,,,110000000,322000000,2.9272727272727272
linear,270000000,260000000,,,,,115000000,322000000,2.8
linear,270000000,260000000,,,,,120000000,322000000,2.683333333333333
linear,270000000,260000000,,,,,125000000,322000000,2.576
linear,270000000,260000000,,,,,130000000,322000000,2.476923076923077
linear,270000000,270000000,,,,,100000000,328800000,3.288
linear,270000000,270000000,,,,,105000000,328800000,3.1314285714285712
linear,270000000,270000000,,,,,110000000,328800000,2.9890909090909092
linear,270000000,270000000,,,,,115000000,328800000,2.8591304347826085
linear,270000000,270000000,,,,,120000000,328800000,2.74
linear,270000000,270000000,,,,,125000000,328800000,2.6304
linear,270000000,270000000,,,,,130000000,328800000,2.5292307692307694
linear,270000000,280000000,,,,,100000000,335400000,3.354
linear,270000000,280000000,,,,,105000000,335400000,3.1942857142857144
linear,270000000,280000000,,,,,110000000,335400000,3.0490909090909093
linear,270000000,280000000,,,,,115000000,335400000,2.916521739130435
linear,270000000,280000000,,,,,120000000,335400000,2.795
linear,270000000,280000000,,,,,125000000,335400000,2.6832
linear,270000000,280000000,,,,,130000000,335400000,2.58
linear,270000000,290000000,,,,,100000000,342200000,3.422
linear,270000000,290000000,,,,,105000000,342200000,3.259047619047619
linear,270000000,290000000,,,,,110000000,342200000,3.110909090909091
linear,270000000,290000000,,,,,115000000,342200000,2.9756521739130433
linear,270000000,290000000,,,,,120000000,342200000,2.8516666666666666
linear,270000000,290000000,,,,,125000000,342200000,2.7376
linear,270000000,290000000,,,,,130000000,342200000,2.6323076923076925
linear,270000000,300000000,,,,,100000000,349000000,3.49
linear,270000000,300000000,,,,,105000000,349000000,3.323809523809524
linear,270000000,300000000,,,,,110000000,349000000,3.172727272727273
linear,270000000,300000000,,,,,115000000,349000000,3.034782608695652
linear,270000000,300000000,,,,,120000000,349000000,2.908333333333333
linear,270000000,300000000,,,,,125000000,349000000,2.792
linear,270000000,300000000,,,,,130000000,349000000,2.6846153846153844
linear,280000000,100000000,,,,,100000000,219300000,2.193
linear,280000000,100000000,,,,,105000000,219300000,2.0885714285714285
linear,280000000,100000000,,,,,110000000,219300000,1.9936363636363637
linear,280000000,100000000,,,,,115000000,219300000,1.9069565217391304
linear,280000000,100000000,,,,,120000000,219300000,1.8275
linear,280000000,100000000,,,,,125000000,219300000,1.7544
linear,280000000,100000000,,,,,130000000,219300000,1.686923076923077
linear,280000000,110000000,,,,,100000000,226200000,2.262
linear,280000000,110000000,,,,,105000000,226200000,2.1542857142857144
linear,280000000,110000000,,,,,110000000,226200000,2.056363636363636
linear,280000000,110000000,,,,,115000000,226200000,1.9669565217391305
linear,280000000,110000000,,,,,120000000,226200000,1.885
linear,280000000,110000000,,,,,125000000,226200000,1.8096
linear,280000000,110000000,,,,,130000000,226200000,1.74
linear,280000000,120000000,,,,,100000000,232800000,2.328
linear,280000000,120000000,,,,,105000000,232800000,2.217142857142857
linear,280000000,120000000,,,,,110000000,232800000,2.1163636363636362
linear,280000000,120000000,,,,,115000000,232800000,2.0243478260869567
linear,280000000,120000000,,,,,120000000,232800000,1.94
linear,280000000,120000000,,,,,125000000,232800000,1.8624
linear,280000000,120000000,,,,,130000000,232800000,1.7907692307692307
linear,280000000,130000000,,,,,100000000,239600000,2.396
linear,280000000,130000000,,,,,105000000,239600000,2.281904761904762
linear,280000000,130000000,,,,,110000000,239600000,2.178181818181818
linear,280000000,130000000,,,,,115000000,239600000,2.083478260869565
linear,280000000,130000000,,,,,120000000,239600000,1.9966666666666666
linear,280000000,130000000,,,,,125000000,239600000,1.9168
linear,280000000,130000000,,,,,130000000,239600000,1.843076923076923
linear,280000000,140000000,,,,,100000000,246400000,2.464
linear,280000000,140000000,,,,,105000000,246400000,2.3466666666666667
linear,280000000,140000000,,,,,110000000,246400000,2.24
linear,280000000,140000000,,,,,115000000,246400000,2.1426086956521737
linear,280000000,140000000,,,,,120000000,246400000,2.0533333333333332
linear,280000000,140000000,,,,,125000000,246400000,1.9712
linear,280000000,140000000,,,,,130000000,246400000,1.8953846153846154
linear,280000000,150000000,,,,,100000000,253100000,2.531
linear,280000000,150000000,,,,,105000000,253100000,2.4104761904761904
linear,280000000,150000000,,,,,110000000,253100000,2.300909090909091
linear,280000000,150000000,,,,,115000000,253100000,2.2008695652173915
linear,280000000,150000000,,,,,120000000,253100000,2.109166666666667
linear,280000000,150000000,,,,,125000000,253100000,2.0248
linear,280000000,150000000,,,,,130000000,253100000,1.946923076923077
linear,280000000,160000000,,,,,100000000,259900000,2.599
linear,280000000,160000000,,,,,105000000,259900000,2.4752380952380952
linear,280000000,160000000,,,,,110000000,259900000,2.362727272727273
linear,280000000,160000000,,,,,115000000,259900000,2.26
linear,280000000,160000000,,,,,120000000,259900000,2.1658333333333335
linear,280000000,160000000,,,,,125000000,259900000,2.0792
linear,280000000,160000000,,,,,130000000,259900000,1.9992307692307691
linear,280000000,170000000,,,,,100000000,266700000,2.667
linear,280000000,170000000,,,,,105000000,266700000,2.54
linear,280000000,170000000,,,,,110000000,266700000,2.4245454545454543
linear,280000000,170000000,,,,,115000000,266700000,2.3191304347826085
linear,280000000,170000000,,,,,120000000,266700000,2.2225
linear,280000000,170000000,,,,,125000000,266700000,2.1336
linear,280000000,170000000,,,,,130000000,266700000,2.0515384615384615
linear,280000000,180000000,,,,,100000000,273500000,2.735
linear,280000000,180000000,,,,,105000000,273500000,2.604761904761905
linear,280000000,180000000,,,,,110000000,273500000,2.4863636363636363
linear,280000000,180000000,,,,,115000000,273500000,2.378260869565217
linear,280000000,180000000,,,,,120000000,273500000,2.279166666666667
linear,280000000,180000000,,,,,125000000,273500000,2.188
linear,280000000,180000000,,,,,130000000,273500000,2.103846153846154
linear,280000000,190000000,,,,,100000000,280200000,2.802
linear,280000000,190000000,,,,,105000000,280200000,2.6685714285714286
linear,280000000,190000000,,,,,110000000,280200000,2.5472727272727274
linear,280000000,190000000,,,,,115000000,280200000,2.4365217391304346
linear,280000000,190000000,,,,,120000000,280200000,2.335
linear,280000000,190000000,,,,,125000000,280200000,2.2416
linear,280000000,190000000,,,,,130000000,280200000,2.1553846153846155
linear,280000000,200000000,,,,,100000000,287000000,2.87
linear,280000000,200000000,,,,,105000000,287000000,2.7333333333333334
linear,280000000,200000000,,,,,110000000,287000000,2.609090909090909
linear,280000000,200000000,,,,,115000000,287000000,2.4956521739130433
linear,280000000,200000000,,,,,120000000,287000000,2.3916666666666666
linear,280000000,200000000,,,,,125000000,287000000,2.296
linear,280000000,200000000,,,,,130000000,287000000,2.207692307692308
linear,280000000,210000000,,,,,100000000,293700000,2.937
linear,280000000,210000000,,,,,105000000,293700000,2.797142857142857
linear,280000000,210000000,,,,,110000000,293700000,2.67
linear,280000000,210000000,,,,,115000000,293700000,2.553913043478261
linear,280000000,210000000,,,,,120000000,293700000,2.4475
linear,280000000,210000000,,,,,125000000,293700000,2.3496
linear,280000000,210000000,,,,,130000000,293700000,2.2592307692307694
linear,280000000,220000000,,,,,100000000,300400000,3.004
linear,280000000,220000000,,,,,105000000,300400000,2.860952380952381
linear,280000000,220000000,,,,,110000000,300400000,2.730909090909091
linear,280000000,220000000,,,,,115000000,300400000,2.6121739130434785
linear,280000000,220000000,,,,,120000000,300400000,2.5033333333333334
linear,280000000,220000000,,,,,125000000,300400000,2.4032
linear,280000000,220000000,,,,,130000000,300400000,2.310769230769231
linear,280000000,230000000,,,,,100000000,307300000,3.073
linear,280000000,230000000,,,,,105000000,307300000,2.9266666666666667
linear,280000000,230000000,,,,,110000000,307300000,2.7936363636363635
linear,280000000,230000000,,,,,115000000,307300000,2.672173913043478
linear,280000000,230000000,,,,,120000000,307300000,2.5608333333333335
linear,280000000,230000000,,,,,125000000,307300000,2.4584
linear,280000000,230000000,,,,,130000000,307300000,2.3638461538461537
linear,280000000,240000000,,,,,100000000,314000000,3.14
linear,280000000,240000000,,,,,105000000,314000000,2.9904761904761905
linear,280000000,240000000,,,,,110000000,314000000,2.8545454545454545
linear,280000000,240000000,,,,,115000000,314000000,2.7304347826086954
linear,280000000,240000000,,,,,120000000,314000000,2.6166666666666667
linear,280000000,240000000,,,,,125000000,314000000,2.512
linear,280000000,240000000,,,,,130000000,314000000,2.4153846153846152
linear,280000000,250000000,,,,,100000000,320800000,3.208
linear,280000000,250000000,,,,,105000000,320800000,3.0552380952380953
linear,280000000,250000000,,,,,110000000,320800000,2.9163636363636365
linear,280000000,250000000,,,,,115000000,320800000,2.789565217391304
linear,280000000,250000000,,,,,120000000,320800000,2.6733333333333333
linear,280000000,250000000,,,,,125000000,320800000,2.5664
linear,280000000,250000000,,,,,130000000,320800000,2.4676923076923076
linear,280000000,260000000,,,,,100000000,327600000,3.276
linear,280000000,260000000,,,,,105000000,327600000,3.12
linear,280000000,260000000,,,,,110000000,327600000,2.978181818181818
linear,280000000,260000000,,,,,115000000,327600000,2.848695652173913
linear,280000000,260000000,,,,,120000000,327600000,2.73
linear,280000000,260000000,,,,,125000000,327600000,2.6208
linear,280000000,260000000,,,,,130000000,327600000,2.52
linear,280000000,270000000,,,,,100000000,334400000,3.344
linear,280000000,270000000,,,,,105000000,334400000,3.184761904761905
linear,280000000,270000000,,,,,110000000,334400000,3.04
linear,280000000,270000000,,,,,115000000,334400000,2.9078260869565216
linear,280000000,270000000,,,,,120000000,334400000,2.7866666666666666
linear,280000000,270000000,,,,,125000000,334400000,2.6752
linear,280000000,270000000,,,,,130000000,334400000,2.5723076923076924
linear,280000000,280000000,,,,,100000000,341000000,3.41
linear,280000000,280000000,,,,,105000000,341000000,3.2476190476190476
linear,280000000,280000000,,,,,110000000,341000000,3.1
linear,280000000,280000000,,,,,115000000,341000000,2.965217391304348
linear,280000000,280000000,,,,,120000000,341000000,2.841666666666667
linear,280000000,280000000,,,,,125000000,341000000,2.728
linear,280000000,280000000,,,,,130000000,341000000,2.623076923076923
linear,280000000,290000000,,,,,100000000,347800000,3.478
linear,280000000,290000000,,,,,105000000,347800000,3.3123809523809524
linear,280000000,290000000,,,,,110000000,347800000,3.1618181818181816
linear,280000000,290000000,,,,,115000000,347800000,3.0243478260869567
linear,280000000,290000000,,,,,120000000,347800000,2.8983333333333334
linear,280000000,290000000,,,,,125000000,347800000,2.7824
linear,280000000,290000000,,,,,130000000,347800000,2.6753846153846155
linear,280000000,300000000,,,,,100000000,354600000,3.546
linear,280000000,300000000,,,,,105000000,354600000,3.3771428571428572
linear,280000000,300000000,,,,,110000000,354600000,3.2236363636363636
linear,280000000,300000000,,,,,115000000,354600000,3.083478260869565
linear,280000000,300000000,,,,,120000000,354600000,2.955
linear,280000000,300000000,,,,,125000000,354600000,2.8368
linear,280000000,300000000,,,,,130000000,354600000,2.727692307692308
linear,290000000,100000000,,,,,100000000,224600000,2.246
linear,290000000,100000000,,,,,105000000,224600000,2.139047619047619
linear,290000000,100000000,,,,,110000000,224600000,2.041818181818182
linear,290000000,100000000,,,,,115000000,224600000,1.9530434782608697
linear,290000000,100000000,,,,,120000000,224600000,1.8716666666666666
linear,290000000,100000000,,,,,125000000,224600000,1.7968
linear,290000000,100000000,,,,,130000000,224600000,1.7276923076923076
linear,290000000,110000000,,,,,100000000,231500000,2.315
linear,290000000,110000000,,,,,105000000,231500000,2.204761904761905
linear,290000000,110000000,,,,,110000000,231500000,2.1045454545454545
linear,290000000,110000000,,,,,115000000,231500000,2.0130434782608697
linear,290000000,110000000,,,,,120000000,231500000,1.9291666666666667
linear,290000000,110000000,,,,,125000000,231500000,1.852
linear,290000000,110000000,,,,,130000000,231500000,1.7807692307692307
linear,290000000,120000000,,,,,100000000,238100000,2.381
linear,290000000,120000000,,,,,105000000,238100000,2.2676190476190476
linear,290000000,120000000,,,,,110000000,238100000,2.1645454545454546
linear,290000000,120000000,,,,,115000000,238100000,2.0704347826086957
linear,290000000,120000000,,,,,120000000,238100000,1.9841666666666666
linear,290000000,120000000,,,,,125000000,238100000,1.9048
linear,290000000,120000000,,,,,130000000,238100000,1.8315384615384616
linear,290000000,130000000,,,,,100000000,244900000,2.449
linear,290000000,130000000,,,,,105000000,244900000,2.3323809523809524
linear,290000000,130000000,,,,,110000000,244900000,2.2263636363636365
linear,290000000,130000000,,,,,115000000,244900000,2.1295652173913044
linear,290000000,130000000,,,,,120000000,244900000,2.0408333333333335
linear,290000000,130000000,,,,,125000000,244900000,1.9592
linear,290000000,130000000,,,,,130000000,244900000,1.883846153846154
linear,290000000,140000000,,,,,100000000,251700000,2.517
linear,290000000,140000000,,,,,105000000,251700000,2.3971428571428572
linear,290000000,140000000,,,,,110000000,251700000,2.288181818181818
linear,290000000,140000000,,,,,115000000,251700000,2.188695652173913
linear,290000000,140000000,,,,,120000000,251700000,2.0975
linear,290000000,140000000,,,,,125000000,251700000,2.0136
linear,290000000,140000000,,,,,130000000,251700000,1.9361538461538461
linear,290000000,150000000,,,,,100000000,258400000,2.584
linear,290000000,150000000,,,,,105000000,258400000,2.460952380952381
linear,290000000,150000000,,,,,110000000,258400000,2.349090909090909
linear,290000000,150000000,,,,,115000000,258400000,2.2469565217391305
linear,290000000,150000000,,,,,120000000,258400000,2.1533333333333333
linear,290000000,150000000,,,,,125000000,258400000,2.0672
linear,290000000,150000000,,,,,130000000,258400000,1.9876923076923076
linear,290000000,160000000,,,,,100000000,265200000,2.652
linear,290000000,160000000,,,,,105000000,265200000,2.525714285714286
linear,290000000,160000000,,,,,110000000,265200000,2.410909090909091
linear,290000000,160000000,,,,,115000000,265200000,2.3060869565217392
linear,290000000,160000000,,,,,120000000,265200000,2.21
linear,290000000,160000000,,,,,125000000,265200000,2.1216
linear,290000000,160000000,,,,,130000000,265200000,2.04
linear,290000000,170000000,,,,,100000000,272000000,2.72
linear,290000000,170000000,,,,,105000000,272000000,2.5904761904761906
linear,290000000,170000000,,,,,110000000,272000000,2.4727272727272727
linear,290000000,170000000,,,,,115000000,272000000,2.365217391304348
linear,290000000,170000000,,,,,120000000,272000000,2.2666666666666666
linear,290000000,170000000,,,,,125000000,272000000,2.176
linear,290000000,170000000,,,,,130000000,272000000,2.0923076923076924
linear,290000000,180000000,,,,,100000000,278800000,2.788
linear,290000000,180000000,,,,,105000000,278800000,2.6552380952380954
linear,290000000,180000000,,,,,110000000,278800000,2.5345454545454547
linear,290000000,180000000,,,,,115000000,278800000,2.4243478260869566
linear,290000000,180000000,,,,,120000000,278800000,2.3233333333333333
linear,290000000,180000000,,,,,125000000,278800000,2.2304
linear,290000000,180000000,,,,,130000000,278800000,2.144615384615385
linear,290000000,190000000,,,,,100000000,285500000,2.855
linear,290000000,190000000,,,,,105000000,285500000,2.719047619047619
linear,290000000,190000000,,,,,110000000,285500000,2.5954545454545452
linear,290000000,190000000,,,,,115000000,285500000,2.482608695652174
linear,290000000,190000000,,,,,120000000,285500000,2.379166666666667
linear,290000000,190000000,,,,,125000000,285500000,2.284
linear,290000000,190000000,,,,,130000000,285500000,2.1961538461538463
linear,290000000,200000000,,,,,100000000,292300000,2.923
linear,290000000,200000000,,,,,105000000,292300000,2.783809523809524
linear,290000000,200000000,,,,,110000000,292300000,2.6572727272727272
linear,290000000,200000000,,,,,115000000,292300000,2.5417391304347827
linear,290000000,200000000,,,,,120000000,292300000,2.4358333333333335
linear,290000000,200000000,,,,,125000000,292300000,2.3384
linear,290000000,200000000,,,,,130000000,292300000,2.2484615384615383
linear,290000000,210000000,,,,,100000000,299000000,2.99
linear,290000000,210000000,,,,,105000000,299000000,2.8476190476190477
linear,290000000,210000000,,,,,110000000,299000000,2.7181818181818183
linear,290000000,210000000,,,,,115000000,299000000,2.6
linear,290000000,210000000,,,,,120000000,299000000,2.4916666666666667
linear,290000000,210000000,,,,,125000000,299000000,2.392
linear,290000000,210000000,,,,,130000000,299000000,2.3
linear,290000000,220000000,,,,,100000000,305700000,3.057
linear,290000000,220000000,,,,,105000000,305700000,2.9114285714285715
linear,290000000,220000000,,,,,110000000,305700000,2.7790909090909093
linear,290000000,220000000,,,,,115000000,305700000,2.6582608695652175
linear,290000000,220000000,,,,,120000000,305700000,2.5475
linear,290000000,220000000,,,,,125000000,305700000,2.4456
linear,290000000,220000000,,,,,130000000,305700000,2.3515384615384614
linear,290000000,230000000,,,,,100000000,312600000,3.126
linear,290000000,230000000,,,,,105000000,312600000,2.9771428571428573
linear,290000000,230000000,,,,,110000000,312600000,2.841818181818182
linear,290000000,230000000,,,,,115000000,312600000,2.7182608695652175
linear,290000000,230000000,,,,,120000000,312600000,2.605
linear,290000000,230000000,,,,,125000000,312600000,2.5008
linear,290000000,230000000,,,,,130000000,312600000,2.4046153846153846
linear,290000000,240000000,,,,,100000000,319300000,3.193
linear,290000000,240000000,,,,,105000000,319300000,3.040952380952381
linear,290000000,240000000,,,,,110000000,319300000,2.902727272727273
linear,290000000,240000000,,,,,115000000,319300000,2.776521739130435
linear,290000000,240000000,,,,,120000000,319300000,2.660833333333333
linear,290000000,240000000,,,,,125000000,319300000,2.5544
linear,290000000,240000000,,,,,130000000,319300000,2.456153846153846
linear,290000000,250000000,,,,,100000000,326100000,3.261
linear,290000000,250000000,,,,,105000000,326100000,3.105714285714286
linear,290000000,250000000,,,,,110000000,326100000,2.9645454545454544
linear,290000000,250000000,,,,,115000000,326100000,2.8356521739130436
linear,290000000,250000000,,,,,120000000,326100000,2.7175
linear,290000000,250000000,,,,,125000000,326100000,2.6088
linear,290000000,250000000,,,,,130000000,326100000,2.5084615384615385
linear,290000000,260000000,,,,,100000000,332900000,3.329
linear,290000000,260000000,,,,,105000000,332900000,3.1704761904761907
linear,290000000,260000000,,,,,110000000,332900000,3.0263636363636364
linear,290000000,260000000,,,,,115000000,332900000,2.8947826086956523
linear,290000000,260000000,,,,,120000000,332900000,2.7741666666666664
linear,290000000,260000000,,,,,125000000,332900000,2.6632
linear,290000000,260000000,,,,,130000000,332900000,2.560769230769231
linear,290000000,270000000,,,,,100000000,339700000,3.397
linear,290000000,270000000,,,,,105000000,339700000,3.235238095238095
linear,290000000,270000000,,,,,110000000,339700000,3.0881818181818184
linear,290000000,270000000,,,,,115000000,339700000,2.953913043478261
linear,290000000,270000000,,,,,120000000,339700000,2.8308333333333335
linear,290000000,270000000,,,,,125000000,339700000,2.7176
linear,290000000,270000000,,,,,130000000,339700000,2.6130769230769233
linear,290000000,280000000,,,,,100000000,346300000,3.463
linear,290000000,280000000,,,,,105000000,346300000,3.298095238095238
linear,290000000,280000000,,,,,110000000,346300000,3.148181818181818
linear,290000000,280000000,,,,,115000000,346300000,3.011304347826087
linear,290000000,280000000,,,,,120000000,346300000,2.8858333333333333
linear,290000000,280000000,,,,,125000000,346300000,2.7704
linear,290000000,280000000,,,,,130000000,346300000,2.663846153846154
linear,290000000,290000000,,,,,100000000,353100000,3.531
linear,290000000,290000000,,,,,105000000,353100000,3.362857142857143
linear,290000000,290000000,,,,,110000000,353100000,3.21
linear,290000000,290000000,,,,,115000000,353100000,3.0704347826086957
linear,290000000,290000000,,,,,120000000,353100000,2.9425
linear,290000000,290000000,,,,,125000000,353100000,2.8248
linear,290000000,290000000,,,,,130000000,353100000,2.7161538461538464
linear,290000000,300000000,,,,,100000000,359900000,3.599
linear,290000000,300000000,,,,,105000000,359900000,3.427619047619048
linear,290000000,300000000,,,,,110000000,359900000,3.271818181818182
linear,290000000,300000000,,,,,115000000,359900000,3.1295652173913044
linear,290000000,300000000,,,,,120000000,359900000,2.9991666666666665
linear,290000000,300000000,,,,,125000000,359900000,2.8792
linear,290000000,300000000,,,,,130000000,359900000,2.7684615384615383
linear,300000000,100000000,,,,,100000000,230100000,2.301
linear,300000000,100000000,,,,,105000000,230100000,2.1914285714285713
linear,300000000,100000000,,,,,110000000,230100000,2.091818181818182
linear,300000000,100000000,,,,,115000000,230100000,2.0008695652173913
linear,300000000,100000000,,,,,120000000,230100000,1.9175
linear,300000000,100000000,,,,,125000000,230100000,1.8408
linear,300000000,100000000,,,,,130000000,230100000,1.77
linear,300000000,110000000,,,,,100000000,237000000,2.37
linear,300000000,110000000,,,,,105000000,237000000,2.257142857142857
linear,300000000,110000000,,,,,110000000,237000000,2.1545454545454548
linear,300000000,110000000,,,,,115000000,237000000,2.0608695652173914
linear,300000000,110000000,,,,,120000000,237000000,1.975
linear,300000000,110000000,,,,,125000000,237000000,1.896
linear,300000000,110000000,,,,,130000000,237000000,1.823076923076923
linear,300000000,120000000,,,,,100000000,243600000,2.436
linear,300000000,120000000,,,,,105000000,243600000,2.32
linear,300000000,120000000,,,,,110000000,243600000,2.2145454545454544
linear,300000000,120000000,,,,,115000000,243600000,2.1182608695652174
linear,300000000,120000000,,,,,120000000,243600000,2.03
linear,300000000,120000000,,,,,125000000,243600000,1.9488
linear,300000000,120000000,,,,,130000000,243600000,1.873846153846154
linear,300000000,130000000,,,,,100000000,250400000,2.504
linear,300000000,130000000,,,,,105000000,250400000,2.3847619047619046
linear,300000000,130000000,,,,,110000000,250400000,2.2763636363636364
linear,300000000,130000000,,,,,115000000,250400000,2.177391304347826
linear,300000000,130000000,,,,,120000000,250400000,2.0866666666666664
linear,300000000,130000000,,,,,125000000,250400000,2.0032
linear,300000000,130000000,,,,,130000000,250400000,1.926153846153846
linear,300000000,140000000,,,,,100000000,257200000,2.572
linear,300000000,140000000,,,,,105000000,257200000,2.4495238095238094
linear,300000000,140000000,,,,,110000000,257200000,2.3381818181818184
linear,300000000,140000000,,,,,115000000,257200000,2.236521739130435
linear,300000000,140000000,,,,,120000000,257200000,2.1433333333333335
linear,300000000,140000000,,,,,125000000,257200000,2.0576
linear,300000000,140000000,,,,,130000000,257200000,1.9784615384615385
linear,300000000,150000000,,,,,100000000,263900000,2.639
linear,300000000,150000000,,,,,105000000,263900000,2.513333333333333
linear,300000000,150000000,,,,,110000000,263900000,2.399090909090909
linear,300000000,150000000,,,,,115000000,263900000,2.294782608695652
linear,300000000,150000000,,,,,120000000,263900000,2.1991666666666667
linear,300000000,150000000,,,,,125000000,263900000,2.1112
linear,300000000,150000000,,,,,130000000,263900000,2.03
linear,300000000,160000000,,,,,100000000,270700000,2.707
linear,300000000,160000000,,,,,105000000,270700000,2.578095238095238
linear,300000000,160000000,,,,,110000000,270700000,2.460909090909091
linear,300000000,160000000,,,,,115000000,270700000,2.353913043478261
linear,300000000,160000000,,,,,120000000,270700000,2.2558333333333334
linear,300000000,160000000,,,,,125000000,270700000,2.1656
linear,300000000,160000000,,,,,130000000,270700000,2.082307692307692
linear,300000000,170000000,,,,,100000000,277500000,2.775
linear,300000000,170000000,,,,,105000000,277500000,2.642857142857143
linear,300000000,170000000,,,,,110000000,277500000,2.522727272727273
linear,300000000,170000000,,,,,115000000,277500000,2.4130434782608696
linear,300000000,170000000,,,,,120000000,277500000,2.3125
linear,300000000,170000000,,,,,125000000,277500000,2.22
linear,300000000,170000000,,,,,130000000,277500000,2.1346153846153846
linear,300000000,180000000,,,,,100000000,284300000,2.843
linear,300000000,180000000,,,,,105000000,284300000,2.7076190476190476
linear,300000000,180000000,,,,,110000000,284300000,2.5845454545454545
linear,300000000,180000000,,,,,115000000,284300000,2.4721739130434783
linear,300000000,180000000,,,,,120000000,284300000,2.3691666666666666
linear,300000000,180000000,,,,,125000000,284300000,2.2744
linear,300000000,180000000,,,,,130000000,284300000,2.186923076923077
linear,300000000,190000000,,,,,100000000,291000000,2.91
linear,300000000,190000000,,,,,105000000,291000000,2.7714285714285714
linear,300000000,190000000,,,,,110000000,291000000,2.6454545454545455
linear,300000000,190000000,,,,,115000000,291000000,2.5304347826086957
linear,300000000,190000000,,,,,120000000,291000000,2.425
linear,300000000,190000000,,,,,125000000,291000000,2.328
linear,300000000,190000000,,,,,130000000,291000000,2.2384615384615385
linear,300000000,200000000,,,,,100000000,297800000,2.978
linear,300000000,200000000,,,,,105000000,297800000,2.836190476190476
linear,300000000,200000000,,,,,110000000,297800000,2.707272727272727
linear,300000000,200000000,,,,,115000000,297800000,2.5895652173913044
linear,300000000,200000000,,,,,120000000,297800000,2.4816666666666665
linear,300000000,200000000,,,,,125000000,297800000,2.3824
linear,300000000,200000000,,,,,130000000,297800000,2.290769230769231
linear,300000000,210000000,,,,,100000000,304500000,3.045
linear,300000000,210000000,,,,,105000000,304500000,2.9
linear,300000000,210000000,,,,,110000000,304500000,2.768181818181818
linear,300000000,210000000,,,,,115000000,304500000,2.6478260869565218
linear,300000000,210000000,,,,,120000000,304500000,2.5375
linear,300000000,210000000,,,,,125000000,304500000,2.436
linear,300000000,210000000,,,,,130000000,304500000,2.3423076923076924
linear,300000000,220000000,,,,,100000000,311200000,3.112
linear,300000000,220000000,,,,,105000000,311200000,2.9638095238095237
linear,300000000,220000000,,,,,110000000,311200000,2.829090909090909
linear,300000000,220000000,,,,,115000000,311200000,2.706086956521739
linear,300000000,220000000,,,,,120000000,311200000,2.5933333333333333
linear,300000000,220000000,,,,,125000000,311200000,2.4896
linear,300000000,220000000,,,,,130000000,311200000,2.393846153846154
linear,300000000,230000000,,,,,100000000,318100000,3.181
linear,300000000,230000000,,,,,105000000,318100000,3.0295238095238095
linear,300000000,230000000,,,,,110000000,318100000,2.8918181818181816
linear,300000000,230000000,,,,,115000000,318100000,2.766086956521739
linear,300000000,230000000,,,,,120000000,318100000,2.6508333333333334
linear,300000000,230000000,,,,,125000000,318100000,2.5448
linear,300000000,230000000,,,,,130000000,318100000,2.4469230769230768
linear,300000000,240000000,,,,,100000000,324800000,3.248
linear,300000000,240000000,,,,,105000000,324800000,3.0933333333333333
linear,300000000,240000000,,,,,110000000,324800000,2.9527272727272726
linear,300000000,240000000,,,,,115000000,324800000,2.8243478260869566
linear,300000000,240000000,,,,,120000000,324800000,2.7066666666666666
linear,300000000,240000000,,,,,125000000,324800000,2.5984
linear,300000000,240000000,,,,,130000000,324800000,2.4984615384615383
linear,300000000,250000000,,,,,100000000,331600000,3.316
linear,300000000,250000000,,,,,105000000,331600000,3.158095238095238
linear,300000000,250000000,,,,,110000000,331600000,3.0145454545454546
linear,300000000,250000000,,,,,115000000,331600000,2.8834782608695653
linear,300000000,250000000,,,,,120000000,331600000,2.763333333333333
linear,300000000,250000000,,,,,125000000,331600000,2.6528
linear,300000000,250000000,,,,,130000000,331600000,2.5507692307692307
linear,300000000,260000000,,,,,100000000,338400000,3.384
linear,300000000,260000000,,,,,105000000,338400000,3.222857142857143
linear,300000000,260000000,,,,,110000000,338400000,3.076363636363636
linear,300000000,260000000,,,,,115000000,338400000,2.942608695652174
linear,300000000,260000000,,,,,120000000,338400000,2.82
linear,300000000,260000000,,,,,125000000,338400000,2.7072
linear,300000000,260000000,,,,,130000000,338400000,2.603076923076923
linear,300000000,270000000,,,,,100000000,345200000,3.452
linear,300000000,270000000,,,,,105000000,345200000,3.2876190476190477
linear,300000000,270000000,,,,,110000000,345200000,3.138181818181818
linear,300000000,270000000,,,,,115000000,345200000,3.0017391304347827
linear,300000000,270000000,,,,,120000000,345200000,2.8766666666666665
linear,300000000,270000000,,,,,125000000,345200000,2.7616
linear,300000000,270000000,,,,,130000000,345200000,2.6553846153846155
linear,300000000,280000000,,,,,100000000,351800000,3.518
linear,300000000,280000000,,,,,105000000,351800000,3.3504761904761904
linear,300000000,280000000,,,,,110000000,351800000,3.1981818181818182
linear,300000000,280000000,,,,,115000000,351800000,3.0591304347826087
linear,300000000,280000000,,,,,120000000,351800000,2.9316666666666666
linear,300000000,280000000,,,,,125000000,351800000,2.8144
linear,300000000,280000000,,,,,130000000,351800000,2.706153846153846
linear,300000000,290000000,,,,,100000000,358600000,3.586
linear,300000000,290000000,,,,,105000000,358600000,3.415238095238095
linear,300000000,290000000,,,,,110000000,358600000,3.26
linear,300000000,290000000,,,,,115000000,358600000,3.1182608695652174
linear,300000000,290000000,,,,,120000000,358600000,2.9883333333333333
linear,300000000,290000000,,,,,125000000,358600000,2.8688
linear,300000000,290000000,,,,,130000000,358600000,2.7584615384615385
linear,300000000,300000000,,,,,100000000,365400000,3.654
linear,300000000,300000000,,,,,105000000,365400000,3.48
linear,300000000,300000000,,,,,110000000,365400000,3.321818181818182
linear,300000000,300000000,,,,,115000000,365400000,3.177391304347826
linear,300000000,300000000,,,,,120000000,365400000,3.045
linear,300000000,300000000,,,,,125000000,365400000,2.9232
linear,300000000,300000000,,,,,130000000,365400000,2.810769230769231
power_curve,,,15000000,15000000,0.5,,100000000,112100000,1.121
power_curve,,,15000000,15000000,0.5,,105000000,112100000,1.0676190476190477
power_curve,,,15000000,15000000,0.5,,110000000,112100000,1.019090909090909
power_curve,,,15000000,15000000,0.5,,115000000,112100000,0.9747826086956521
power_curve,,,15000000,15000000,0.5,,120000000,112100000,0.9341666666666667
power_curve,,,15000000,15000000,0.5,,125000000,112100000,0.8968
power_curve,,,15000000,15000000,0.5,,130000000,112100000,0.8623076923076923
power_curve,,,15000000,15000000,1.0,,100000000,105400000,1.054
power_curve,,,15000000,15000000,1.0,,105000000,105400000,1.0038095238095237
power_curve,,,15000000,15000000,1.0,,110000000,105400000,0.9581818181818181
power_curve,,,15000000,15000000,1.0,,115000000,105400000,0.9165217391304348
power_curve,,,15000000,15000000,1.0,,120000000,105400000,0.8783333333333333
power_curve,,,15000000,15000000,1.0,,125000000,105400000,0.8432
power_curve,,,15000000,15000000,1.0,,130000000,105400000,0.8107692307692308
power_curve,,,15000000,15000000,1.5,,100000000,99600000,0.996
power_curve,,,15000000,15000000,1.5,,105000000,99600000,0.9485714285714286
power_curve,,,15000000,15000000,1.5,,110000000,99600000,0.9054545454545454
power_curve,,,15000000,15000000,1.5,,115000000,99600000,0.8660869565217392
power_curve,,,15000000,15000000,1.5,,120000000,99600000,0.83
power_curve,,,15000000,15000000,1.5,,125000000,99600000,0.7968
power_curve,,,15000000,15000000,1.5,,130000000,99600000,0.7661538461538462
power_curve,,,15000000,15000000,2.0,,100000000,94500000,0.945
power_curve,,,15000000,15000000,2.0,,105000000,94500000,0.9
power_curve,,,15000000,15000000,2.0,,110000000,94500000,0.8590909090909091
power_curve,,,15000000,15000000,2.0,,115000000,94500000,0.8217391304347826
power_curve,,,15000000,15000000,2.0,,120000000,94500000,0.7875
power_curve,,,15000000,15000000,2.0,,125000000,94500000,0.756
power_curve,,,15000000,15000000,2.0,,130000000,94500000,0.7269230769230769
power_curve,,,15000000,15000000,2.5,,100000000,90000000,0.9
power_curve,,,15000000,15000000,2.5,,105000000,90000000,0.8571428571428571
power_curve,,,15000000,15000000,2.5,,110000000,90000000,0.8181818181818182
power_curve,,,15000000,15000000,2.5,,115000000,90000000,0.782608695652174
power_curve,,,15000000,15000000,2.5,,120000000,90000000,0.75
power_curve,,,15000000,15000000,2.5,,125000000,90000000,0.72
power_curve,,,15000000,15000000,2.5,,130000000,90000000,0.6923076923076923
power_curve,,,15000000,15000000,3.0,,100000000,86100000,0.861
power_curve,,,15000000,15000000,3.0,,105000000,86100000,0.82
power_curve,,,15000000,15000000,3.0,,110000000,86100000,0.7827272727272727
power_curve,,,15000000,15000000,3.0,,115000000,86100000,0.7486956521739131
power_curve,,,15000000,15000000,3.0,,120000000,86100000,0.7175
power_curve,,,15000000,15000000,3.0,,125000000,86100000,0.6888
power_curve,,,15000000,15000000,3.0,,130000000,86100000,0.6623076923076923
power_curve,,,15000000,20000000,0.5,,100000000,126500000,1.265
power_curve,,,15000000,20000000,0.5,,105000000,126500000,1.2047619047619047
power_curve,,,15000000,20000000,0.5,,110000000,126500000,1.15
power_curve,,,15000000,20000000,0.5,,115000000,126500000,1.1
power_curve,,,15000000,20000000,0.5,,120000000,126500000,1.0541666666666667
power_curve,,,15000000,20000000,0.5,,125000000,126500000,1.012
power_curve,,,15000000,20000000,0.5,,130000000,126500000,0.9730769230769231
power_curve,,,15000000,20000000,1.0,,100000000,119300000,1.193
power_curve,,,15000000,20000000,1.0,,105000000,119300000,1.1361904761904762
power_curve,,,15000000,20000000,1.0,,110000000,119300000,1.0845454545454545
power_curve,,,15000000,20000000,1.0,,115000000,119300000,1.037391304347826
power_curve,,,15000000,20000000,1.0,,120000000,119300000,0.9941666666666666
power_curve,,,15000000,20000000,1.0,,125000000,119300000,0.9544
power_curve,,,15000000,20000000,1.0,,130000000,119300000,0.9176923076923077
power_curve,,,15000000,20000000,1.5,,100000000,112900000,1.129
power_curve,,,15000000,20000000,1.5,,105000000,112900000,1.0752380952380953
power_curve,,,15000000,20000000,1.5,,110000000,112900000,1.0263636363636364
power_curve,,,15000000,20000000,1.5,,115000000,112900000,0.9817391304347826
power_curve,,,15000000,20000000,1.5,,120000000,112900000,0.9408333333333333
power_curve,,,15000000,20000000,1.5,,125000000,112900000,0.9032
power_curve,,,15000000,20000000,1.5,,130000000,112900000,0.8684615384615385
power_curve,,,15000000,20000000,2.0,,100000000,107400000,1.074
power_curve,,,15000000,20000000,2.0,,105000000,107400000,1.022857142857143
power_curve,,,15000000,20000000,2.0,,110000000,107400000,0.9763636363636363
power_curve,,,15000000,20000000,2.0,,115000000,107400000,0.9339130434782609
power_curve,,,15000000,20000000,2.0,,120000000,107400000,0.895
power_curve,,,15000000,20000000,2.0,,125000000,107400000,0.8592
power_curve,,,15000000,20000000,2.0,,130000000,107400000,0.8261538461538461
power_curve,,,15000000,20000000,2.5,,100000000,102700000,1.027
power_curve,,,15000000,20000000,2.5,,105000000,102700000,0.9780952380952381
power_curve,,,15000000,20000000,2.5,,110000000,102700000,0.9336363636363636
power_curve,,,15000000,20000000,2.5,,115000000,102700000,0.8930434782608696
power_curve,,,15000000,20000000,2.5,,120000000,102700000,0.8558333333333333
power_curve,,,15000000,20000000,2.5,,125000000,102700000,0.8216
power_curve,,,15000000,20000000,2.5,,130000000,102700000,0.79
power_curve,,,15000000,20000000,3.0,,100000000,98500000,0.985
power_curve,,,15000000,20000000,3.0,,105000000,98500000,0.9380952380952381
power_curve,,,15000000,20000000,3.0,,110000000,98500000,0.8954545454545455
power_curve,,,15000000,20000000,3.0,,115000000,98500000,0.8565217391304348
power_curve,,,15000000,20000000,3.0,,120000000,98500000,0.8208333333333333
power_curve,,,15000000,20000000,3.0,,125000000,98500000,0.788
power_curve,,,15000000,20000000,3.0,,130000000,98500000,0.7576923076923077
power_curve,,,15000000,25000000,0.5,,100000000,141000000,1.41
power_curve,,,15000000,25000000,0.5,,105000000,141000000,1.3428571428571427
power_curve,,,15000000,25000000,0.5,,110000000,141000000,1.2818181818181817
power_curve,,,15000000,25000000,0.5,,115000000,141000000,1.2260869565217392
power_curve,,,15000000,25000000,0.5,,120000000,141000000,1.175
power_curve,,,15000000,25000000,0.5,,125000000,141000000,1.128
power_curve,,,15000000,25000000,0.5,,130000000,141000000,1.0846153846153845
power_curve,,,15000000,25000000,1.0,,100000000,133200000,1.332
power_curve,,,15000000,25000000,1.0,,105000000,133200000,1.2685714285714285
power_curve,,,15000000,25000000,1.0,,110000000,133200000,1.210909090909091
power_curve,,,15000000,25000000,1.0,,115000000,133200000,1.1582608695652175
power_curve,,,15000000,25000000,1.0,,120000000,133200000,1.11
power_curve,,,15000000,25000000,1.0,,125000000,133200000,1.0656
power_curve,,,15000000,25000000,1.0,,130000000,133200000,1.0246153846153847
power_curve,,,15000000,25000000,1.5,,100000000,126400000,1.264
power_curve,,,15000000,25000000,1.5,,105000000,126400000,1.2038095238095239
power_curve,,,15000000,25000000,1.5,,110000000,126400000,1.1490909090909092
power_curve,,,15000000,25000000,1.5,,115000000,126400000,1.0991304347826087
power_curve,,,15000000,25000000,1.5,,120000000,126400000,1.0533333333333332
power_curve,,,15000000,25000000,1.5,,125000000,126400000,1.0112
power_curve,,,15000000,25000000,1.5,,130000000,126400000,0.9723076923076923
power_curve,,,15000000,25000000,2.0,,100000000,120400000,1.204
power_curve,,,15000000,25000000,2.0,,105000000,120400000,1.1466666666666667
power_curve,,,15000000,25000000,2.0,,110000000,120400000,1.0945454545454545
power_curve,,,15000000,25000000,2.0,,115000000,120400000,1.0469565217391303
power_curve,,,15000000,25000000,2.0,,120000000,120400000,1.0033333333333334
power_curve,,,15000000,25000000,2.0,,125000000,120400000,0.9632
power_curve,,,15000000,25000000,2.0,,130000000,120400000,0.9261538461538461
power_curve,,,15000000,25000000,2.5,,100000000,115300000,1.153
power_curve,,,15000000,25000000,2.5,,105000000,115300000,1.098095238095238
power_curve,,,15000000,25000000,2.5,,110000000,115300000,1.048181818181818
power_curve,,,15000000,25000000,2.5,,115000000,115300000,1.0026086956521738
power_curve,,,15000000,25000000,2.5,,120000000,115300000,0.9608333333333333
power_curve,,,15000000,25000000,2.5,,125000000,115300000,0.9224
power_curve,,,15000000,25000000,2.5,,130000000,115300000,0.8869230769230769
power_curve,,,15000000,25000000,3.0,,100000000,110700000,1.107
power_curve,,,15000000,25000000,3.0,,105000000,110700000,1.0542857142857143
power_curve,,,15000000,25000000,3.0,,110000000,110700000,1.0063636363636363
power_curve,,,15000000,25000000,3.0,,115000000,110700000,0.9626086956521739
power_curve,,,15000000,25000000,3.0,,120000000,110700000,0.9225
power_curve,,,15000000,25000000,3.0,,125000000,110700000,0.8856
power_curve,,,15000000,25000000,3.0,,130000000,110700000,0.8515384615384616
power_curve,,,15000000,30000000,0.5,,100000000,155300000,1.553
power_curve,,,15000000,30000000,0.5,,105000000,155300000,1.479047619047619
power_curve,,,15000000,30000000,0.5,,110000000,155300000,1.4118181818181819
power_curve,,,15000000,30000000,0.5,,115000000,155300000,1.3504347826086958
power_curve,,,15000000,30000000,0.5,,120000000,155300000,1.2941666666666667
power_curve,,,15000000,30000000,0.5,,125000000,155300000,1.2424
power_curve,,,15000000,30000000,0.5,,130000000,155300000,1.1946153846153846
power_curve,,,15000000,30000000,1.0,,100000000,147100000,1.471
power_curve,,,15000000,30000000,1.0,,105000000,147100000,1.400952380952381
power_curve,,,15000000,30000000,1.0,,110000000,147100000,1.3372727272727272
power_curve,,,15000000,30000000,1.0,,115000000,147100000,1.2791304347826087
power_curve,,,15000000,30000000,1.0,,120000000,147100000,1.2258333333333333
power_curve,,,15000000,30000000,1.0,,125000000,147100000,1.1768
power_curve,,,15000000,30000000,1.0,,130000000,147100000,1.1315384615384616
power_curve,,,15000000,30000000,1.5,,100000000,139800000,1.398
power_curve,,,15000000,30000000,1.5,,105000000,139800000,1.3314285714285714
power_curve,,,15000000,30000000,1.5,,110000000,139800000,1.270909090909091
power_curve,,,15000000,30000000,1.5,,115000000,139800000,1.2156521739130435
power_curve,,,15000000,30000000,1.5,,120000000,139800000,1.165
power_curve,,,15000000,30000000,1.5,,125000000,139800000,1.1184
power_curve,,,15000000,30000000,1.5,,130000000,139800000,1.0753846153846154
power_curve,,,15000000,30000000,2.0,,100000000,133400000,1.334
power_curve,,,15000000,30000000,2.0,,105000000,133400000,1.2704761904761905
power_curve,,,15000000,30000000,2.0,,110000000,133400000,1.2127272727272727
power_curve,,,15000000,30000000,2.0,,115000000,133400000,1.16
power_curve,,,15000000,30000000,2.0,,120000000,133400000,1.1116666666666666
power_curve,,,15000000,30000000,2.0,,125000000,133400000,1.0672
power_curve,,,15000000,30000000,2.0,,130000000,133400000,1.0261538461538462
power_curve,,,15000000,30000000,2.5,,100000000,127900000,1.279
power_curve,,,15000000,30000000,2.5,,105000000,127900000,1.2180952380952381
power_curve,,,15000000,30000000,2.5,,110000000,127900000,1.1627272727272728
power_curve,,,15000000,30000000,2.5,,115000000,127900000,1.1121739130434782
power_curve,,,15000000,30000000,2.5,,120000000,127900000,1.0658333333333334
power_curve,,,15000000,30000000,2.5,,125000000,127900000,1.0232
power_curve,,,15000000,30000000,2.5,,130000000,127900000,0.9838461538461538
power_curve,,,15000000,30000000,3.0,,100000000,123000000,1.23
power_curve,,,15000000,30000000,3.0,,105000000,123000000,1.1714285714285715
power_curve,,,15000000,30000000,3.0,,110000000,123000000,1.1181818181818182
power_curve,,,15000000,30000000,3.0,,115000000,123000000,1.0695652173913044
power_curve,,,15000000,30000000,3.0,,120000000,123000000,1.025
power_curve,,,15000000,30000000,3.0,,125000000,123000000,0.984
power_curve,,,15000000,30000000,3.0,,130000000,123000000,0.9461538461538461
power_curve,,,15000000,35000000,0.5,,100000000,169800000,1.698
power_curve,,,15000000,35000000,0.5,,105000000,169800000,1.6171428571428572
power_curve,,,15000000,35000000,0.5,,110000000,169800000,1.5436363636363637
power_curve,,,15000000,35000000,0.5,,115000000,169800000,1.4765217391304348
power_curve,,,15000000,35000000,0.5,,120000000,169800000,1.415
power_curve,,,15000000,35000000,0.5,,125000000,169800000,1.3584
power_curve,,,15000000,35000000,0.5,,130000000,169800000,1.3061538461538462
power_curve,,,15000000,35000000,1.0,,100000000,161000000,1.61
power_curve,,,15000000,35000000,1.0,,105000000,161000000,1.5333333333333334
power_curve,,,15000000,35000000,1.0,,110000000,161000000,1.4636363636363636
power_curve,,,15000000,35000000,1.0,,115000000,161000000,1.4
power_curve,,,15000000,35000000,1.0,,120000000,161000000,1.3416666666666666
power_curve,,,15000000,35000000,1.0,,125000000,161000000,1.288
power_curve,,,15000000,35000000,1.0,,130000000,161000000,1.2384615384615385
power_curve,,,15000000,35000000,1.5,,100000000,153200000,1.532
power_curve,,,15000000,35000000,1.5,,105000000,153200000,1.4590476190476191
power_curve,,,15000000,35000000,1.5,,110000000,153200000,1.3927272727272728
power_curve,,,15000000,35000000,1.5,,115000000,153200000,1.3321739130434782
power_curve,,,15000000,35000000,1.5,,120000000,153200000,1.2766666666666666
power_curve,,,15000000,35000000,1.5,,125000000,153200000,1.2256
power_curve,,,15000000,35000000,1.5,,130000000,153200000,1.1784615384615384
power_curve,,,15000000,35000000,2.0,,100000000,146400000,1.464
power_curve,,,15000000,35000000,2.0,,105000000,146400000,1.3942857142857144
power_curve,,,15000000,35000000,2.0,,110000000,146400000,1.3309090909090908
power_curve,,,15000000,35000000,2.0,,115000000,146400000,1.2730434782608695
power_curve,,,15000000,35000000,2.0,,120000000,146400000,1.22
power_curve,,,15000000,35000000,2.0,,125000000,146400000,1.1712
power_curve,,,15000000,35000000,2.0,,130000000,146400000,1.126153846153846
power_curve,,,15000000,35000000,2.5,,100000000,140600000,1.406
power_curve,,,15000000,35000000,2.5,,105000000,140600000,1.339047619047619
power_curve,,,15000000,35000000,2.5,,110000000,140600000,1.278181818181818
power_curve,,,15000000,35000000,2.5,,115000000,140600000,1.222608695652174
power_curve,,,15000000,35000000,2.5,,120000000,140600000,1.1716666666666666
power_curve,,,15000000,35000000,2.5,,125000000,140600000,1.1248
power_curve,,,15000000,35000000,2.5,,130000000,140600000,1.0815384615384616
power_curve,,,15000000,35000000,3.0,,100000000,135200000,1.352
power_curve,,,15000000,35000000,3.0,,105000000,135200000,1.2876190476190477
power_curve,,,15000000,35000000,3.0,,110000000,135200000,1.229090909090909
power_curve,,,15000000,35000000,3.0,,115000000,135200000,1.1756521739130434
power_curve,,,15000000,35000000,3.0,,120000000,135200000,1.1266666666666667
power_curve,,,15000000,35000000,3.0,,125000000,135200000,1.0816
power_curve,,,15000000,35000000,3.0,,130000000,135200000,1.04
power_curve,,,15000000,40000000,0.5,,100000000,184300000,1.843
power_curve,,,15000000,40000000,0.5,,105000000,184300000,1.7552380952380953
power_curve,,,15000000,40000000,0.5,,110000000,184300000,1.6754545454545455
power_curve,,,15000000,40000000,0.5,,115000000,184300000,1.602608695652174
power_curve,,,15000000,40000000,0.5,,120000000,184300000,1.5358333333333334
power_curve,,,15000000,40000000,0.5,,125000000,184300000,1.4744
power_curve,,,15000000,40000000,0.5,,130000000,184300000,1.4176923076923076
power_curve,,,15000000,40000000,1.0,,100000000,174900000,1.749
power_curve,,,15000000,40000000,1.0,,105000000,174900000,1.6657142857142857
power_curve,,,15000000,40000000,1.0,,110000000,174900000,1.59
power_curve,,,15000000,40000000,1.0,,115000000,174900000,1.5208695652173914
power_curve,,,15000000,40000000,1.0,,120000000,174900000,1.4575
power_curve,,,15000000,40000000,1.0,,125000000,174900000,1.3992
power_curve,,,15000000,40000000,1.0,,130000000,174900000,1.3453846153846154
power_curve,,,15000000,40000000,1.5,,100000000,166700000,1.667
power_curve,,,15000000,40000000,1.5,,105000000,166700000,1.5876190476190477
power_curve,,,15000000,40000000,1.5,,110000000,166700000,1.5154545454545454
power_curve,,,15000000,40000000,1.5,,115000000,166700000,1.4495652173913043
power_curve,,,15000000,40000000,1.5,,120000000,166700000,1.3891666666666667
power_curve,,,15000000,40000000,1.5,,125000000,166700000,1.3336
power_curve,,,15000000,40000000,1.5,,130000000,166700000,1.2823076923076924
power_curve,,,15000000,40000000,2.0,,100000000,159400000,1.594
power_curve,,,15000000,40000000,2.0,,105000000,159400000,1.5180952380952382
power_curve,,,15000000,40000000,2.0,,110000000,159400000,1.449090909090909
power_curve,,,15000000,40000000,2.0,,115000000,159400000,1.386086956521739
power_curve,,,15000000,40000000,2.0,,120000000,159400000,1.3283333333333334
power_curve,,,15000000,40000000,2.0,,125000000,159400000,1.2752
power_curve,,,15000000,40000000,2.0,,130000000,159400000,1.2261538461538461
power_curve,,,15000000,40000000,2.5,,100000000,153200000,1.532
power_curve,,,15000000,40000000,2.5,,105000000,153200000,1.4590476190476191
power_curve,,,15000000,40000000,2.5,,110000000,153200000,1.3927272727272728
power_curve,,,15000000,40000000,2.5,,115000000,153200000,1.3321739130434782
power_curve,,,15000000,40000000,2.5,,120000000,153200000,1.2766666666666666
power_curve,,,15000000,40000000,2.5,,125000000,153200000,1.2256
power_curve,,,15000000,40000000,2.5,,130000000,153200000,1.1784615384615384
power_curve,,,15000000,40000000,3.0,,100000000,147500000,1.475
power_curve,,,15000000,40000000,3.0,,105000000,147500000,1.4047619047619047
power_curve,,,15000000,40000000,3.0,,110000000,147500000,1.3409090909090908
power_curve,,,15000000,40000000,3.0,,115000000,147500000,1.2826086956521738
power_curve,,,15000000,40000000,3.0,,120000000,147500000,1.2291666666666667
power_curve,,,15000000,40000000,3.0,,125000000,147500000,1.18
power_curve,,,15000000,40000000,3.0,,130000000,147500000,1.1346153846153846
power_curve,,,15000000,45000000,0.5,,100000000,198600000,1.986
power_curve,,,15000000,45000000,0.5,,105000000,198600000,1.8914285714285715
power_curve,,,15000000,45000000,0.5,,110000000,198600000,1.8054545454545454
power_curve,,,15000000,45000000,0.5,,115000000,198600000,1.7269565217391305
power_curve,,,15000000,45000000,0.5,,120000000,198600000,1.655
power_curve,,,15000000,45000000,0.5,,125000000,198600000,1.5888
power_curve,,,15000000,45000000,0.5,,130000000,198600000,1.5276923076923077
power_curve,,,15000000,45000000,1.0,,100000000,188800000,1.888
power_curve,,,15000000,45000000,1.0,,105000000,188800000,1.7980952380952382
power_curve,,,15000000,45000000,1.0,,110000000,188800000,1.7163636363636363
power_curve,,,15000000,45000000,1.0,,115000000,188800000,1.6417391304347826
power_curve,,,15000000,45000000,1.0,,120000000,188800000,1.5733333333333333
power_curve,,,15000000,45000000,1.0,,125000000,188800000,1.5104
power_curve,,,15000000,45000000,1.0,,130000000,188800000,1.4523076923076923
power_curve,,,15000000,45000000,1.5,,100000000,180100000,1.801
power_curve,,,15000000,45000000,1.5,,105000000,180100000,1.7152380952380952
power_curve,,,15000000,45000000,1.5,,110000000,180100000,1.6372727272727272
power_curve,,,15000000,45000000,1.5,,115000000,180100000,1.5660869565217392
power_curve,,,15000000,45000000,1.5,,120000000,180100000,1.5008333333333332
power_curve,,,15000000,45000000,1.5,,125000000,180100000,1.4408
power_curve,,,15000000,45000000,1.5,,130000000,180100000,1.3853846153846154
power_curve,,,15000000,45000000,2.0,,100000000,172400000,1.724
power_curve,,,15000000,45000000,2.0,,105000000,172400000,1.641904761904762
power_curve,,,15000000,45000000,2.0,,110000000,172400000,1.5672727272727274
power_curve,,,15000000,45000000,2.0,,115000000,172400000,1.4991304347826087
power_curve,,,15000000,45000000,2.0,,120000000,172400000,1.4366666666666668
power_curve,,,15000000,45000000,2.0,,125000000,172400000,1.3792
power_curve,,,15000000,45000000,2.0,,130000000,172400000,1.3261538461538462
power_curve,,,15000000,45000000,2.5,,100000000,165900000,1.659
power_curve,,,15000000,45000000,2.5,,105000000,165900000,1.58
power_curve,,,15000000,45000000,2.5,,110000000,165900000,1.5081818181818183
power_curve,,,15000000,45000000,2.5,,115000000,165900000,1.442608695652174
power_curve,,,15000000,45000000,2.5,,120000000,165900000,1.3825
power_curve,,,15000000,45000000,2.5,,125000000,165900000,1.3272
power_curve,,,15000000,45000000,2.5,,130000000,165900000,1.2761538461538462
power_curve,,,15000000,45000000,3.0,,100000000,159800000,1.598
power_curve,,,15000000,45000000,3.0,,105000000,159800000,1.5219047619047619
power_curve,,,15000000,45000000,3.0,,110000000,159800000,1.4527272727272726
power_curve,,,15000000,45000000,3.0,,115000000,159800000,1.3895652173913045
power_curve,,,15000000,45000000,3.0,,120000000,159800000,1.3316666666666668
power_curve,,,15000000,45000000,3.0,,125000000,159800000,1.2784
power_curve,,,15000000,45000000,3.0,,130000000,159800000,1.2292307692307691
power_curve,,,15000000,50000000,0.5,,100000000,213100000,2.131
power_curve,,,15000000,50000000,0.5,,105000000,213100000,2.0295238095238095
power_curve,,,15000000,50000000,0.5,,110000000,213100000,1.9372727272727273
power_curve,,,15000000,50000000,0.5,,115000000,213100000,1.8530434782608696
power_curve,,,15000000,50000000,0.5,,120000000,213100000,1.7758333333333334
power_curve,,,15000000,50000000,0.5,,125000000,213100000,1.7048
power_curve,,,15000000,50000000,0.5,,130000000,213100000,1.6392307692307693
power_curve,,,15000000,50000000,1.0,,100000000,202600000,2.026
power_curve,,,15000000,50000000,1.0,,105000000,202600000,1.9295238095238094
power_curve,,,15000000,50000000,1.0,,110000000,202600000,1.8418181818181818
power_curve,,,15000000,50000000,1.0,,115000000,202600000,1.7617391304347827
power_curve,,,15000000,50000000,1.0,,120000000,202600000,1.6883333333333332
power_curve,,,15000000,50000000,1.0,,125000000,202600000,1.6208
power_curve,,,15000000,50000000,1.0,,130000000,202600000,1.5584615384615386
power_curve,,,15000000,50000000,1.5,,100000000,193600000,1.936
power_curve,,,15000000,50000000,1.5,,105000000,193600000,1.8438095238095238
power_curve,,,15000000,50000000,1.5,,110000000,193600000,1.76
power_curve,,,15000000,50000000,1.5,,115000000,193600000,1.6834782608695653
power_curve,,,15000000,50000000,1.5,,120000000,193600000,1.6133333333333333
power_curve,,,15000000,50000000,1.5,,125000000,193600000,1.5488
power_curve,,,15000000,50000000,1.5,,130000000,193600000,1.4892307692307691
power_curve,,,15000000,50000000,2.0,,100000000,185400000,1.854
power_curve,,,15000000,50000000,2.0,,105000000,185400000,1.7657142857142858
power_curve,,,15000000,50000000,2.0,,110000000,185400000,1.6854545454545455
power_curve,,,15000000,50000000,2.0,,115000000,185400000,1.6121739130434782
power_curve,,,15000000,50000000,2.0,,120000000,185400000,1.545
power_curve,,,15000000,50000000,2.0,,125000000,185400000,1.4832
power_curve,,,15000000,50000000,2.0,,130000000,185400000,1.426153846153846
power_curve,,,15000000,50000000,2.5,,100000000,178400000,1.784
power_curve,,,15000000,50000000,2.5,,105000000,178400000,1.6990476190476191
power_curve,,,15000000,50000000,2.5,,110000000,178400000,1.6218181818181818
power_curve,,,15000000,50000000,2.5,,115000000,178400000,1.551304347826087
power_curve,,,15000000,50000000,2.5,,120000000,178400000,1.4866666666666666
power_curve,,,15000000,50000000,2.5,,125000000,178400000,1.4272
power_curve,,,15000000,50000000,2.5,,130000000,178400000,1.3723076923076922
power_curve,,,15000000,50000000,3.0,,100000000,172100000,1.721
power_curve,,,15000000,50000000,3.0,,105000000,172100000,1.639047619047619
power_curve,,,15000000,50000000,3.0,,110000000,172100000,1.5645454545454545
power_curve,,,15000000,50000000,3.0,,115000000,172100000,1.4965217391304348
power_curve,,,15000000,50000000,3.0,,120000000,172100000,1.4341666666666666
power_curve,,,15000000,50000000,3.0,,125000000,172100000,1.3768
power_curve,,,15000000,50000000,3.0,,130000000,172100000,1.323846153846154
power_curve,,,16000000,15000000,0.5,,100000000,116600000,1.166
power_curve,,,16000000,15000000,0.5,,105000000,116600000,1.1104761904761904
power_curve,,,16000000,15000000,0.5,,110000000,116600000,1.06
power_curve,,,16000000,15000000,0.5,,115000000,116600000,1.0139130434782608
power_curve,,,16000000,15000000,0.5,,120000000,116600000,0.9716666666666667
power_curve,,,16000000,15000000,0.5,,125000000,116600000,0.9328
power_curve,,,16000000,15000000,0.5,,130000000,116600000,0.8969230769230769
power_curve,,,16000000,15000000,1.0,,100000000,109400000,1.094
power_curve,,,16000000,15000000,1.0,,105000000,109400000,1.041904761904762
power_curve,,,16000000,15000000,1.0,,110000000,109400000,0.9945454545454545
power_curve,,,16000000,15000000,1.0,,115000000,109400000,0.951304347826087
power_curve,,,16000000,15000000,1.0,,120000000,109400000,0.9116666666666666
power_curve,,,16000000,15000000,1.0,,125000000,109400000,0.8752
power_curve,,,16000000,15000000,1.0,,130000000,109400000,0.8415384615384616
power_curve,,,16000000,15000000,1.5,,100000000,103300000,1.033
power_curve,,,16000000,15000000,1.5,,105000000,103300000,0.9838095238095238
power_curve,,,16000000,15000000,1.5,,110000000,103300000,0.9390909090909091
power_curve,,,16000000,15000000,1.5,,115000000,103300000,0.8982608695652174
power_curve,,,16000000,15000000,1.5,,120000000,103300000,0.8608333333333333
power_curve,,,16000000,15000000,1.5,,125000000,103300000,0.8264
power_curve,,,16000000,15000000,1.5,,130000000,103300000,0.7946153846153846
power_curve,,,16000000,15000000,2.0,,100000000,98000000,0.98
power_curve,,,16000000,15000000,2.0,,105000000,98000000,0.9333333333333333
power_curve,,,16000000,15000000,2.0,,110000000,98000000,0.8909090909090909
power_curve,,,16000000,15000000,2.0,,115000000,98000000,0.8521739130434782
power_curve,,,16000000,15000000,2.0,,120000000,98000000,0.8166666666666667
power_curve,,,16000000,15000000,2.0,,125000000,98000000,0.784
power_curve,,,16000000,15000000,2.0,,130000000,98000000,0.7538461538461538
power_curve,,,16000000,15000000,2.5,,100000000,93200000,0.932
power_curve,,,16000000,15000000,2.5,,105000000,93200000,0.8876190476190476
power_curve,,,16000000,15000000,2.5,,110000000,93200000,0.8472727272727273
power_curve,,,16000000,15000000,2.5,,115000000,93200000,0.8104347826086956
power_curve,,,16000000,15000000,2.5,,120000000,93200000,0.7766666666666666
power_curve,,,16000000,15000000,2.5,,125000000,93200000,0.7456
power_curve,,,16000000,15000000,2.5,,130000000,93200000,0.7169230769230769
power_curve,,,16000000,15000000,3.0,,100000000,89000000,0.89
power_curve,,,16000000,15000000,3.0,,105000000,89000000,0.8476190476190476
power_curve,,,16000000,15000000,3.0,,110000000,89000000,0.8090909090909091
power_curve,,,16000000,15000000,3.0,,115000000,89000000,0.7739130434782608
power_curve,,,16000000,15000000,3.0,,120000000,89000000,0.7416666666666667
power_curve,,,16000000,15000000,3.0,,125000000,89000000,0.712
power_curve,,,16000000,15000000,3.0,,130000000,89000000,0.6846153846153846
power_curve,,,16000000,20000000,0.5,,100000000,131000000,1.31
power_curve,,,16000000,20000000,0.5,,105000000,131000000,1.2476190476190476
power_curve,,,16000000,20000000,0.5,,110000000,131000000,1.190909090909091
power_curve,,,16000000,20000000,0.5,,115000000,131000000,1.1391304347826088
power_curve,,,16000000,20000000,0.5,,120000000,131000000,1.0916666666666666
power_curve,,,16000000,20000000,0.5,,125000000,131000000,1.048
power_curve,,,16000000,20000000,0.5,,130000000,131000000,1.0076923076923077
power_curve,,,16000000,20000000,1.0,,100000000,123300000,1.233
power_curve,,,16000000,20000000,1.0,,105000000,123300000,1.1742857142857144
power_curve,,,16000000,20000000,1.0,,110000000,123300000,1.1209090909090909
power_curve,,,16000000,20000000,1.0,,115000000,123300000,1.0721739130434782
power_curve,,,16000000,20000000,1.0,,120000000,123300000,1.0275
power_curve,,,16000000,20000000,1.0,,125000000,123300000,0.9864
power_curve,,,16000000,20000000,1.0,,130000000,123300000,0.9484615384615385
power_curve,,,16000000,20000000,1.5,,100000000,116600000,1.166
power_curve,,,16000000,20000000,1.5,,105000000,116600000,1.1104761904761904
power_curve,,,16000000,20000000,1.5,,110000000,116600000,1.06
power_curve,,,16000000,20000000,1.5,,115000000,116600000,1.0139130434782608
power_curve,,,16000000,20000000,1.5,,120000000,116600000,0.9716666666666667
power_curve,,,16000000,20000000,1.5,,125000000,116600000,0.9328
power_curve,,,16000000,20000000,1.5,,130000000,116600000,0.8969230769230769
power_curve,,,16000000,20000000,2.0,,100000000,110900000,1.109
power_curve,,,16000000,20000000,2.0,,105000000,110900000,1.0561904761904761
power_curve,,,16000000,20000000,2.0,,110000000,110900000,1.0081818181818183
power_curve,,,16000000,20000000,2.0,,115000000,110900000,0.9643478260869566
power_curve,,,16000000,20000000,2.0,,120000000,110900000,0.9241666666666667
power_curve,,,16000000,20000000,2.0,,125000000,110900000,0.8872
power_curve,,,16000000,20000000,2.0,,130000000,110900000,0.8530769230769231
power_curve,,,16000000,20000000,2.5,,100000000,105900000,1.059
power_curve,,,16000000,20000000,2.5,,105000000,105900000,1.0085714285714287
power_curve,,,16000000,20000000,2.5,,110000000,105900000,0.9627272727272728
power_curve,,,16000000,20000000,2.5,,115000000,105900000,0.9208695652173913
power_curve,,,16000000,20000000,2.5,,120000000,105900000,0.8825
power_curve,,,16000000,20000000,2.5,,125000000,105900000,0.8472
power_curve,,,16000000,20000000,2.5,,130000000,105900000,0.8146153846153846
power_curve,,,16000000,20000000,3.0,,100000000,101400000,1.014
power_curve,,,16000000,20000000,3.0,,105000000,101400000,0.9657142857142857
power_curve,,,16000000,20000000,3.0,,110000000,101400000,0.9218181818181819
power_curve,,,16000000,20000000,3.0,,115000000,101400000,0.8817391304347826
power_curve,,,16000000,20000000,3.0,,120000000,101400000,0.845
power_curve,,,16000000,20000000,3.0,,125000000,101400000,0.8112
power_curve,,,16000000,20000000,3.0,,130000000,101400000,0.78
power_curve,,,16000000,25000000,0.5,,100000000,145500000,1.455
power_curve,,,16000000,25000000,0.5,,105000000,145500000,1.3857142857142857
power_curve,,,16000000,25000000,0.5,,110000000,145500000,1.3227272727272728
power_curve,,,16000000,25000000,0.5,,115000000,145500000,1.2652173913043478
power_curve,,,16000000,25000000,0.5,,120000000,145500000,1.2125
power_curve,,,16000000,25000000,0.5,,125000000,145500000,1.164
power_curve,,,16000000,25000000,0.5,,130000000,145500000,1.1192307692307693
power_curve,,,16000000,25000000,1.0,,100000000,137200000,1.372
power_curve,,,16000000,25000000,1.0,,105000000,137200000,1.3066666666666666
power_curve,,,16000000,25000000,1.0,,110000000,137200000,1.2472727272727273
power_curve,,,16000000,25000000,1.0,,115000000,137200000,1.1930434782608696
power_curve,,,16000000,25000000,1.0,,120000000,137200000,1.1433333333333333
power_curve,,,16000000,25000000,1.0,,125000000,137200000,1.0976
power_curve,,,16000000,25000000,1.0,,130000000,137200000,1.0553846153846154
power_curve,,,16000000,25000000,1.5,,100000000,130100000,1.301
power_curve,,,16000000,25000000,1.5,,105000000,130100000,1.239047619047619
power_curve,,,16000000,25000000,1.5,,110000000,130100000,1.1827272727272726
power_curve,,,16000000,25000000,1.5,,115000000,130100000,1.131304347826087
power_curve,,,16000000,25000000,1.5,,120000000,130100000,1.0841666666666667
power_curve,,,16000000,25000000,1.5,,125000000,130100000,1.0408
power_curve,,,16000000,25000000,1.5,,130000000,130100000,1.0007692307692309
power_curve,,,16000000,25000000,2.0,,100000000,123900000,1.239
power_curve,,,16000000,25000000,2.0,,105000000,123900000,1.18
power_curve,,,16000000,25000000,2.0,,110000000,123900000,1.1263636363636365
power_curve,,,16000000,25000000,2.0,,115000000,123900000,1.077391304347826
power_curve,,,16000000,25000000,2.0,,120000000,123900000,1.0325
power_curve,,,16000000,25000000,2.0,,125000000,123900000,0.9912
power_curve,,,16000000,25000000,2.0,,130000000,123900000,0.953076923076923
power_curve,,,16000000,25000000,2.5,,100000000,118500000,1.185
power_curve,,,16000000,25000000,2.5,,105000000,118500000,1.1285714285714286
power_curve,,,16000000,25000000,2.5,,110000000,118500000,1.0772727272727274
power_curve,,,16000000,25000000,2.5,,115000000,118500000,1.0304347826086957
power_curve,,,16000000,25000000,2.5,,120000000,118500000,0.9875
power_curve,,,16000000,25000000,2.5,,125000000,118500000,0.948
power_curve,,,16000000,25000000,2.5,,130000000,118500000,0.9115384615384615
power_curve,,,16000000,25000000,3.0,,100000000,113600000,1.136
power_curve,,,16000000,25000000,3.0,,105000000,113600000,1.081904761904762
power_curve,,,16000000,25000000,3.0,,110000000,113600000,1.0327272727272727
power_curve,,,16000000,25000000,3.0,,115000000,113600000,0.9878260869565217
power_curve,,,16000000,25000000,3.0,,120000000,113600000,0.9466666666666667
power_curve,,,16000000,25000000,3.0,,125000000,113600000,0.9088
power_curve,,,16000000,25000000,3.0,,130000000,113600000,0.8738461538461538
power_curve,,,16000000,30000000,0.5,,100000000,159800000,1.598
power_curve,,,16000000,30000000,0.5,,105000000,159800000,1.5219047619047619
power_curve,,,16000000,30000000,0.5,,110000000,159800000,1.4527272727272726
power_curve,,,16000000,30000000,0.5,,115000000,159800000,1.3895652173913045
power_curve,,,16000000,30000000,0.5,,120000000,159800000,1.3316666666666668
power_curve,,,16000000,30000000,0.5,,125000000,159800000,1.2784
power_curve,,,16000000,30000000,0.5,,130000000,159800000,1.2292307692307691
power_curve,,,16000000,30000000,1.0,,100000000,151100000,1.511
power_curve,,,16000000,30000000,1.0,,105000000,151100000,1.4390476190476191
power_curve,,,16000000,30000000,1.0,,110000000,151100000,1.3736363636363635
power_curve,,,16000000,30000000,1.0,,115000000,151100000,1.3139130434782609
power_curve,,,16000000,30000000,1.0,,120000000,151100000,1.2591666666666668
power_curve,,,16000000,30000000,1.0,,125000000,151100000,1.2088
power_curve,,,16000000,30000000,1.0,,130000000,151100000,1.1623076923076923
power_curve,,,16000000,30000000,1.5,,100000000,143500000,1.435
power_curve,,,16000000,30000000,1.5,,105000000,143500000,1.3666666666666667
power_curve,,,16000000,30000000,1.5,,110000000,143500000,1.3045454545454545
power_curve,,,16000000,30000000,1.5,,115000000,143500000,1.2478260869565216
power_curve,,,16000000,30000000,1.5,,120000000,143500000,1.1958333333333333
power_curve,,,16000000,30000000,1.5,,125000000,143500000,1.148
power_curve,,,16000000,30000000,1.5,,130000000,143500000,1.103846153846154
power_curve,,,16000000,30000000,2.0,,100000000,136900000,1.369
power_curve,,,16000000,30000000,2.0,,105000000,136900000,1.3038095238095238
power_curve,,,16000000,30000000,2.0,,110000000,136900000,1.2445454545454546
power_curve,,,16000000,30000000,2.0,,115000000,136900000,1.1904347826086956
power_curve,,,16000000,30000000,2.0,,120000000,136900000,1.1408333333333334
power_curve,,,16000000,30000000,2.0,,125000000,136900000,1.0952
power_curve,,,16000000,30000000,2.0,,130000000,136900000,1.053076923076923
power_curve,,,16000000,30000000,2.5,,100000000,131100000,1.311
power_curve,,,16000000,30000000,2.5,,105000000,131100000,1.2485714285714287
power_curve,,,16000000,30000000,2.5,,110000000,131100000,1.1918181818181819
power_curve,,,16000000,30000000,2.5,,115000000,131100000,1.14
power_curve,,,16000000,30000000,2.5,,120000000,131100000,1.0925
power_curve,,,16000000,30000000,2.5,,125000000,131100000,1.0488
power_curve,,,16000000,30000000,2.5,,130000000,131100000,1.0084615384615385
power_curve,,,16000000,30000000,3.0,,100000000,125900000,1.259
power_curve,,,16000000,30000000,3.0,,105000000,125900000,1.1990476190476191
power_curve,,,16000000,30000000,3.0,,110000000,125900000,1.1445454545454545
power_curve,,,16000000,30000000,3.0,,115000000,125900000,1.0947826086956522
power_curve,,,16000000,30000000,3.0,,120000000,125900000,1.0491666666666666
power_curve,,,16000000,30000000,3.0,,125000000,125900000,1.0072
power_curve,,,16000000,30000000,3.0,,130000000,125900000,0.9684615384615385
power_curve,,,16000000,35000000,0.5,,100000000,174300000,1.743
power_curve,,,16000000,35000000,0.5,,105000000,174300000,1.66
power_curve,,,16000000,35000000,0.5,,110000000,174300000,1.5845454545454545
power_curve,,,16000000,35000000,0.5,,115000000,174300000,1.5156521739130435
power_curve,,,16000000,35000000,0.5,,120000000,174300000,1.4525
power_curve,,,16000000,35000000,0.5,,125000000,174300000,1.3944
power_curve,,,16000000,35000000,0.5,,130000000,174300000,1.3407692307692307
power_curve,,,16000000,35000000,1.0,,100000000,165000000,1.65
power_curve,,,16000000,35000000,1.0,,105000000,165000000,1.5714285714285714
power_curve,,,16000000,35000000,1.0,,110000000,165000000,1.5
power_curve,,,16000000,35000000,1.0,,115000000,165000000,1.434782608695652
power_curve,,,16000000,35000000,1.0,,120000000,165000000,1.375
power_curve,,,16000000,35000000,1.0,,125000000,165000000,1.32
power_curve,,,16000000,35000000,1.0,,130000000,165000000,1.2692307692307692
power_curve,,,16000000,35000000,1.5,,100000000,156900000,1.569
power_curve,,,16000000,35000000,1.5,,105000000,156900000,1.4942857142857142
power_curve,,,16000000,35000000,1.5,,110000000,156900000,1.4263636363636363
power_curve,,,16000000,35000000,1.5,,115000000,156900000,1.3643478260869566
power_curve,,,16000000,35000000,1.5,,120000000,156900000,1.3075
power_curve,,,16000000,35000000,1.5,,125000000,156900000,1.2552
power_curve,,,16000000,35000000,1.5,,130000000,156900000,1.206923076923077
power_curve,,,16000000,35000000,2.0,,100000000,149900000,1.499
power_curve,,,16000000,35000000,2.0,,105000000,149900000,1.4276190476190476
power_curve,,,16000000,35000000,2.0,,110000000,149900000,1.3627272727272728
power_curve,,,16000000,35000000,2.0,,115000000,149900000,1.3034782608695652
power_curve,,,16000000,35000000,2.0,,120000000,149900000,1.2491666666666668
power_curve,,,16000000,35000000,2.0,,125000000,149900000,1.1992
power_curve,,,16000000,35000000,2.0,,130000000,149900000,1.153076923076923
power_curve,,,16000000,35000000,2.5,,100000000,143800000,1.438
power_curve,,,16000000,35000000,2.5,,105000000,143800000,1.3695238095238096
power_curve,,,16000000,35000000,2.5,,110000000,143800000,1.3072727272727274
power_curve,,,16000000,35000000,2.5,,115000000,143800000,1.2504347826086957
power_curve,,,16000000,35000000,2.5,,120000000,143800000,1.1983333333333333
power_curve,,,16000000,35000000,2.5,,125000000,143800000,1.1504
power_curve,,,16000000,35000000,2.5,,130000000,143800000,1.106153846153846
power_curve,,,16000000,35000000,3.0,,100000000,138100000,1.381
power_curve,,,16000000,35000000,3.0,,105000000,138100000,1.3152380952380953
power_curve,,,16000000,35000000,3.0,,110000000,138100000,1.2554545454545454
power_curve,,,16000000,35000000,3.0,,115000000,138100000,1.2008695652173913
power_curve,,,16000000,35000000,3.0,,120000000,138100000,1.1508333333333334
power_curve,,,16000000,35000000,3.0,,125000000,138100000,1.1048
power_curve,,,16000000,35000000,3.0,,130000000,138100000,1.0623076923076924
power_curve,,,16000000,40000000,0.5,,100000000,188800000,1.888
power_curve,,,16000000,40000000,0.5,,105000000,188800000,1.7980952380952382
power_curve,,,16000000,40000000,0.5,,110000000,188800000,1.7163636363636363
power_curve,,,16000000,40000000,0.5,,115000000,188800000,1.6417391304347826
power_curve,,,16000000,40000000,0.5,,120000000,188800000,1.5733333333333333
power_curve,,,16000000,40000000,0.5,,125000000,188800000,1.5104
power_curve,,,16000000,40000000,0.5,,130000000,188800000,1.4523076923076923
power_curve,,,16000000,40000000,1.0,,100000000,178900000,1.789
power_curve,,,16000000,40000000,1.0,,105000000,178900000,1.7038095238095239
power_curve,,,16000000,40000000,1.0,,110000000,178900000,1.6263636363636365
power_curve,,,16000000,40000000,1.0,,115000000,178900000,1.5556521739130436
power_curve,,,16000000,40000000,1.0,,120000000,178900000,1.4908333333333332
power_curve,,,16000000,40000000,1.0,,125000000,178900000,1.4312
power_curve,,,16000000,40000000,1.0,,130000000,178900000,1.376153846153846
power_curve,,,16000000,40000000,1.5,,100000000,170400000,1.704
power_curve,,,16000000,40000000,1.5,,105000000,170400000,1.6228571428571428
power_curve,,,16000000,40000000,1.5,,110000000,170400000,1.549090909090909
power_curve,,,16000000,40000000,1.5,,115000000,170400000,1.4817391304347827
power_curve,,,16000000,40000000,1.5,,120000000,170400000,1.42
power_curve,,,16000000,40000000,1.5,,125000000,170400000,1.3632
power_curve,,,16000000,40000000,1.5,,130000000,170400000,1.3107692307692307
power_curve,,,16000000,40000000,2.0,,100000000,162900000,1.629
power_curve,,,16000000,40000000,2.0,,105000000,162900000,1.5514285714285714
power_curve,,,16000000,40000000,2.0,,110000000,162900000,1.480909090909091
power_curve,,,16000000,40000000,2.0,,115000000,162900000,1.4165217391304348
power_curve,,,16000000,40000000,2.0,,120000000,162900000,1.3575
power_curve,,,16000000,40000000,2.0,,125000000,162900000,1.3032
power_curve,,,16000000,40000000,2.0,,130000000,162900000,1.253076923076923
power_curve,,,16000000,40000000,2.5,,100000000,156400000,1.564
power_curve,,,16000000,40000000,2.5,,105000000,156400000,1.4895238095238095
power_curve,,,16000000,40000000,2.5,,110000000,156400000,1.4218181818181819
power_curve,,,16000000,40000000,2.5,,115000000,156400000,1.36
power_curve,,,16000000,40000000,2.5,,120000000,156400000,1.3033333333333332
power_curve,,,16000000,40000000,2.5,,125000000,156400000,1.2512
power_curve,,,16000000,40000000,2.5,,130000000,156400000,1.2030769230769232
power_curve,,,16000000,40000000,3.0,,100000000,150400000,1.504
power_curve,,,16000000,40000000,3.0,,105000000,150400000,1.4323809523809523
power_curve,,,16000000,40000000,3.0,,110000000,150400000,1.3672727272727272
power_curve,,,16000000,40000000,3.0,,115000000,150400000,1.3078260869565217
power_curve,,,16000000,40000000,3.0,,120000000,150400000,1.2533333333333334
power_curve,,,16000000,40000000,3.0,,125000000,150400000,1.2032
power_curve,,,16000000,40000000,3.0,,130000000,150400000,1.156923076923077
power_curve,,,16000000,45000000,0.5,,100000000,203100000,2.031
power_curve,,,16000000,45000000,0.5,,105000000,203100000,1.9342857142857144
power_curve,,,16000000,45000000,0.5,,110000000,203100000,1.8463636363636364
power_curve,,,16000000,45000000,0.5,,115000000,203100000,1.7660869565217392
power_curve,,,16000000,45000000,0.5,,120000000,203100000,1.6925
power_curve,,,16000000,45000000,0.5,,125000000,203100000,1.6248
power_curve,,,16000000,45000000,0.5,,130000000,203100000,1.5623076923076924
power_curve,,,16000000,45000000,1.0,,100000000,192800000,1.928
power_curve,,,16000000,45000000,1.0,,105000000,192800000,1.8361904761904762
power_curve,,,16000000,45000000,1.0,,110000000,192800000,1.7527272727272727
power_curve,,,16000000,45000000,1.0,,115000000,192800000,1.6765217391304348
power_curve,,,16000000,45000000,1.0,,120000000,192800000,1.6066666666666667
power_curve,,,16000000,45000000,1.0,,125000000,192800000,1.5424
power_curve,,,16000000,45000000,1.0,,130000000,192800000,1.4830769230769232
power_curve,,,16000000,45000000,1.5,,100000000,183800000,1.838
power_curve,,,16000000,45000000,1.5,,105000000,183800000,1.7504761904761905
power_curve,,,16000000,45000000,1.5,,110000000,183800000,1.670909090909091
power_curve,,,16000000,45000000,1.5,,115000000,183800000,1.5982608695652174
power_curve,,,16000000,45000000,1.5,,120000000,183800000,1.5316666666666667
power_curve,,,16000000,45000000,1.5,,125000000,183800000,1.4704
power_curve,,,16000000,45000000,1.5,,130000000,183800000,1.4138461538461538
power_curve,,,16000000,45000000,2.0,,100000000,175900000,1.759
power_curve,,,16000000,45000000,2.0,,105000000,175900000,1.6752380952380952
power_curve,,,16000000,45000000,2.0,,110000000,175900000,1.5990909090909091
power_curve,,,16000000,45000000,2.0,,115000000,175900000,1.5295652173913044
power_curve,,,16000000,45000000,2.0,,120000000,175900000,1.4658333333333333
power_curve,,,16000000,45000000,2.0,,125000000,175900000,1.4072
power_curve,,,16000000,45000000,2.0,,130000000,175900000,1.353076923076923
power_curve,,,16000000,45000000,2.5,,100000000,169100000,1.691
power_curve,,,16000000,45000000,2.5,,105000000,169100000,1.6104761904761904
power_curve,,,16000000,45000000,2.5,,110000000,169100000,1.5372727272727273
power_curve,,,16000000,45000000,2.5,,115000000,169100000,1.4704347826086956
power_curve,,,16000000,45000000,2.5,,120000000,169100000,1.4091666666666667
power_curve,,,16000000,45000000,2.5,,125000000,169100000,1.3528
power_curve,,,16000000,45000000,2.5,,130000000,169100000,1.3007692307692307
power_curve,,,16000000,45000000,3.0,,100000000,162700000,1.627
power_curve,,,16000000,45000000,3.0,,105000000,162700000,1.5495238095238095
power_curve,,,16000000,45000000,3.0,,110000000,162700000,1.479090909090909
power_curve,,,16000000,45000000,3.0,,115000000,162700000,1.414782608695652
power_curve,,,16000000,45000000,3.0,,120000000,162700000,1.3558333333333332
power_curve,,,16000000,45000000,3.0,,125000000,162700000,1.3016
power_curve,,,16000000,45000000,3.0,,130000000,162700000,1.2515384615384615
power_curve,,,16000000,50000000,0.5,,100000000,217600000,2.176
power_curve,,,16000000,50000000,0.5,,105000000,217600000,2.072380952380952
power_curve,,,16000000,50000000,0.5,,110000000,217600000,1.9781818181818183
power_curve,,,16000000,50000000,0.5,,115000000,217600000,1.8921739130434783
power_curve,,,16000000,50000000,0.5,,120000000,217600000,1.8133333333333332
power_curve,,,16000000,50000000,0.5,,125000000,217600000,1.7408
power_curve,,,16000000,50000000,0.5,,130000000,217600000,1.6738461538461538
power_curve,,,16000000,50000000,1.0,,100000000,206600000,2.066
power_curve,,,16000000,50000000,1.0,,105000000,206600000,1.9676190476190476
power_curve,,,16000000,50000000,1.0,,110000000,206600000,1.8781818181818182
power_curve,,,16000000,50000000,1.0,,115000000,206600000,1.796521739130435
power_curve,,,16000000,50000000,1.0,,120000000,206600000,1.7216666666666667
power_curve,,,16000000,50000000,1.0,,125000000,206600000,1.6528
power_curve,,,16000000,50000000,1.0,,130000000,206600000,1.5892307692307692
power_curve,,,16000000,50000000,1.5,,100000000,197300000,1.973
power_curve,,,16000000,50000000,1.5,,105000000,197300000,1.879047619047619
power_curve,,,16000000,50000000,1.5,,110000000,197300000,1.7936363636363637
power_curve,,,16000000,50000000,1.5,,115000000,197300000,1.7156521739130435
power_curve,,,16000000,50000000,1.5,,120000000,197300000,1.6441666666666668
power_curve,,,16000000,50000000,1.5,,125000000,197300000,1.5784
power_curve,,,16000000,50000000,1.5,,130000000,197300000,1.5176923076923077
power_curve,,,16000000,50000000,2.0,,100000000,188900000,1.889
power_curve,,,16000000,50000000,2.0,,105000000,188900000,1.799047619047619
power_curve,,,16000000,50000000,2.0,,110000000,188900000,1.7172727272727273
power_curve,,,16000000,50000000,2.0,,115000000,188900000,1.642608695652174
power_curve,,,16000000,50000000,2.0,,120000000,188900000,1.5741666666666667
power_curve,,,16000000,50000000,2.0,,125000000,188900000,1.5112
power_curve,,,16000000,50000000,2.0,,130000000,188900000,1.4530769230769232
power_curve,,,16000000,50000000,2.5,,100000000,181600000,1.816
power_curve,,,16000000,50000000,2.5,,105000000,181600000,1.7295238095238095
power_curve,,,16000000,50000000,2.5,,110000000,181600000,1.6509090909090909
power_curve,,,16000000,50000000,2.5,,115000000,181600000,1.5791304347826087
power_curve,,,16000000,50000000,2.5,,120000000,181600000,1.5133333333333334
power_curve,,,16000000,50000000,2.5,,125000000,181600000,1.4528
power_curve,,,16000000,50000000,2.5,,130000000,181600000,1.396923076923077
power_curve,,,16000000,50000000,3.0,,100000000,175000000,1.75
power_curve,,,16000000,50000000,3.0,,105000000,175000000,1.6666666666666667
power_curve,,,16000000,50000000,3.0,,110000000,175000000,1.5909090909090908
power_curve,,,16000000,50000000,3.0,,115000000,175000000,1.5217391304347827
power_curve,,,16000000,50000000,3.0,,120000000,175000000,1.4583333333333333
power_curve,,,16000000,50000000,3.0,,125000000,175000000,1.4
power_curve,,,16000000,50000000,3.0,,130000000,175000000,1.3461538461538463
power_curve,,,17000000,15000000,0.5,,100000000,121100000,1.211
power_curve,,,17000000,15000000,0.5,,105000000,121100000,1.1533333333333333
power_curve,,,17000000,15000000,0.5,,110000000,121100000,1.1009090909090908
power_curve,,,17000000,15000000,0.5,,115000000,121100000,1.0530434782608695
power_curve,,,17000000,15000000,0.5,,120000000,121100000,1.0091666666666668
power_curve,,,17000000,15000000,0.5,,125000000,121100000,0.9688
power_curve,,,17000000,15000000,0.5,,130000000,121100000,0.9315384615384615
power_curve,,,17000000,15000000,1.0,,100000000,113500000,1.135
power_curve,,,17000000,15000000,1.0,,105000000,113500000,1.0809523809523809
power_curve,,,17000000,15000000,1.0,,110000000,113500000,1.0318181818181817
power_curve,,,17000000,15000000,1.0,,115000000,113500000,0.9869565217391304
power_curve,,,17000000,15000000,1.0,,120000000,113500000,0.9458333333333333
power_curve,,,17000000,15000000,1.0,,125000000,113500000,0.908
power_curve,,,17000000,15000000,1.0,,130000000,113500000,0.8730769230769231
power_curve,,,17000000,15000000,1.5,,100000000,107100000,1.071
power_curve,,,17000000,15000000,1.5,,105000000,107100000,1.02
power_curve,,,17000000,15000000,1.5,,110000000,107100000,0.9736363636363636
power_curve,,,17000000,15000000,1.5,,115000000,107100000,0.931304347826087
power_curve,,,17000000,15000000,1.5,,120000000,107100000,0.8925
power_curve,,,17000000,15000000,1.5,,125000000,107100000,0.8568
power_curve,,,17000000,15000000,1.5,,130000000,107100000,0.8238461538461539
power_curve,,,17000000,15000000,2.0,,100000000,101400000,1.014
power_curve,,,17000000,15000000,2.0,,105000000,101400000,0.9657142857142857
power_curve,,,17000000,15000000,2.0,,110000000,101400000,0.9218181818181819
power_curve,,,17000000,15000000,2.0,,115000000,101400000,0.8817391304347826
power_curve,,,17000000,15000000,2.0,,120000000,101400000,0.845
power_curve,,,17000000,15000000,2.0,,125000000,101400000,0.8112
power_curve,,,17000000,15000000,2.0,,130000000,101400000,0.78
power_curve,,,17000000,15000000,2.5,,100000000,96200000,0.962
power_curve,,,17000000,15000000,2.5,,105000000,96200000,0.9161904761904762
power_curve,,,17000000,15000000,2.5,,110000000,96200000,0.8745454545454545
power_curve,,,17000000,15000000,2.5,,115000000,96200000,0.8365217391304348
power_curve,,,17000000,15000000,2.5,,120000000,96200000,0.8016666666666666
power_curve,,,17000000,15000000,2.5,,125000000,96200000,0.7696
power_curve,,,17000000,15000000,2.5,,130000000,96200000,0.74
power_curve,,,17000000,15000000,3.0,,100000000,92100000,0.921
power_curve,,,17000000,15000000,3.0,,105000000,92100000,0.8771428571428571
power_curve,,,17000000,15000000,3.0,,110000000,92100000,0.8372727272727273
power_curve,,,17000000,15000000,3.0,,115000000,92100000,0.8008695652173913
power_curve,,,17000000,15000000,3.0,,120000000,92100000,0.7675
power_curve,,,17000000,15000000,3.0,,125000000,92100000,0.7368
power_curve,,,17000000,15000000,3.0,,130000000,92100000,0.7084615384615385
power_curve,,,17000000,20000000,0.5,,100000000,135500000,1.355
power_curve,,,17000000,20000000,0.5,,105000000,135500000,1.2904761904761906
power_curve,,,17000000,20000000,0.5,,110000000,135500000,1.231818181818182
power_curve,,,17000000,20000000,0.5,,115000000,135500000,1.1782608695652175
power_curve,,,17000000,20000000,0.5,,120000000,135500000,1.1291666666666667
power_curve,,,17000000,20000000,0.5,,125000000,135500000,1.084
power_curve,,,17000000,20000000,0.5,,130000000,135500000,1.0423076923076924
power_curve,,,17000000,20000000,1.0,,100000000,127400000,1.274
power_curve,,,17000000,20000000,1.0,,105000000,127400000,1.2133333333333334
power_curve,,,17000000,20000000,1.0,,110000000,127400000,1.1581818181818182
power_curve,,,17000000,20000000,1.0,,115000000,127400000,1.1078260869565217
power_curve,,,17000000,20000000,1.0,,120000000,127400000,1.0616666666666668
power_curve,,,17000000,20000000,1.0,,125000000,127400000,1.0192
power_curve,,,17000000,20000000,1.0,,130000000,127400000,0.98
power_curve,,,17000000,20000000,1.5,,100000000,120400000,1.204
power_curve,,,17000000,20000000,1.5,,105000000,120400000,1.1466666666666667
power_curve,,,17000000,20000000,1.5,,110000000,120400000,1.0945454545454545
power_curve,,,17000000,20000000,1.5,,115000000,120400000,1.0469565217391303
power_curve,,,17000000,20000000,1.5,,120000000,120400000,1.0033333333333334
power_curve,,,17000000,20000000,1.5,,125000000,120400000,0.9632
power_curve,,,17000000,20000000,1.5,,130000000,120400000,0.9261538461538461
power_curve,,,17000000,20000000,2.0,,100000000,114300000,1.143
power_curve,,,17000000,20000000,2.0,,105000000,114300000,1.0885714285714285
power_curve,,,17000000,20000000,2.0,,110000000,114300000,1.039090909090909
power_curve,,,17000000,20000000,2.0,,115000000,114300000,0.9939130434782608
power_curve,,,17000000,20000000,2.0,,120000000,114300000,0.9525
power_curve,,,17000000,20000000,2.0,,125000000,114300000,0.9144
power_curve,,,17000000,20000000,2.0,,130000000,114300000,0.8792307692307693
power_curve,,,17000000,20000000,2.5,,100000000,108900000,1.089
power_curve,,,17000000,20000000,2.5,,105000000,108900000,1.0371428571428571
power_curve,,,17000000,20000000,2.5,,110000000,108900000,0.99
power_curve,,,17000000,20000000,2.5,,115000000,108900000,0.9469565217391305
power_curve,,,17000000,20000000,2.5,,120000000,108900000,0.9075
power_curve,,,17000000,20000000,2.5,,125000000,108900000,0.8712
power_curve,,,17000000,20000000,2.5,,130000000,108900000,0.8376923076923077
power_curve,,,17000000,20000000,3.0,,100000000,104500000,1.045
power_curve,,,17000000,20000000,3.0,,105000000,104500000,0.9952380952380953
power_curve,,,17000000,20000000,3.0,,110000000,104500000,0.95
power_curve,,,17000000,20000000,3.0,,115000000,104500000,0.908695652173913
power_curve,,,17000000,20000000,3.0,,120000000,104500000,0.8708333333333333
power_curve,,,17000000,20000000,3.0,,125000000,104500000,0.836
power_curve,,,17000000,20000000,3.0,,130000000,104500000,0.8038461538461539
power_curve,,,17000000,25000000,0.5,,100000000,150000000,1.5
power_curve,,,17000000,25000000,0.5,,105000000,150000000,1.4285714285714286
power_curve,,,17000000,25000000,0.5,,110000000,150000000,1.3636363636363635
power_curve,,,17000000,25000000,0.5,,115000000,150000000,1.3043478260869565
power_curve,,,17000000,25000000,0.5,,120000000,150000000,1.25
power_curve,,,17000000,25000000,0.5,,125000000,150000000,1.2
power_curve,,,17000000,25000000,0.5,,130000000,150000000,1.1538461538461537
power_curve,,,17000000,25000000,1.0,,100000000,141300000,1.413
power_curve,,,17000000,25000000,1.0,,105000000,141300000,1.3457142857142856
power_curve,,,17000000,25000000,1.0,,110000000,141300000,1.2845454545454544
power_curve,,,17000000,25000000,1.0,,115000000,141300000,1.228695652173913
power_curve,,,17000000,25000000,1.0,,120000000,141300000,1.1775
power_curve,,,17000000,25000000,1.0,,125000000,141300000,1.1304
power_curve,,,17000000,25000000,1.0,,130000000,141300000,1.0869230769230769
power_curve,,,17000000,25000000,1.5,,100000000,133900000,1.339
power_curve,,,17000000,25000000,1.5,,105000000,133900000,1.2752380952380953
power_curve,,,17000000,25000000,1.5,,110000000,133900000,1.2172727272727273
power_curve,,,17000000,25000000,1.5,,115000000,133900000,1.1643478260869564
power_curve,,,17000000,25000000,1.5,,120000000,133900000,1.1158333333333332
power_curve,,,17000000,25000000,1.5,,125000000,133900000,1.0712
power_curve,,,17000000,25000000,1.5,,130000000,133900000,1.03
power_curve,,,17000000,25000000,2.0,,100000000,127300000,1.273
power_curve,,,17000000,25000000,2.0,,105000000,127300000,1.2123809523809523
power_curve,,,17000000,25000000,2.0,,110000000,127300000,1.1572727272727272
power_curve,,,17000000,25000000,2.0,,115000000,127300000,1.1069565217391304
power_curve,,,17000000,25000000,2.0,,120000000,127300000,1.0608333333333333
power_curve,,,17000000,25000000,2.0,,125000000,127300000,1.0184
power_curve,,,17000000,25000000,2.0,,130000000,127300000,0.9792307692307692
power_curve,,,17000000,25000000,2.5,,100000000,121500000,1.215
power_curve,,,17000000,25000000,2.5,,105000000,121500000,1.1571428571428573
power_curve,,,17000000,25000000,2.5,,110000000,121500000,1.1045454545454545
power_curve,,,17000000,25000000,2.5,,115000000,121500000,1.0565217391304347
power_curve,,,17000000,25000000,2.5,,120000000,121500000,1.0125
power_curve,,,17000000,25000000,2.5,,125000000,121500000,0.972
power_curve,,,17000000,25000000,2.5,,130000000,121500000,0.9346153846153846
power_curve,,,17000000,25000000,3.0,,100000000,116700000,1.167
power_curve,,,17000000,25000000,3.0,,105000000,116700000,1.1114285714285714
power_curve,,,17000000,25000000,3.0,,110000000,116700000,1.0609090909090908
power_curve,,,17000000,25000000,3.0,,115000000,116700000,1.0147826086956522
power_curve,,,17000000,25000000,3.0,,120000000,116700000,0.9725
power_curve,,,17000000,25000000,3.0,,125000000,116700000,0.9336
power_curve,,,17000000,25000000,3.0,,130000000,116700000,0.8976923076923077
power_curve,,,17000000,30000000,0.5,,100000000,164300000,1.643
power_curve,,,17000000,30000000,0.5,,105000000,164300000,1.5647619047619048
power_curve,,,17000000,30000000,0.5,,110000000,164300000,1.4936363636363637
power_curve,,,17000000,30000000,0.5,,115000000,164300000,1.4286956521739131
power_curve,,,17000000,30000000,0.5,,120000000,164300000,1.3691666666666666
power_curve,,,17000000,30000000,0.5,,125000000,164300000,1.3144
power_curve,,,17000000,30000000,0.5,,130000000,164300000,1.2638461538461538
power_curve,,,17000000,30000000,1.0,,100000000,155200000,1.552
power_curve,,,17000000,30000000,1.0,,105000000,155200000,1.4780952380952381
power_curve,,,17000000,30000000,1.0,,110000000,155200000,1.410909090909091
power_curve,,,17000000,30000000,1.0,,115000000,155200000,1.3495652173913044
power_curve,,,17000000,30000000,1.0,,120000000,155200000,1.2933333333333332
power_curve,,,17000000,30000000,1.0,,125000000,155200000,1.2416
power_curve,,,17000000,30000000,1.0,,130000000,155200000,1.1938461538461538
power_curve,,,17000000,30000000,1.5,,100000000,147300000,1.473
power_curve,,,17000000,30000000,1.5,,105000000,147300000,1.4028571428571428
power_curve,,,17000000,30000000,1.5,,110000000,147300000,1.339090909090909
power_curve,,,17000000,30000000,1.5,,115000000,147300000,1.2808695652173914
power_curve,,,17000000,30000000,1.5,,120000000,147300000,1.2275
power_curve,,,17000000,30000000,1.5,,125000000,147300000,1.1784
power_curve,,,17000000,30000000,1.5,,130000000,147300000,1.133076923076923
power_curve,,,17000000,30000000,2.0,,100000000,140300000,1.403
power_curve,,,17000000,30000000,2.0,,105000000,140300000,1.3361904761904762
power_curve,,,17000000,30000000,2.0,,110000000,140300000,1.2754545454545454
power_curve,,,17000000,30000000,2.0,,115000000,140300000,1.22
power_curve,,,17000000,30000000,2.0,,120000000,140300000,1.1691666666666667
power_curve,,,17000000,30000000,2.0,,125000000,140300000,1.1224
power_curve,,,17000000,30000000,2.0,,130000000,140300000,1.0792307692307692
power_curve,,,17000000,30000000,2.5,,100000000,134100000,1.341
power_curve,,,17000000,30000000,2.5,,105000000,134100000,1.2771428571428571
power_curve,,,17000000,30000000,2.5,,110000000,134100000,1.219090909090909
power_curve,,,17000000,30000000,2.5,,115000000,134100000,1.166086956521739
power_curve,,,17000000,30000000,2.5,,120000000,134100000,1.1175
power_curve,,,17000000,30000000,2.5,,125000000,134100000,1.0728
power_curve,,,17000000,30000000,2.5,,130000000,134100000,1.0315384615384615
power_curve,,,17000000,30000000,3.0,,100000000,129000000,1.29
power_curve,,,17000000,30000000,3.0,,105000000,129000000,1.2285714285714286
power_curve,,,17000000,30000000,3.0,,110000000,129000000,1.1727272727272726
power_curve,,,17000000,30000000,3.0,,115000000,129000000,1.1217391304347826
power_curve,,,17000000,30000000,3.0,,120000000,129000000,1.075
power_curve,,,17000000,30000000,3.0,,125000000,129000000,1.032
power_curve,,,17000000,30000000,3.0,,130000000,129000000,0.9923076923076923
power_curve,,,17000000,35000000,0.5,,100000000,178800000,1.788
power_curve,,,17000000,35000000,0.5,,105000000,178800000,1.7028571428571428
power_curve,,,17000000,35000000,0.5,,110000000,178800000,1.6254545454545455
power_curve,,,17000000,35000000,0.5,,115000000,178800000,1.5547826086956522
power_curve,,,17000000,35000000,0.5,,120000000,178800000,1.49
power_curve,,,17000000,35000000,0.5,,125000000,178800000,1.4304
power_curve,,,17000000,35000000,0.5,,130000000,178800000,1.3753846153846154
power_curve,,,17000000,35000000,1.0,,100000000,169100000,1.691
power_curve,,,17000000,35000000,1.0,,105000000,169100000,1.6104761904761904
power_curve,,,17000000,35000000,1.0,,110000000,169100000,1.5372727272727273
power_curve,,,17000000,35000000,1.0,,115000000,169100000,1.4704347826086956
power_curve,,,17000000,35000000,1.0,,120000000,169100000,1.4091666666666667
power_curve,,,17000000,35000000,1.0,,125000000,169100000,1.3528
power_curve,,,17000000,35000000,1.0,,130000000,169100000,1.3007692307692307
power_curve,,,17000000,35000000,1.5,,100000000,160700000,1.607
power_curve,,,17000000,35000000,1.5,,105000000,160700000,1.5304761904761905
power_curve,,,17000000,35000000,1.5,,110000000,160700000,1.460909090909091
power_curve,,,17000000,35000000,1.5,,115000000,160700000,1.397391304347826
power_curve,,,17000000,35000000,1.5,,120000000,160700000,1.3391666666666666
power_curve,,,17000000,35000000,1.5,,125000000,160700000,1.2856
power_curve,,,17000000,35000000,1.5,,130000000,160700000,1.2361538461538462
power_curve,,,17000000,35000000,2.0,,100000000,153300000,1.533
power_curve,,,17000000,35000000,2.0,,105000000,153300000,1.46
power_curve,,,17000000,35000000,2.0,,110000000,153300000,1.3936363636363636
power_curve,,,17000000,35000000,2.0,,115000000,153300000,1.3330434782608696
power_curve,,,17000000,35000000,2.0,,120000000,153300000,1.2775
power_curve,,,17000000,35000000,2.0,,125000000,153300000,1.2264
power_curve,,,17000000,35000000,2.0,,130000000,153300000,1.1792307692307693
power_curve,,,17000000,35000000,2.5,,100000000,146800000,1.468
power_curve,,,17000000,35000000,2.5,,105000000,146800000,1.398095238095238
power_curve,,,17000000,35000000,2.5,,110000000,146800000,1.3345454545454545
power_curve,,,17000000,35000000,2.5,,115000000,146800000,1.2765217391304349
power_curve,,,17000000,35000000,2.5,,120000000,146800000,1.2233333333333334
power_curve,,,17000000,35000000,2.5,,125000000,146800000,1.1744
power_curve,,,17000000,35000000,2.5,,130000000,146800000,1.1292307692307693
power_curve,,,17000000,35000000,3.0,,100000000,141200000,1.412
power_curve,,,17000000,35000000,3.0,,105000000,141200000,1.3447619047619048
power_curve,,,17000000,35000000,3.0,,110000000,141200000,1.2836363636363637
power_curve,,,17000000,35000000,3.0,,115000000,141200000,1.2278260869565218
power_curve,,,17000000,35000000,3.0,,120000000,141200000,1.1766666666666667
power_curve,,,17000000,35000000,3.0,,125000000,141200000,1.1296
power_curve,,,17000000,35000000,3.0,,130000000,141200000,1.0861538461538462
power_curve,,,17000000,40000000,0.5,,100000000,193300000,1.933
power_curve,,,17000000,40000000,0.5,,105000000,193300000,1.840952380952381
power_curve,,,17000000,40000000,0.5,,110000000,193300000,1.7572727272727273
power_curve,,,17000000,40000000,0.5,,115000000,193300000,1.6808695652173913
power_curve,,,17000000,40000000,0.5,,120000000,193300000,1.6108333333333333
power_curve,,,17000000,40000000,0.5,,125000000,193300000,1.5464
power_curve,,,17000000,40000000,0.5,,130000000,193300000,1.486923076923077
power_curve,,,17000000,40000000,1.0,,100000000,183000000,1.83
power_curve,,,17000000,40000000,1.0,,105000000,183000000,1.7428571428571429
power_curve,,,17000000,40000000,1.0,,110000000,183000000,1.6636363636363636
power_curve,,,17000000,40000000,1.0,,115000000,183000000,1.5913043478260869
power_curve,,,17000000,40000000,1.0,,120000000,183000000,1.525
power_curve,,,17000000,40000000,1.0,,125000000,183000000,1.464
power_curve,,,17000000,40000000,1.0,,130000000,183000000,1.4076923076923078
power_curve,,,17000000,40000000,1.5,,100000000,174200000,1.742
power_curve,,,17000000,40000000,1.5,,105000000,174200000,1.659047619047619
power_curve,,,17000000,40000000,1.5,,110000000,174200000,1.5836363636363637
power_curve,,,17000000,40000000,1.5,,115000000,174200000,1.5147826086956522
power_curve,,,17000000,40000000,1.5,,120000000,174200000,1.4516666666666667
power_curve,,,17000000,40000000,1.5,,125000000,174200000,1.3936
power_curve,,,17000000,40000000,1.5,,130000000,174200000,1.34
power_curve,,,17000000,40000000,2.0,,100000000,166300000,1.663
power_curve,,,17000000,40000000,2.0,,105000000,166300000,1.5838095238095238
power_curve,,,17000000,40000000,2.0,,110000000,166300000,1.5118181818181817
power_curve,,,17000000,40000000,2.0,,115000000,166300000,1.4460869565217391
power_curve,,,17000000,40000000,2.0,,120000000,166300000,1.3858333333333333
power_curve,,,17000000,40000000,2.0,,125000000,166300000,1.3304
power_curve,,,17000000,40000000,2.0,,130000000,166300000,1.2792307692307692
power_curve,,,17000000,40000000,2.5,,100000000,159400000,1.594
power_curve,,,17000000,40000000,2.5,,105000000,159400000,1.5180952380952382
power_curve,,,17000000,40000000,2.5,,110000000,159400000,1.449090909090909
power_curve,,,17000000,40000000,2.5,,115000000,159400000,1.386086956521739
power_curve,,,17000000,40000000,2.5,,120000000,159400000,1.3283333333333334
power_curve,,,17000000,40000000,2.5,,125000000,159400000,1.2752
power_curve,,,17000000,40000000,2.5,,130000000,159400000,1.2261538461538461
power_curve,,,17000000,40000000,3.0,,100000000,153500000,1.535
power_curve,,,17000000,40000000,3.0,,105000000,153500000,1.4619047619047618
power_curve,,,17000000,40000000,3.0,,110000000,153500000,1.3954545454545455
power_curve,,,17000000,40000000,3.0,,115000000,153500000,1.3347826086956522
power_curve,,,17000000,40000000,3.0,,120000000,153500000,1.2791666666666666
power_curve,,,17000000,40000000,3.0,,125000000,153500000,1.228
power_curve,,,17000000,40000000,3.0,,130000000,153500000,1.1807692307692308
power_curve,,,17000000,45000000,0.5,,100000000,207600000,2.076
power_curve,,,17000000,45000000,0.5,,105000000,207600000,1.977142857142857
power_curve,,,17000000,45000000,0.5,,110000000,207600000,1.8872727272727272
power_curve,,,17000000,45000000,0.5,,115000000,207600000,1.8052173913043479
power_curve,,,17000000,45000000,0.5,,120000000,207600000,1.73
power_curve,,,17000000,45000000,0.5,,125000000,207600000,1.6608
power_curve,,,17000000,45000000,0.5,,130000000,207600000,1.596923076923077
power_curve,,,17000000,45000000,1.0,,100000000,196900000,1.969
power_curve,,,17000000,45000000,1.0,,105000000,196900000,1.8752380952380951
power_curve,,,17000000,45000000,1.0,,110000000,196900000,1.79
power_curve,,,17000000,45000000,1.0,,115000000,196900000,1.7121739130434783
power_curve,,,17000000,45000000,1.0,,120000000,196900000,1.6408333333333334
power_curve,,,17000000,45000000,1.0,,125000000,196900000,1.5752
power_curve,,,17000000,45000000,1.0,,130000000,196900000,1.5146153846153847
power_curve,,,17000000,45000000,1.5,,100000000,187600000,1.876
power_curve,,,17000000,45000000,1.5,,105000000,187600000,1.7866666666666666
power_curve,,,17000000,45000000,1.5,,110000000,187600000,1.7054545454545456
power_curve,,,17000000,45000000,1.5,,115000000,187600000,1.631304347826087
power_curve,,,17000000,45000000,1.5,,120000000,187600000,1.5633333333333332
power_curve,,,17000000,45000000,1.5,,125000000,187600000,1.5008
power_curve,,,17000000,45000000,1.5,,130000000,187600000,1.4430769230769231
power_curve,,,17000000,45000000,2.0,,100000000,179300000,1.793
power_curve,,,17000000,45000000,2.0,,105000000,179300000,1.7076190476190476
power_curve,,,17000000,45000000,2.0,,110000000,179300000,1.63
power_curve,,,17000000,45000000,2.0,,115000000,179300000,1.5591304347826087
power_curve,,,17000000,45000000,2.0,,120000000,179300000,1.4941666666666666
power_curve,,,17000000,45000000,2.0,,125000000,179300000,1.4344
power_curve,,,17000000,45000000,2.0,,130000000,179300000,1.3792307692307693
power_curve,,,17000000,45000000,2.5,,100000000,172100000,1.721
power_curve,,,17000000,45000000,2.5,,105000000,172100000,1.639047619047619
power_curve,,,17000000,45000000,2.5,,110000000,172100000,1.5645454545454545
power_curve,,,17000000,45000000,2.5,,115000000,172100000,1.4965217391304348
power_curve,,,17000000,45000000,2.5,,120000000,172100000,1.4341666666666666
power_curve,,,17000000,45000000,2.5,,125000000,172100000,1.3768
power_curve,,,17000000,45000000,2.5,,130000000,172100000,1.323846153846154
power_curve,,,17000000,45000000,3.0,,100000000,165800000,1.658
power_curve,,,17000000,45000000,3.0,,105000000,165800000,1.579047619047619
power_curve,,,17000000,45000000,3.0,,110000000,165800000,1.5072727272727273
power_curve,,,17000000,45000000,3.0,,115000000,165800000,1.4417391304347826
power_curve,,,17000000,45000000,3.0,,120000000,165800000,1.3816666666666666
power_curve,,,17000000,45000000,3.0,,125000000,165800000,1.3264
power_curve,,,17000000,45000000,3.0,,130000000,165800000,1.2753846153846153
power_curve,,,17000000,50000000,0.5,,100000000,222100000,2.221
power_curve,,,17000000,50000000,0.5,,105000000,222100000,2.1152380952380954
power_curve,,,17000000,50000000,0.5,,110000000,222100000,2.019090909090909
power_curve,,,17000000,50000000,0.5,,115000000,222100000,1.931304347826087
power_curve,,,17000000,50000000,0.5,,120000000,222100000,1.8508333333333333
power_curve,,,17000000,50000000,0.5,,125000000,222100000,1.7768
power_curve,,,17000000,50000000,0.5,,130000000,222100000,1.7084615384615385
power_curve,,,17000000,50000000,1.0,,100000000,210700000,2.107
power_curve,,,17000000,50000000,1.0,,105000000,210700000,2.006666666666667
power_curve,,,17000000,50000000,1.0,,110000000,210700000,1.9154545454545455
power_curve,,,17000000,50000000,1.0,,115000000,210700000,1.8321739130434782
power_curve,,,17000000,50000000,1.0,,120000000,210700000,1.7558333333333334
power_curve,,,17000000,50000000,1.0,,125000000,210700000,1.6856
power_curve,,,17000000,50000000,1.0,,130000000,210700000,1.6207692307692307
power_curve,,,17000000,50000000,1.5,,100000000,201100000,2.011
power_curve,,,17000000,50000000,1.5,,105000000,201100000,1.9152380952380952
power_curve,,,17000000,50000000,1.5,,110000000,201100000,1.8281818181818181
power_curve,,,17000000,50000000,1.5,,115000000,201100000,1.748695652173913
power_curve,,,17000000,50000000,1.5,,120000000,201100000,1.6758333333333333
power_curve,,,17000000,50000000,1.5,,125000000,201100000,1.6088
power_curve,,,17000000,50000000,1.5,,130000000,201100000,1.5469230769230768
power_curve,,,17000000,50000000,2.0,,100000000,192300000,1.923
power_curve,,,17000000,50000000,2.0,,105000000,192300000,1.8314285714285714
power_curve,,,17000000,50000000,2.0,,110000000,192300000,1.7481818181818183
power_curve,,,17000000,50000000,2.0,,115000000,192300000,1.6721739130434783
power_curve,,,17000000,50000000,2.0,,120000000,192300000,1.6025
power_curve,,,17000000,50000000,2.0,,125000000,192300000,1.5384
power_curve,,,17000000,50000000,2.0,,130000000,192300000,1.4792307692307691
power_curve,,,17000000,50000000,2.5,,100000000,184600000,1.846
power_curve,,,17000000,50000000,2.5,,105000000,184600000,1.7580952380952382
power_curve,,,17000000,50000000,2.5,,110000000,184600000,1.6781818181818182
power_curve,,,17000000,50000000,2.5,,115000000,184600000,1.605217391304348
power_curve,,,17000000,50000000,2.5,,120000000,184600000,1.5383333333333333
power_curve,,,17000000,50000000,2.5,,125000000,184600000,1.4768
power_curve,,,17000000,50000000,2.5,,130000000,184600000,1.42
power_curve,,,17000000,50000000,3.0,,100000000,178100000,1.781
power_curve,,,17000000,50000000,3.0,,105000000,178100000,1.6961904761904762
power_curve,,,17000000,50000000,3.0,,110000000,178100000,1.6190909090909091
power_curve,,,17000000,50000000,3.0,,115000000,178100000,1.548695652173913
power_curve,,,17000000,50000000,3.0,,120000000,178100000,1.4841666666666666
power_curve,,,17000000,50000000,3.0,,125000000,178100000,1.4248
power_curve,,,17000000,50000000,3.0,,130000000,178100000,1.37
power_curve,,,18000000,15000000,0.5,,100000000,125600000,1.256
power_curve,,,18000000,15000000,0.5,,105000000,125600000,1.1961904761904762
power_curve,,,18000000,15000000,0.5,,110000000,125600000,1.1418181818181818
power_curve,,,18000000,15000000,0.5,,115000000,125600000,1.0921739130434782
power_curve,,,18000000,15000000,0.5,,120000000,125600000,1.0466666666666666
power_curve,,,18000000,15000000,0.5,,125000000,125600000,1.0048
power_curve,,,18000000,15000000,0.5,,130000000,125600000,0.9661538461538461
power_curve,,,18000000,15000000,1.0,,100000000,117700000,1.177
power_curve,,,18000000,15000000,1.0,,105000000,117700000,1.120952380952381
power_curve,,,18000000,15000000,1.0,,110000000,117700000,1.07
power_curve,,,18000000,15000000,1.0,,115000000,117700000,1.0234782608695652
power_curve,,,18000000,15000000,1.0,,120000000,117700000,0.9808333333333333
power_curve,,,18000000,15000000,1.0,,125000000,117700000,0.9416
power_curve,,,18000000,15000000,1.0,,130000000,117700000,0.9053846153846153
power_curve,,,18000000,15000000,1.5,,100000000,110700000,1.107
power_curve,,,18000000,15000000,1.5,,105000000,110700000,1.0542857142857143
power_curve,,,18000000,15000000,1.5,,110000000,110700000,1.0063636363636363
power_curve,,,18000000,15000000,1.5,,115000000,110700000,0.9626086956521739
power_curve,,,18000000,15000000,1.5,,120000000,110700000,0.9225
power_curve,,,18000000,15000000,1.5,,125000000,110700000,0.8856
power_curve,,,18000000,15000000,1.5,,130000000,110700000,0.8515384615384616
power_curve,,,18000000,15000000,2.0,,100000000,104800000,1.048
power_curve,,,18000000,15000000,2.0,,105000000,104800000,0.9980952380952381
power_curve,,,18000000,15000000,2.0,,110000000,104800000,0.9527272727272728
power_curve,,,18000000,15000000,2.0,,115000000,104800000,0.9113043478260869
power_curve,,,18000000,15000000,2.0,,120000000,104800000,0.8733333333333333
power_curve,,,18000000,15000000,2.0,,125000000,104800000,0.8384
power_curve,,,18000000,15000000,2.0,,130000000,104800000,0.8061538461538461
power_curve,,,18000000,15000000,2.5,,100000000,99400000,0.994
power_curve,,,18000000,15000000,2.5,,105000000,99400000,0.9466666666666667
power_curve,,,18000000,15000000,2.5,,110000000,99400000,0.9036363636363637
power_curve,,,18000000,15000000,2.5,,115000000,99400000,0.8643478260869565
power_curve,,,18000000,15000000,2.5,,120000000,99400000,0.8283333333333334
power_curve,,,18000000,15000000,2.5,,125000000,99400000,0.7952
power_curve,,,18000000,15000000,2.5,,130000000,99400000,0.7646153846153846
power_curve,,,18000000,15000000,3.0,,100000000,95000000,0.95
power_curve,,,18000000,15000000,3.0,,105000000,95000000,0.9047619047619048
power_curve,,,18000000,15000000,3.0,,110000000,95000000,0.8636363636363636
power_curve,,,18000000,15000000,3.0,,115000000,95000000,0.8260869565217391
power_curve,,,18000000,15000000,3.0,,120000000,95000000,0.7916666666666666
power_curve,,,18000000,15000000,3.0,,125000000,95000000,0.76
power_curve,,,18000000,15000000,3.0,,130000000,95000000,0.7307692307692307
power_curve,,,18000000,20000000,0.5,,100000000,140000000,1.4
power_curve,,,18000000,20000000,0.5,,105000000,140000000,1.3333333333333333
power_curve,,,18000000,20000000,0.5,,110000000,140000000,1.2727272727272727
power_curve,,,18000000,20000000,0.5,,115000000,140000000,1.2173913043478262
power_curve,,,18000000,20000000,0.5,,120000000,140000000,1.1666666666666667
power_curve,,,18000000,20000000,0.5,,125000000,140000000,1.12
power_curve,,,18000000,20000000,0.5,,130000000,140000000,1.0769230769230769
power_curve,,,18000000,20000000,1.0,,100000000,131600000,1.316
power_curve,,,18000000,20000000,1.0,,105000000,131600000,1.2533333333333334
power_curve,,,18000000,20000000,1.0,,110000000,131600000,1.1963636363636363
power_curve,,,18000000,20000000,1.0,,115000000,131600000,1.1443478260869566
power_curve,,,18000000,20000000,1.0,,120000000,131600000,1.0966666666666667
power_curve,,,18000000,20000000,1.0,,125000000,131600000,1.0528
power_curve,,,18000000,20000000,1.0,,130000000,131600000,1.0123076923076924
power_curve,,,18000000,20000000,1.5,,100000000,124000000,1.24
power_curve,,,18000000,20000000,1.5,,105000000,124000000,1.180952380952381
power_curve,,,18000000,20000000,1.5,,110000000,124000000,1.1272727272727272
power_curve,,,18000000,20000000,1.5,,115000000,124000000,1.0782608695652174
power_curve,,,18000000,20000000,1.5,,120000000,124000000,1.0333333333333334
power_curve,,,18000000,20000000,1.5,,125000000,124000000,0.992
power_curve,,,18000000,20000000,1.5,,130000000,124000000,0.9538461538461539
power_curve,,,18000000,20000000,2.0,,100000000,117700000,1.177
power_curve,,,18000000,20000000,2.0,,105000000,117700000,1.120952380952381
power_curve,,,18000000,20000000,2.0,,110000000,117700000,1.07
power_curve,,,18000000,20000000,2.0,,115000000,117700000,1.0234782608695652
power_curve,,,18000000,20000000,2.0,,120000000,117700000,0.9808333333333333
power_curve,,,18000000,20000000,2.0,,125000000,117700000,0.9416
power_curve,,,18000000,20000000,2.0,,130000000,117700000,0.9053846153846153
power_curve,,,18000000,20000000,2.5,,100000000,112100000,1.121
power_curve,,,18000000,20000000,2.5,,105000000,112100000,1.0676190476190477
power_curve,,,18000000,20000000,2.5,,110000000,112100000,1.019090909090909
power_curve,,,18000000,20000000,2.5,,115000000,112100000,0.9747826086956521
power_curve,,,18000000,20000000,2.5,,120000000,112100000,0.9341666666666667
power_curve,,,18000000,20000000,2.5,,125000000,112100000,0.8968
power_curve,,,18000000,20000000,2.5,,130000000,112100000,0.8623076923076923
power_curve,,,18000000,20000000,3.0,,100000000,107400000,1.074
power_curve,,,18000000,20000000,3.0,,105000000,107400000,1.022857142857143
power_curve,,,18000000,20000000,3.0,,110000000,107400000,0.9763636363636363
power_curve,,,18000000,20000000,3.0,,115000000,107400000,0.9339130434782609
power_curve,,,18000000,20000000,3.0,,120000000,107400000,0.895
power_curve,,,18000000,20000000,3.0,,125000000,107400000,0.8592
power_curve,,,18000000,20000000,3.0,,130000000,107400000,0.8261538461538461
power_curve,,,18000000,25000000,0.5,,100000000,154500000,1.545
power_curve,,,18000000,25000000,0.5,,105000000,154500000,1.4714285714285715
power_curve,,,18000000,25000000,0.5,,110000000,154500000,1.4045454545454545
power_curve,,,18000000,25000000,0.5,,115000000,154500000,1.3434782608695652
power_curve,,,18000000,25000000,0.5,,120000000,154500000,1.2875
power_curve,,,18000000,25000000,0.5,,125000000,154500000,1.236
power_curve,,,18000000,25000000,0.5,,130000000,154500000,1.1884615384615385
power_curve,,,18000000,25000000,1.0,,100000000,145500000,1.455
power_curve,,,18000000,25000000,1.0,,105000000,145500000,1.3857142857142857
power_curve,,,18000000,25000000,1.0,,110000000,145500000,1.3227272727272728
power_curve,,,18000000,25000000,1.0,,115000000,145500000,1.2652173913043478
power_curve,,,18000000,25000000,1.0,,120000000,145500000,1.2125
power_curve,,,18000000,25000000,1.0,,125000000,145500000,1.164
power_curve,,,18000000,25000000,1.0,,130000000,145500000,1.1192307692307693
power_curve,,,18000000,25000000,1.5,,100000000,137500000,1.375
power_curve,,,18000000,25000000,1.5,,105000000,137500000,1.3095238095238095
power_curve,,,18000000,25000000,1.5,,110000000,137500000,1.25
power_curve,,,18000000,25000000,1.5,,115000000,137500000,1.1956521739130435
power_curve,,,18000000,25000000,1.5,,120000000,137500000,1.1458333333333333
power_curve,,,18000000,25000000,1.5,,125000000,137500000,1.1
power_curve,,,18000000,25000000,1.5,,130000000,137500000,1.0576923076923077
power_curve,,,18000000,25000000,2.0,,100000000,130700000,1.307
power_curve,,,18000000,25000000,2.0,,105000000,130700000,1.2447619047619047
power_curve,,,18000000,25000000,2.0,,110000000,130700000,1.1881818181818182
power_curve,,,18000000,25000000,2.0,,115000000,130700000,1.1365217391304347
power_curve,,,18000000,25000000,2.0,,120000000,130700000,1.0891666666666666
power_curve,,,18000000,25000000,2.0,,125000000,130700000,1.0456
power_curve,,,18000000,25000000,2.0,,130000000,130700000,1.0053846153846153
power_curve,,,18000000,25000000,2.5,,100000000,124700000,1.247
power_curve,,,18000000,25000000,2.5,,105000000,124700000,1.1876190476190476
power_curve,,,18000000,25000000,2.5,,110000000,124700000,1.1336363636363636
power_curve,,,18000000,25000000,2.5,,115000000,124700000,1.0843478260869566
power_curve,,,18000000,25000000,2.5,,120000000,124700000,1.0391666666666666
power_curve,,,18000000,25000000,2.5,,125000000,124700000,0.9976
power_curve,,,18000000,25000000,2.5,,130000000,124700000,0.9592307692307692
power_curve,,,18000000,25000000,3.0,,100000000,119600000,1.196
power_curve,,,18000000,25000000,3.0,,105000000,119600000,1.139047619047619
power_curve,,,18000000,25000000,3.0,,110000000,119600000,1.0872727272727272
power_curve,,,18000000,25000000,3.0,,115000000,119600000,1.04
power_curve,,,18000000,25000000,3.0,,120000000,119600000,0.9966666666666667
power_curve,,,18000000,25000000,3.0,,125000000,119600000,0.9568
power_curve,,,18000000,25000000,3.0,,130000000,119600000,0.92
power_curve,,,18000000,30000000,0.5,,100000000,168800000,1.688
power_curve,,,18000000,30000000,0.5,,105000000,168800000,1.6076190476190477
power_curve,,,18000000,30000000,0.5,,110000000,168800000,1.5345454545454544
power_curve,,,18000000,30000000,0.5,,115000000,168800000,1.4678260869565218
power_curve,,,18000000,30000000,0.5,,120000000,168800000,1.4066666666666667
power_curve,,,18000000,30000000,0.5,,125000000,168800000,1.3504
power_curve,,,18000000,30000000,0.5,,130000000,168800000,1.2984615384615386
power_curve,,,18000000,30000000,1.0,,100000000,159400000,1.594
power_curve,,,18000000,30000000,1.0,,105000000,159400000,1.5180952380952382
power_curve,,,18000000,30000000,1.0,,110000000,159400000,1.449090909090909
power_curve,,,18000000,30000000,1.0,,115000000,159400000,1.386086956521739
power_curve,,,18000000,30000000,1.0,,120000000,159400000,1.3283333333333334
power_curve,,,18000000,30000000,1.0,,125000000,159400000,1.2752
power_curve,,,18000000,30000000,1.0,,130000000,159400000,1.2261538461538461
power_curve,,,18000000,30000000,1.5,,100000000,150900000,1.509
power_curve,,,18000000,30000000,1.5,,105000000,150900000,1.437142857142857
power_curve,,,18000000,30000000,1.5,,110000000,150900000,1.3718181818181818
power_curve,,,18000000,30000000,1.5,,115000000,150900000,1.3121739130434782
power_curve,,,18000000,30000000,1.5,,120000000,150900000,1.2575
power_curve,,,18000000,30000000,1.5,,125000000,150900000,1.2072
power_curve,,,18000000,30000000,1.5,,130000000,150900000,1.1607692307692308
power_curve,,,18000000,30000000,2.0,,100000000,143700000,1.437
power_curve,,,18000000,30000000,2.0,,105000000,143700000,1.3685714285714285
power_curve,,,18000000,30000000,2.0,,110000000,143700000,1.3063636363636364
power_curve,,,18000000,30000000,2.0,,115000000,143700000,1.2495652173913043
power_curve,,,18000000,30000000,2.0,,120000000,143700000,1.1975
power_curve,,,18000000,30000000,2.0,,125000000,143700000,1.1496
power_curve,,,18000000,30000000,2.0,,130000000,143700000,1.1053846153846154
power_curve,,,18000000,30000000,2.5,,100000000,137300000,1.373
power_curve,,,18000000,30000000,2.5,,105000000,137300000,1.3076190476190477
power_curve,,,18000000,30000000,2.5,,110000000,137300000,1.2481818181818183
power_curve,,,18000000,30000000,2.5,,115000000,137300000,1.1939130434782608
power_curve,,,18000000,30000000,2.5,,120000000,137300000,1.1441666666666668
power_curve,,,18000000,30000000,2.5,,125000000,137300000,1.0984
power_curve,,,18000000,30000000,2.5,,130000000,137300000,1.0561538461538462
power_curve,,,18000000,30000000,3.0,,100000000,131900000,1.319
power_curve,,,18000000,30000000,3.0,,105000000,131900000,1.256190476190476
power_curve,,,18000000,30000000,3.0,,110000000,131900000,1.199090909090909
power_curve,,,18000000,30000000,3.0,,115000000,131900000,1.1469565217391304
power_curve,,,18000000,30000000,3.0,,120000000,131900000,1.0991666666666666
power_curve,,,18000000,30000000,3.0,,125000000,131900000,1.0552
power_curve,,,18000000,30000000,3.0,,130000000,131900000,1.0146153846153847
power_curve,,,18000000,35000000,0.5,,100000000,183300000,1.833
power_curve,,,18000000,35000000,0.5,,105000000,183300000,1.7457142857142858
power_curve,,,18000000,35000000,0.5,,110000000,183300000,1.6663636363636363
power_curve,,,18000000,35000000,0.5,,115000000,183300000,1.593913043478261
power_curve,,,18000000,35000000,0.5,,120000000,183300000,1.5275
power_curve,,,18000000,35000000,0.5,,125000000,183300000,1.4664
power_curve,,,18000000,35000000,0.5,,130000000,183300000,1.41
power_curve,,,18000000,35000000,1.0,,100000000,173300000,1.733
power_curve,,,18000000,35000000,1.0,,105000000,173300000,1.6504761904761904
power_curve,,,18000000,35000000,1.0,,110000000,173300000,1.5754545454545454
power_curve,,,18000000,35000000,1.0,,115000000,173300000,1.5069565217391305
power_curve,,,18000000,35000000,1.0,,120000000,173300000,1.4441666666666666
power_curve,,,18000000,35000000,1.0,,125000000,173300000,1.3864
power_curve,,,18000000,35000000,1.0,,130000000,173300000,1.333076923076923
power_curve,,,18000000,35000000,1.5,,100000000,164300000,1.643
power_curve,,,18000000,35000000,1.5,,105000000,164300000,1.5647619047619048
power_curve,,,18000000,35000000,1.5,,110000000,164300000,1.4936363636363637
power_curve,,,18000000,35000000,1.5,,115000000,164300000,1.4286956521739131
power_curve,,,18000000,35000000,1.5,,120000000,164300000,1.3691666666666666
power_curve,,,18000000,35000000,1.5,,125000000,164300000,1.3144
power_curve,,,18000000,35000000,1.5,,130000000,164300000,1.2638461538461538
power_curve,,,18000000,35000000,2.0,,100000000,156700000,1.567
power_curve,,,18000000,35000000,2.0,,105000000,156700000,1.4923809523809524
power_curve,,,18000000,35000000,2.0,,110000000,156700000,1.4245454545454546
power_curve,,,18000000,35000000,2.0,,115000000,156700000,1.362608695652174
power_curve,,,18000000,35000000,2.0,,120000000,156700000,1.3058333333333334
power_curve,,,18000000,35000000,2.0,,125000000,156700000,1.2536
power_curve,,,18000000,35000000,2.0,,130000000,156700000,1.2053846153846153
power_curve,,,18000000,35000000,2.5,,100000000,150000000,1.5
power_curve,,,18000000,35000000,2.5,,105000000,150000000,1.4285714285714286
power_curve,,,18000000,35000000,2.5,,110000000,150000000,1.3636363636363635
power_curve,,,18000000,35000000,2.5,,115000000,150000000,1.3043478260869565
power_curve,,,18000000,35000000,2.5,,120000000,150000000,1.25
power_curve,,,18000000,35000000,2.5,,125000000,150000000,1.2
power_curve,,,18000000,35000000,2.5,,130000000,150000000,1.1538461538461537
power_curve,,,18000000,35000000,3.0,,100000000,144100000,1.441
power_curve,,,18000000,35000000,3.0,,105000000,144100000,1.3723809523809525
power_curve,,,18000000,35000000,3.0,,110000000,144100000,1.31
power_curve,,,18000000,35000000,3.0,,115000000,144100000,1.2530434782608695
power_curve,,,18000000,35000000,3.0,,120000000,144100000,1.2008333333333334
power_curve,,,18000000,35000000,3.0,,125000000,144100000,1.1528
power_curve,,,18000000,35000000,3.0,,130000000,144100000,1.1084615384615384
power_curve,,,18000000,40000000,0.5,,100000000,197800000,1.978
power_curve,,,18000000,40000000,0.5,,105000000,197800000,1.8838095238095238
power_curve,,,18000000,40000000,0.5,,110000000,197800000,1.798181818181818
power_curve,,,18000000,40000000,0.5,,115000000,197800000,1.72
power_curve,,,18000000,40000000,0.5,,120000000,197800000,1.6483333333333334
power_curve,,,18000000,40000000,0.5,,125000000,197800000,1.5824
power_curve,,,18000000,40000000,0.5,,130000000,197800000,1.5215384615384615
power_curve,,,18000000,40000000,1.0,,100000000,187200000,1.872
power_curve,,,18000000,40000000,1.0,,105000000,187200000,1.782857142857143
power_curve,,,18000000,40000000,1.0,,110000000,187200000,1.701818181818182
power_curve,,,18000000,40000000,1.0,,115000000,187200000,1.6278260869565218
power_curve,,,18000000,40000000,1.0,,120000000,187200000,1.56
power_curve,,,18000000,40000000,1.0,,125000000,187200000,1.4976
power_curve,,,18000000,40000000,1.0,,130000000,187200000,1.44
power_curve,,,18000000,40000000,1.5,,100000000,177800000,1.778
power_curve,,,18000000,40000000,1.5,,105000000,177800000,1.6933333333333334
power_curve,,,18000000,40000000,1.5,,110000000,177800000,1.6163636363636364
power_curve,,,18000000,40000000,1.5,,115000000,177800000,1.5460869565217392
power_curve,,,18000000,40000000,1.5,,120000000,177800000,1.4816666666666667
power_curve,,,18000000,40000000,1.5,,125000000,177800000,1.4224
power_curve,,,18000000,40000000,1.5,,130000000,177800000,1.3676923076923078
power_curve,,,18000000,40000000,2.0,,100000000,169700000,1.697
power_curve,,,18000000,40000000,2.0,,105000000,169700000,1.6161904761904762
power_curve,,,18000000,40000000,2.0,,110000000,169700000,1.5427272727272727
power_curve,,,18000000,40000000,2.0,,115000000,169700000,1.4756521739130435
power_curve,,,18000000,40000000,2.0,,120000000,169700000,1.4141666666666666
power_curve,,,18000000,40000000,2.0,,125000000,169700000,1.3576
power_curve,,,18000000,40000000,2.0,,130000000,169700000,1.3053846153846154
power_curve,,,18000000,40000000,2.5,,100000000,162600000,1.626
power_curve,,,18000000,40000000,2.5,,105000000,162600000,1.5485714285714285
power_curve,,,18000000,40000000,2.5,,110000000,162600000,1.4781818181818183
power_curve,,,18000000,40000000,2.5,,115000000,162600000,1.413913043478261
power_curve,,,18000000,40000000,2.5,,120000000,162600000,1.355
power_curve,,,18000000,40000000,2.5,,125000000,162600000,1.3008
power_curve,,,18000000,40000000,2.5,,130000000,162600000,1.2507692307692309
power_curve,,,18000000,40000000,3.0,,100000000,156400000,1.564
power_curve,,,18000000,40000000,3.0,,105000000,156400000,1.4895238095238095
power_curve,,,18000000,40000000,3.0,,110000000,156400000,1.4218181818181819
power_curve,,,18000000,40000000,3.0,,115000000,156400000,1.36
power_curve,,,18000000,40000000,3.0,,120000000,156400000,1.3033333333333332
power_curve,,,18000000,40000000,3.0,,125000000,156400000,1.2512
power_curve,,,18000000,40000000,3.0,,130000000,156400000,1.2030769230769232
power_curve,,,18000000,45000000,0.5,,100000000,212100000,2.121
power_curve,,,18000000,45000000,0.5,,105000000,212100000,2.02
power_curve,,,18000000,45000000,0.5,,110000000,212100000,1.9281818181818182
power_curve,,,18000000,45000000,0.5,,115000000,212100000,1.8443478260869566
power_curve,,,18000000,45000000,0.5,,120000000,212100000,1.7675
power_curve,,,18000000,45000000,0.5,,125000000,212100000,1.6968
power_curve,,,18000000,45000000,0.5,,130000000,212100000,1.6315384615384616
power_curve,,,18000000,45000000,1.0,,100000000,201100000,2.011
power_curve,,,18000000,45000000,1.0,,105000000,201100000,1.9152380952380952
power_curve,,,18000000,45000000,1.0,,110000000,201100000,1.8281818181818181
power_curve,,,18000000,45000000,1.0,,115000000,201100000,1.748695652173913
power_curve,,,18000000,45000000,1.0,,120000000,201100000,1.6758333333333333
power_curve,,,18000000,45000000,1.0,,125000000,201100000,1.6088
power_curve,,,18000000,45000000,1.0,,130000000,201100000,1.5469230769230768
power_curve,,,18000000,45000000,1.5,,100000000,191200000,1.912
power_curve,,,18000000,45000000,1.5,,105000000,191200000,1.8209523809523809
power_curve,,,18000000,45000000,1.5,,110000000,191200000,1.7381818181818183
power_curve,,,18000000,45000000,1.5,,115000000,191200000,1.662608695652174
power_curve,,,18000000,45000000,1.5,,120000000,191200000,1.5933333333333333
power_curve,,,18000000,45000000,1.5,,125000000,191200000,1.5296
power_curve,,,18000000,45000000,1.5,,130000000,191200000,1.4707692307692308
power_curve,,,18000000,45000000,2.0,,100000000,182700000,1.827
power_curve,,,18000000,45000000,2.0,,105000000,182700000,1.74
power_curve,,,18000000,45000000,2.0,,110000000,182700000,1.660909090909091
power_curve,,,18000000,45000000,2.0,,115000000,182700000,1.588695652173913
power_curve,,,18000000,45000000,2.0,,120000000,182700000,1.5225
power_curve,,,18000000,45000000,2.0,,125000000,182700000,1.4616
power_curve,,,18000000,45000000,2.0,,130000000,182700000,1.4053846153846155
power_curve,,,18000000,45000000,2.5,,100000000,175300000,1.753
power_curve,,,18000000,45000000,2.5,,105000000,175300000,1.6695238095238096
power_curve,,,18000000,45000000,2.5,,110000000,175300000,1.5936363636363637
power_curve,,,18000000,45000000,2.5,,115000000,175300000,1.5243478260869565
power_curve,,,18000000,45000000,2.5,,120000000,175300000,1.4608333333333334
power_curve,,,18000000,45000000,2.5,,125000000,175300000,1.4024
power_curve,,,18000000,45000000,2.5,,130000000,175300000,1.3484615384615384
power_curve,,,18000000,45000000,3.0,,100000000,168700000,1.687
power_curve,,,18000000,45000000,3.0,,105000000,168700000,1.6066666666666667
power_curve,,,18000000,45000000,3.0,,110000000,168700000,1.5336363636363637
power_curve,,,18000000,45000000,3.0,,115000000,168700000,1.4669565217391305
power_curve,,,18000000,45000000,3.0,,120000000,168700000,1.4058333333333333
power_curve,,,18000000,45000000,3.0,,125000000,168700000,1.3496
power_curve,,,18000000,45000000,3.0,,130000000,168700000,1.2976923076923077
power_curve,,,18000000,50000000,0.5,,100000000,226600000,2.266
power_curve,,,18000000,50000000,0.5,,105000000,226600000,2.158095238095238
power_curve,,,18000000,50000000,0.5,,110000000,226600000,2.06
power_curve,,,18000000,50000000,0.5,,115000000,226600000,1.9704347826086956
power_curve,,,18000000,50000000,0.5,,120000000,226600000,1.8883333333333334
power_curve,,,18000000,50000000,0.5,,125000000,226600000,1.8128
power_curve,,,18000000,50000000,0.5,,130000000,226600000,1.743076923076923
power_curve,,,18000000,50000000,1.0,,100000000,214900000,2.149
power_curve,,,18000000,50000000,1.0,,105000000,214900000,2.046666666666667
power_curve,,,18000000,50000000,1.0,,110000000,214900000,1.9536363636363636
power_curve,,,18000000,50000000,1.0,,115000000,214900000,1.868695652173913
power_curve,,,18000000,50000000,1.0,,120000000,214900000,1.7908333333333333
power_curve,,,18000000,50000000,1.0,,125000000,214900000,1.7192
power_curve,,,18000000,50000000,1.0,,130000000,214900000,1.653076923076923
power_curve,,,18000000,50000000,1.5,,100000000,204700000,2.047
power_curve,,,18000000,50000000,1.5,,105000000,204700000,1.9495238095238094
power_curve,,,18000000,50000000,1.5,,110000000,204700000,1.8609090909090908
power_curve,,,18000000,50000000,1.5,,115000000,204700000,1.78
power_curve,,,18000000,50000000,1.5,,120000000,204700000,1.7058333333333333
power_curve,,,18000000,50000000,1.5,,125000000,204700000,1.6376
power_curve,,,18000000,50000000,1.5,,130000000,204700000,1.5746153846153845
power_curve,,,18000000,50000000,2.0,,100000000,195700000,1.957
power_curve,,,18000000,50000000,2.0,,105000000,195700000,1.8638095238095238
power_curve,,,18000000,50000000,2.0,,110000000,195700000,1.779090909090909
power_curve,,,18000000,50000000,2.0,,115000000,195700000,1.7017391304347826
power_curve,,,18000000,50000000,2.0,,120000000,195700000,1.6308333333333334
power_curve,,,18000000,50000000,2.0,,125000000,195700000,1.5656
power_curve,,,18000000,50000000,2.0,,130000000,195700000,1.5053846153846153
power_curve,,,18000000,50000000,2.5,,100000000,187800000,1.878
power_curve,,,18000000,50000000,2.5,,105000000,187800000,1.7885714285714285
power_curve,,,18000000,50000000,2.5,,110000000,187800000,1.7072727272727273
power_curve,,,18000000,50000000,2.5,,115000000,187800000,1.6330434782608696
power_curve,,,18000000,50000000,2.5,,120000000,187800000,1.565
power_curve,,,18000000,50000000,2.5,,125000000,187800000,1.5024
power_curve,,,18000000,50000000,2.5,,130000000,187800000,1.4446153846153846
power_curve,,,18000000,50000000,3.0,,100000000,181000000,1.81
power_curve,,,18000000,50000000,3.0,,105000000,181000000,1.723809523809524
power_curve,,,18000000,50000000,3.0,,110000000,181000000,1.6454545454545455
power_curve,,,18000000,50000000,3.0,,115000000,181000000,1.5739130434782609
power_curve,,,18000000,50000000,3.0,,120000000,181000000,1.5083333333333333
power_curve,,,18000000,50000000,3.0,,125000000,181000000,1.448
power_curve,,,18000000,50000000,3.0,,130000000,181000000,1.3923076923076922
power_curve,,,19000000,15000000,0.5,,100000000,130100000,1.301
power_curve,,,19000000,15000000,0.5,,105000000,130100000,1.239047619047619
power_curve,,,19000000,15000000,0.5,,110000000,130100000,1.1827272727272726
power_curve,,,19000000,15000000,0.5,,115000000,130100000,1.131304347826087
power_curve,,,19000000,15000000,0.5,,120000000,130100000,1.0841666666666667
power_curve,,,19000000,15000000,0.5,,125000000,130100000,1.0408
power_curve,,,19000000,15000000,0.5,,130000000,130100000,1.0007692307692309
power_curve,,,19000000,15000000,1.0,,100000000,121700000,1.217
power_curve,,,19000000,15000000,1.0,,105000000,121700000,1.159047619047619
power_curve,,,19000000,15000000,1.0,,110000000,121700000,1.1063636363636364
power_curve,,,19000000,15000000,1.0,,115000000,121700000,1.0582608695652174
power_curve,,,19000000,15000000,1.0,,120000000,121700000,1.0141666666666667
power_curve,,,19000000,15000000,1.0,,125000000,121700000,0.9736
power_curve,,,19000000,15000000,1.0,,130000000,121700000,0.9361538461538461
power_curve,,,19000000,15000000,1.5,,100000000,114500000,1.145
power_curve,,,19000000,15000000,1.5,,105000000,114500000,1.0904761904761904
power_curve,,,19000000,15000000,1.5,,110000000,114500000,1.040909090909091
power_curve,,,19000000,15000000,1.5,,115000000,114500000,0.9956521739130435
power_curve,,,19000000,15000000,1.5,,120000000,114500000,0.9541666666666667
power_curve,,,19000000,15000000,1.5,,125000000,114500000,0.916
power_curve,,,19000000,15000000,1.5,,130000000,114500000,0.8807692307692307
power_curve,,,19000000,15000000,2.0,,100000000,108200000,1.082
power_curve,,,19000000,15000000,2.0,,105000000,108200000,1.0304761904761905
power_curve,,,19000000,15000000,2.0,,110000000,108200000,0.9836363636363636
power_curve,,,19000000,15000000,2.0,,115000000,108200000,0.9408695652173913
power_curve,,,19000000,15000000,2.0,,120000000,108200000,0.9016666666666666
power_curve,,,19000000,15000000,2.0,,125000000,108200000,0.8656
power_curve,,,19000000,15000000,2.0,,130000000,108200000,0.8323076923076923
power_curve,,,19000000,15000000,2.5,,100000000,102600000,1.026
power_curve,,,19000000,15000000,2.5,,105000000,102600000,0.9771428571428571
power_curve,,,19000000,15000000,2.5,,110000000,102600000,0.9327272727272727
power_curve,,,19000000,15000000,2.5,,115000000,102600000,0.8921739130434783
power_curve,,,19000000,15000000,2.5,,120000000,102600000,0.855
power_curve,,,19000000,15000000,2.5,,125000000,102600000,0.8208
power_curve,,,19000000,15000000,2.5,,130000000,102600000,0.7892307692307692
power_curve,,,19000000,15000000,3.0,,100000000,97800000,0.978
power_curve,,,19000000,15000000,3.0,,105000000,97800000,0.9314285714285714
power_curve,,,19000000,15000000,3.0,,110000000,97800000,0.889090909090909
power_curve,,,19000000,15000000,3.0,,115000000,97800000,0.8504347826086956
power_curve,,,19000000,15000000,3.0,,120000000,97800000,0.815
power_curve,,,19000000,15000000,3.0,,125000000,97800000,0.7824
power_curve,,,19000000,15000000,3.0,,130000000,97800000,0.7523076923076923
power_curve,,,19000000,20000000,0.5,,100000000,144500000,1.445
power_curve,,,19000000,20000000,0.5,,105000000,144500000,1.3761904761904762
power_curve,,,19000000,20000000,0.5,,110000000,144500000,1.3136363636363637
power_curve,,,19000000,20000000,0.5,,115000000,144500000,1.2565217391304349
power_curve,,,19000000,20000000,0.5,,120000000,144500000,1.2041666666666666
power_curve,,,19000000,20000000,0.5,,125000000,144500000,1.156
power_curve,,,19000000,20000000,0.5,,130000000,144500000,1.1115384615384616
power_curve,,,19000000,20000000,1.0,,100000000,135600000,1.356
power_curve,,,19000000,20000000,1.0,,105000000,135600000,1.2914285714285714
power_curve,,,19000000,20000000,1.0,,110000000,135600000,1.2327272727272727
power_curve,,,19000000,20000000,1.0,,115000000,135600000,1.1791304347826086
power_curve,,,19000000,20000000,1.0,,120000000,135600000,1.13
power_curve,,,19000000,20000000,1.0,,125000000,135600000,1.0848
power_curve,,,19000000,20000000,1.0,,130000000,135600000,1.043076923076923
power_curve,,,19000000,20000000,1.5,,100000000,127800000,1.278
power_curve,,,19000000,20000000,1.5,,105000000,127800000,1.217142857142857
power_curve,,,19000000,20000000,1.5,,110000000,127800000,1.1618181818181819
power_curve,,,19000000,20000000,1.5,,115000000,127800000,1.111304347826087
power_curve,,,19000000,20000000,1.5,,120000000,127800000,1.065
power_curve,,,19000000,20000000,1.5,,125000000,127800000,1.0224
power_curve,,,19000000,20000000,1.5,,130000000,127800000,0.9830769230769231
power_curve,,,19000000,20000000,2.0,,100000000,121100000,1.211
power_curve,,,19000000,20000000,2.0,,105000000,121100000,1.1533333333333333
power_curve,,,19000000,20000000,2.0,,110000000,121100000,1.1009090909090908
power_curve,,,19000000,20000000,2.0,,115000000,121100000,1.0530434782608695
power_curve,,,19000000,20000000,2.0,,120000000,121100000,1.0091666666666668
power_curve,,,19000000,20000000,2.0,,125000000,121100000,0.9688
power_curve,,,19000000,20000000,2.0,,130000000,121100000,0.9315384615384615
power_curve,,,19000000,20000000,2.5,,100000000,115300000,1.153
power_curve,,,19000000,20000000,2.5,,105000000,115300000,1.098095238095238
power_curve,,,19000000,20000000,2.5,,110000000,115300000,1.048181818181818
power_curve,,,19000000,20000000,2.5,,115000000,115300000,1.0026086956521738
power_curve,,,19000000,20000000,2.5,,120000000,115300000,0.9608333333333333
power_curve,,,19000000,20000000,2.5,,125000000,115300000,0.9224
power_curve,,,19000000,20000000,2.5,,130000000,115300000,0.8869230769230769
power_curve,,,19000000,20000000,3.0,,100000000,110200000,1.102
power_curve,,,19000000,20000000,3.0,,105000000,110200000,1.0495238095238095
power_curve,,,19000000,20000000,3.0,,110000000,110200000,1.0018181818181817
power_curve,,,19000000,20000000,3.0,,115000000,110200000,0.9582608695652174
power_curve,,,19000000,20000000,3.0,,120000000,110200000,0.9183333333333333
power_curve,,,19000000,20000000,3.0,,125000000,110200000,0.8816
power_curve,,,19000000,20000000,3.0,,130000000,110200000,0.8476923076923077
power_curve,,,19000000,25000000,0.5,,100000000,159000000,1.59
power_curve,,,19000000,25000000,0.5,,105000000,159000000,1.5142857142857142
power_curve,,,19000000,25000000,0.5,,110000000,159000000,1.4454545454545455
power_curve,,,19000000,25000000,0.5,,115000000,159000000,1.382608695652174
power_curve,,,19000000,25000000,0.5,,120000000,159000000,1.325
power_curve,,,19000000,25000000,0.5,,125000000,159000000,1.272
power_curve,,,19000000,25000000,0.5,,130000000,159000000,1.2230769230769232
power_curve,,,19000000,25000000,1.0,,100000000,149500000,1.495
power_curve,,,19000000,25000000,1.0,,105000000,149500000,1.4238095238095239
power_curve,,,19000000,25000000,1.0,,110000000,149500000,1.3590909090909091
power_curve,,,19000000,25000000,1.0,,115000000,149500000,1.3
power_curve,,,19000000,25000000,1.0,,120000000,149500000,1.2458333333333333
power_curve,,,19000000,25000000,1.0,,125000000,149500000,1.196
power_curve,,,19000000,25000000,1.0,,130000000,149500000,1.15
power_curve,,,19000000,25000000,1.5,,100000000,141300000,1.413
power_curve,,,19000000,25000000,1.5,,105000000,141300000,1.3457142857142856
power_curve,,,19000000,25000000,1.5,,110000000,141300000,1.2845454545454544
power_curve,,,19000000,25000000,1.5,,115000000,141300000,1.228695652173913
power_curve,,,19000000,25000000,1.5,,120000000,141300000,1.1775
power_curve,,,19000000,25000000,1.5,,125000000,141300000,1.1304
power_curve,,,19000000,25000000,1.5,,130000000,141300000,1.0869230769230769
power_curve,,,19000000,25000000,2.0,,100000000,134100000,1.341
power_curve,,,19000000,25000000,2.0,,105000000,134100000,1.2771428571428571
power_curve,,,19000000,25000000,2.0,,110000000,134100000,1.219090909090909
power_curve,,,19000000,25000000,2.0,,115000000,134100000,1.166086956521739
power_curve,,,19000000,25000000,2.0,,120000000,134100000,1.1175
power_curve,,,19000000,25000000,2.0,,125000000,134100000,1.0728
power_curve,,,19000000,25000000,2.0,,130000000,134100000,1.0315384615384615
power_curve,,,19000000,25000000,2.5,,100000000,127900000,1.279
power_curve,,,19000000,25000000,2.5,,105000000,127900000,1.2180952380952381
power_curve,,,19000000,25000000,2.5,,110000000,127900000,1.1627272727272728
power_curve,,,19000000,25000000,2.5,,115000000,127900000,1.1121739130434782
power_curve,,,19000000,25000000,2.5,,120000000,127900000,1.0658333333333334
power_curve,,,19000000,25000000,2.5,,125000000,127900000,1.0232
power_curve,,,19000000,25000000,2.5,,130000000,127900000,0.9838461538461538
power_curve,,,19000000,25000000,3.0,,100000000,122400000,1.224
power_curve,,,19000000,25000000,3.0,,105000000,122400000,1.1657142857142857
power_curve,,,19000000,25000000,3.0,,110000000,122400000,1.1127272727272728
power_curve,,,19000000,25000000,3.0,,115000000,122400000,1.0643478260869565
power_curve,,,19000000,25000000,3.0,,120000000,122400000,1.02
power_curve,,,19000000,25000000,3.0,,125000000,122400000,0.9792
power_curve,,,19000000,25000000,3.0,,130000000,122400000,0.9415384615384615
power_curve,,,19000000,30000000,0.5,,100000000,173300000,1.733
power_curve,,,19000000,30000000,0.5,,105000000,173300000,1.6504761904761904
power_curve,,,19000000,30000000,0.5,,110000000,173300000,1.5754545454545454
power_curve,,,19000000,30000000,0.5,,115000000,173300000,1.5069565217391305
power_curve,,,19000000,30000000,0.5,,120000000,173300000,1.4441666666666666
power_curve,,,19000000,30000000,0.5,,125000000,173300000,1.3864
power_curve,,,19000000,30000000,0.5,,130000000,173300000,1.333076923076923
power_curve,,,19000000,30000000,1.0,,100000000,163400000,1.634
power_curve,,,19000000,30000000,1.0,,105000000,163400000,1.5561904761904761
power_curve,,,19000000,30000000,1.0,,110000000,163400000,1.4854545454545454
power_curve,,,19000000,30000000,1.0,,115000000,163400000,1.4208695652173913
power_curve,,,19000000,30000000,1.0,,120000000,163400000,1.3616666666666666
power_curve,,,19000000,30000000,1.0,,125000000,163400000,1.3072
power_curve,,,19000000,30000000,1.0,,130000000,163400000,1.256923076923077
power_curve,,,19000000,30000000,1.5,,100000000,154700000,1.547
power_curve,,,19000000,30000000,1.5,,105000000,154700000,1.4733333333333334
power_curve,,,19000000,30000000,1.5,,110000000,154700000,1.4063636363636363
power_curve,,,19000000,30000000,1.5,,115000000,154700000,1.345217391304348
power_curve,,,19000000,30000000,1.5,,120000000,154700000,1.2891666666666666
power_curve,,,19000000,30000000,1.5,,125000000,154700000,1.2376
power_curve,,,19000000,30000000,1.5,,130000000,154700000,1.19
power_curve,,,19000000,30000000,2.0,,100000000,147100000,1.471
power_curve,,,19000000,30000000,2.0,,105000000,147100000,1.400952380952381
power_curve,,,19000000,30000000,2.0,,110000000,147100000,1.3372727272727272
power_curve,,,19000000,30000000,2.0,,115000000,147100000,1.2791304347826087
power_curve,,,19000000,30000000,2.0,,120000000,147100000,1.2258333333333333
power_curve,,,19000000,30000000,2.0,,125000000,147100000,1.1768
power_curve,,,19000000,30000000,2.0,,130000000,147100000,1.1315384615384616
power_curve,,,19000000,30000000,2.5,,100000000,140500000,1.405
power_curve,,,19000000,30000000,2.5,,105000000,140500000,1.338095238095238
power_curve,,,19000000,30000000,2.5,,110000000,140500000,1.2772727272727273
power_curve,,,19000000,30000000,2.5,,115000000,140500000,1.2217391304347827
power_curve,,,19000000,30000000,2.5,,120000000,140500000,1.1708333333333334
power_curve,,,19000000,30000000,2.5,,125000000,140500000,1.124
power_curve,,,19000000,30000000,2.5,,130000000,140500000,1.0807692307692307
power_curve,,,19000000,30000000,3.0,,100000000,134700000,1.347
power_curve,,,19000000,30000000,3.0,,105000000,134700000,1.282857142857143
power_curve,,,19000000,30000000,3.0,,110000000,134700000,1.2245454545454546
power_curve,,,19000000,30000000,3.0,,115000000,134700000,1.171304347826087
power_curve,,,19000000,30000000,3.0,,120000000,134700000,1.1225
power_curve,,,19000000,30000000,3.0,,125000000,134700000,1.0776
power_curve,,,19000000,30000000,3.0,,130000000,134700000,1.0361538461538462
power_curve,,,19000000,35000000,0.5,,100000000,187800000,1.878
power_curve,,,19000000,35000000,0.5,,105000000,187800000,1.7885714285714285
power_curve,,,19000000,35000000,0.5,,110000000,187800000,1.7072727272727273
power_curve,,,19000000,35000000,0.5,,115000000,187800000,1.6330434782608696
power_curve,,,19000000,35000000,0.5,,120000000,187800000,1.565
power_curve,,,19000000,35000000,0.5,,125000000,187800000,1.5024
power_curve,,,19000000,35000000,0.5,,130000000,187800000,1.4446153846153846
power_curve,,,19000000,35000000,1.0,,100000000,177300000,1.773
power_curve,,,19000000,35000000,1.0,,105000000,177300000,1.6885714285714286
power_curve,,,19000000,35000000,1.0,,110000000,177300000,1.6118181818181818
power_curve,,,19000000,35000000,1.0,,115000000,177300000,1.5417391304347825
power_curve,,,19000000,35000000,1.0,,120000000,177300000,1.4775
power_curve,,,19000000,35000000,1.0,,125000000,177300000,1.4184
power_curve,,,19000000,35000000,1.0,,130000000,177300000,1.363846153846154
power_curve,,,19000000,35000000,1.5,,100000000,168100000,1.681
power_curve,,,19000000,35000000,1.5,,105000000,168100000,1.600952380952381
power_curve,,,19000000,35000000,1.5,,110000000,168100000,1.528181818181818
power_curve,,,19000000,35000000,1.5,,115000000,168100000,1.4617391304347827
power_curve,,,19000000,35000000,1.5,,120000000,168100000,1.4008333333333334
power_curve,,,19000000,35000000,1.5,,125000000,168100000,1.3448
power_curve,,,19000000,35000000,1.5,,130000000,168100000,1.293076923076923
power_curve,,,19000000,35000000,2.0,,100000000,160100000,1.601
power_curve,,,19000000,35000000,2.0,,105000000,160100000,1.5247619047619048
power_curve,,,19000000,35000000,2.0,,110000000,160100000,1.4554545454545456
power_curve,,,19000000,35000000,2.0,,115000000,160100000,1.3921739130434783
power_curve,,,19000000,35000000,2.0,,120000000,160100000,1.3341666666666667
power_curve,,,19000000,35000000,2.0,,125000000,160100000,1.2808
power_curve,,,19000000,35000000,2.0,,130000000,160100000,1.2315384615384615
power_curve,,,19000000,35000000,2.5,,100000000,153200000,1.532
power_curve,,,19000000,35000000,2.5,,105000000,153200000,1.4590476190476191
power_curve,,,19000000,35000000,2.5,,110000000,153200000,1.3927272727272728
power_curve,,,19000000,35000000,2.5,,115000000,153200000,1.3321739130434782
power_curve,,,19000000,35000000,2.5,,120000000,153200000,1.2766666666666666
power_curve,,,19000000,35000000,2.5,,125000000,153200000,1.2256
power_curve,,,19000000,35000000,2.5,,130000000,153200000,1.1784615384615384
power_curve,,,19000000,35000000,3.0,,100000000,146900000,1.469
power_curve,,,19000000,35000000,3.0,,105000000,146900000,1.399047619047619
power_curve,,,19000000,35000000,3.0,,110000000,146900000,1.3354545454545454
power_curve,,,19000000,35000000,3.0,,115000000,146900000,1.277391304347826
power_curve,,,19000000,35000000,3.0,,120000000,146900000,1.2241666666666666
power_curve,,,19000000,35000000,3.0,,125000000,146900000,1.1752
power_curve,,,19000000,35000000,3.0,,130000000,146900000,1.13
power_curve,,,19000000,40000000,0.5,,100000000,202300000,2.023
power_curve,,,19000000,40000000,0.5,,105000000,202300000,1.9266666666666667
power_curve,,,19000000,40000000,0.5,,110000000,202300000,1.839090909090909
power_curve,,,19000000,40000000,0.5,,115000000,202300000,1.7591304347826087
power_curve,,,19000000,40000000,0.5,,120000000,202300000,1.6858333333333333
power_curve,,,19000000,40000000,0.5,,125000000,202300000,1.6184
power_curve,,,19000000,40000000,0.5,,130000000,202300000,1.5561538461538462
power_curve,,,19000000,40000000,1.0,,100000000,191200000,1.912
power_curve,,,19000000,40000000,1.0,,105000000,191200000,1.8209523809523809
power_curve,,,19000000,40000000,1.0,,110000000,191200000,1.7381818181818183
power_curve,,,19000000,40000000,1.0,,115000000,191200000,1.662608695652174
power_curve,,,19000000,40000000,1.0,,120000000,191200000,1.5933333333333333
power_curve,,,19000000,40000000,1.0,,125000000,191200000,1.5296
power_curve,,,19000000,40000000,1.0,,130000000,191200000,1.4707692307692308
power_curve,,,19000000,40000000,1.5,,100000000,181600000,1.816
power_curve,,,19000000,40000000,1.5,,105000000,181600000,1.7295238095238095
power_curve,,,19000000,40000000,1.5,,110000000,181600000,1.6509090909090909
power_curve,,,19000000,40000000,1.5,,115000000,181600000,1.5791304347826087
power_curve,,,19000000,40000000,1.5,,120000000,181600000,1.5133333333333334
power_curve,,,19000000,40000000,1.5,,125000000,181600000,1.4528
power_curve,,,19000000,40000000,1.5,,130000000,181600000,1.396923076923077
power_curve,,,19000000,40000000,2.0,,100000000,173100000,1.731
power_curve,,,19000000,40000000,2.0,,105000000,173100000,1.6485714285714286
power_curve,,,19000000,40000000,2.0,,110000000,173100000,1.5736363636363637
power_curve,,,19000000,40000000,2.0,,115000000,173100000,1.5052173913043478
power_curve,,,19000000,40000000,2.0,,120000000,173100000,1.4425
power_curve,,,19000000,40000000,2.0,,125000000,173100000,1.3848
power_curve,,,19000000,40000000,2.0,,130000000,173100000,1.3315384615384616
power_curve,,,19000000,40000000,2.5,,100000000,165800000,1.658
power_curve,,,19000000,40000000,2.5,,105000000,165800000,1.579047619047619
power_curve,,,19000000,40000000,2.5,,110000000,165800000,1.5072727272727273
power_curve,,,19000000,40000000,2.5,,115000000,165800000,1.4417391304347826
power_curve,,,19000000,40000000,2.5,,120000000,165800000,1.3816666666666666
power_curve,,,19000000,40000000,2.5,,125000000,165800000,1.3264
power_curve,,,19000000,40000000,2.5,,130000000,165800000,1.2753846153846153
power_curve,,,19000000,40000000,3.0,,100000000,159200000,1.592
power_curve,,,19000000,40000000,3.0,,105000000,159200000,1.516190476190476
power_curve,,,19000000,40000000,3.0,,110000000,159200000,1.4472727272727273
power_curve,,,19000000,40000000,3.0,,115000000,159200000,1.3843478260869566
power_curve,,,19000000,40000000,3.0,,120000000,159200000,1.3266666666666667
power_curve,,,19000000,40000000,3.0,,125000000,159200000,1.2736
power_curve,,,19000000,40000000,3.0,,130000000,159200000,1.2246153846153847
power_curve,,,19000000,45000000,0.5,,100000000,216600000,2.166
power_curve,,,19000000,45000000,0.5,,105000000,216600000,2.0628571428571427
power_curve,,,19000000,45000000,0.5,,110000000,216600000,1.969090909090909
power_curve,,,19000000,45000000,0.5,,115000000,216600000,1.8834782608695653
power_curve,,,19000000,45000000,0.5,,120000000,216600000,1.805
power_curve,,,19000000,45000000,0.5,,125000000,216600000,1.7328
power_curve,,,19000000,45000000,0.5,,130000000,216600000,1.666153846153846
power_curve,,,19000000,45000000,1.0,,100000000,205100000,2.051
power_curve,,,19000000,45000000,1.0,,105000000,205100000,1.9533333333333334
power_curve,,,19000000,45000000,1.0,,110000000,205100000,1.8645454545454545
power_curve,,,19000000,45000000,1.0,,115000000,205100000,1.7834782608695652
power_curve,,,19000000,45000000,1.0,,120000000,205100000,1.7091666666666667
power_curve,,,19000000,45000000,1.0,,125000000,205100000,1.6408
power_curve,,,19000000,45000000,1.0,,130000000,205100000,1.5776923076923077
power_curve,,,19000000,45000000,1.5,,100000000,195000000,1.95
power_curve,,,19000000,45000000,1.5,,105000000,195000000,1.8571428571428572
power_curve,,,19000000,45000000,1.5,,110000000,195000000,1.7727272727272727
power_curve,,,19000000,45000000,1.5,,115000000,195000000,1.6956521739130435
power_curve,,,19000000,45000000,1.5,,120000000,195000000,1.625
power_curve,,,19000000,45000000,1.5,,125000000,195000000,1.56
power_curve,,,19000000,45000000,1.5,,130000000,195000000,1.5
power_curve,,,19000000,45000000,2.0,,100000000,186100000,1.861
power_curve,,,19000000,45000000,2.0,,105000000,186100000,1.7723809523809524
power_curve,,,19000000,45000000,2.0,,110000000,186100000,1.6918181818181819
power_curve,,,19000000,45000000,2.0,,115000000,186100000,1.6182608695652174
power_curve,,,19000000,45000000,2.0,,120000000,186100000,1.5508333333333333
power_curve,,,19000000,45000000,2.0,,125000000,186100000,1.4888
power_curve,,,19000000,45000000,2.0,,130000000,186100000,1.4315384615384616
power_curve,,,19000000,45000000,2.5,,100000000,178500000,1.785
power_curve,,,19000000,45000000,2.5,,105000000,178500000,1.7
power_curve,,,19000000,45000000,2.5,,110000000,178500000,1.6227272727272728
power_curve,,,19000000,45000000,2.5,,115000000,178500000,1.5521739130434782
power_curve,,,19000000,45000000,2.5,,120000000,178500000,1.4875
power_curve,,,19000000,45000000,2.5,,125000000,178500000,1.428
power_curve,,,19000000,45000000,2.5,,130000000,178500000,1.373076923076923
power_curve,,,19000000,45000000,3.0,,100000000,171500000,1.715
power_curve,,,19000000,45000000,3.0,,105000000,171500000,1.6333333333333333
power_curve,,,19000000,45000000,3.0,,110000000,171500000,1.559090909090909
power_curve,,,19000000,45000000,3.0,,115000000,171500000,1.491304347826087
power_curve,,,19000000,45000000,3.0,,120000000,171500000,1.4291666666666667
power_curve,,,19000000,45000000,3.0,,125000000,171500000,1.372
power_curve,,,19000000,45000000,3.0,,130000000,171500000,1.3192307692307692
power_curve,,,19000000,50000000,0.5,,100000000,231100000,2.311
power_curve,,,19000000,50000000,0.5,,105000000,231100000,2.2009523809523808
power_curve,,,19000000,50000000,0.5,,110000000,231100000,2.100909090909091
power_curve,,,19000000,50000000,0.5,,115000000,231100000,2.0095652173913043
power_curve,,,19000000,50000000,0.5,,120000000,231100000,1.9258333333333333
power_curve,,,19000000,50000000,0.5,,125000000,231100000,1.8488
power_curve,,,19000000,50000000,0.5,,130000000,231100000,1.7776923076923077
power_curve,,,19000000,50000000,1.0,,100000000,218900000,2.189
power_curve,,,19000000,50000000,1.0,,105000000,218900000,2.084761904761905
power_curve,,,19000000,50000000,1.0,,110000000,218900000,1.99
power_curve,,,19000000,50000000,1.0,,115000000,218900000,1.9034782608695653
power_curve,,,19000000,50000000,1.0,,120000000,218900000,1.8241666666666667
power_curve,,,19000000,50000000,1.0,,125000000,218900000,1.7512
power_curve,,,19000000,50000000,1.0,,130000000,218900000,1.6838461538461538
power_curve,,,19000000,50000000,1.5,,100000000,208500000,2.085
power_curve,,,19000000,50000000,1.5,,105000000,208500000,1.9857142857142858
power_curve,,,19000000,50000000,1.5,,110000000,208500000,1.8954545454545455
power_curve,,,19000000,50000000,1.5,,115000000,208500000,1.8130434782608695
power_curve,,,19000000,50000000,1.5,,120000000,208500000,1.7375
power_curve,,,19000000,50000000,1.5,,125000000,208500000,1.668
power_curve,,,19000000,50000000,1.5,,130000000,208500000,1.603846153846154
power_curve,,,19000000,50000000,2.0,,100000000,199100000,1.991
power_curve,,,19000000,50000000,2.0,,105000000,199100000,1.8961904761904762
power_curve,,,19000000,50000000,2.0,,110000000,199100000,1.81
power_curve,,,19000000,50000000,2.0,,115000000,199100000,1.731304347826087
power_curve,,,19000000,50000000,2.0,,120000000,199100000,1.6591666666666667
power_curve,,,19000000,50000000,2.0,,125000000,199100000,1.5928
power_curve,,,19000000,50000000,2.0,,130000000,199100000,1.5315384615384615
power_curve,,,19000000,50000000,2.5,,100000000,191000000,1.91
power_curve,,,19000000,50000000,2.5,,105000000,191000000,1.819047619047619
power_curve,,,19000000,50000000,2.5,,110000000,191000000,1.7363636363636363
power_curve,,,19000000,50000000,2.5,,115000000,191000000,1.6608695652173913
power_curve,,,19000000,50000000,2.5,,120000000,191000000,1.5916666666666666
power_curve,,,19000000,50000000,2.5,,125000000,191000000,1.528
power_curve,,,19000000,50000000,2.5,,130000000,191000000,1.4692307692307693
power_curve,,,19000000,50000000,3.0,,100000000,183800000,1.838
power_curve,,,19000000,50000000,3.0,,105000000,183800000,1.7504761904761905
power_curve,,,19000000,50000000,3.0,,110000000,183800000,1.670909090909091
power_curve,,,19000000,50000000,3.0,,115000000,183800000,1.5982608695652174
power_curve,,,19000000,50000000,3.0,,120000000,183800000,1.5316666666666667
power_curve,,,19000000,50000000,3.0,,125000000,183800000,1.4704
power_curve,,,19000000,50000000,3.0,,130000000,183800000,1.4138461538461538
power_curve,,,20000000,15000000,0.5,,100000000,134600000,1.346
power_curve,,,20000000,15000000,0.5,,105000000,134600000,1.2819047619047619
power_curve,,,20000000,15000000,0.5,,110000000,134600000,1.2236363636363636
power_curve,,,20000000,15000000,0.5,,115000000,134600000,1.1704347826086956
power_curve,,,20000000,15000000,0.5,,120000000,134600000,1.1216666666666666
power_curve,,,20000000,15000000,0.5,,125000000,134600000,1.0768
power_curve,,,20000000,15000000,0.5,,130000000,134600000,1.0353846153846153
power_curve,,,20000000,15000000,1.0,,100000000,125700000,1.257
power_curve,,,20000000,15000000,1.0,,105000000,125700000,1.197142857142857
power_curve,,,20000000,15000000,1.0,,110000000,125700000,1.1427272727272728
power_curve,,,20000000,15000000,1.0,,115000000,125700000,1.0930434782608696
power_curve,,,20000000,15000000,1.0,,120000000,125700000,1.0475
power_curve,,,20000000,15000000,1.0,,125000000,125700000,1.0056
power_curve,,,20000000,15000000,1.0,,130000000,125700000,0.9669230769230769
power_curve,,,20000000,15000000,1.5,,100000000,118100000,1.181
power_curve,,,20000000,15000000,1.5,,105000000,118100000,1.1247619047619049
power_curve,,,20000000,15000000,1.5,,110000000,118100000,1.0736363636363637
power_curve,,,20000000,15000000,1.5,,115000000,118100000,1.0269565217391305
power_curve,,,20000000,15000000,1.5,,120000000,118100000,0.9841666666666666
power_curve,,,20000000,15000000,1.5,,125000000,118100000,0.9448
power_curve,,,20000000,15000000,1.5,,130000000,118100000,0.9084615384615384
power_curve,,,20000000,15000000,2.0,,100000000,111500000,1.115
power_curve,,,20000000,15000000,2.0,,105000000,111500000,1.061904761904762
power_curve,,,20000000,15000000,2.0,,110000000,111500000,1.0136363636363637
power_curve,,,20000000,15000000,2.0,,115000000,111500000,0.9695652173913043
power_curve,,,20000000,15000000,2.0,,120000000,111500000,0.9291666666666667
power_curve,,,20000000,15000000,2.0,,125000000,111500000,0.892
power_curve,,,20000000,15000000,2.0,,130000000,111500000,0.8576923076923076
power_curve,,,20000000,15000000,2.5,,100000000,105700000,1.057
power_curve,,,20000000,15000000,2.5,,105000000,105700000,1.0066666666666666
power_curve,,,20000000,15000000,2.5,,110000000,105700000,0.9609090909090909
power_curve,,,20000000,15000000,2.5,,115000000,105700000,0.9191304347826087
power_curve,,,20000000,15000000,2.5,,120000000,105700000,0.8808333333333334
power_curve,,,20000000,15000000,2.5,,125000000,105700000,0.8456
power_curve,,,20000000,15000000,2.5,,130000000,105700000,0.813076923076923
power_curve,,,20000000,15000000,3.0,,100000000,100700000,1.007
power_curve,,,20000000,15000000,3.0,,105000000,100700000,0.959047619047619
power_curve,,,20000000,15000000,3.0,,110000000,100700000,0.9154545454545454
power_curve,,,20000000,15000000,3.0,,115000000,100700000,0.8756521739130435
power_curve,,,20000000,15000000,3.0,,120000000,100700000,0.8391666666666666
power_curve,,,20000000,15000000,3.0,,125000000,100700000,0.8056
power_curve,,,20000000,15000000,3.0,,130000000,100700000,0.7746153846153846
power_curve,,,20000000,20000000,0.5,,100000000,149000000,1.49
power_curve,,,20000000,20000000,0.5,,105000000,149000000,1.4190476190476191
power_curve,,,20000000,20000000,0.5,,110000000,149000000,1.3545454545454545
power_curve,,,20000000,20000000,0.5,,115000000,149000000,1.2956521739130435
power_curve,,,20000000,20000000,0.5,,120000000,149000000,1.2416666666666667
power_curve,,,20000000,20000000,0.5,,125000000,149000000,1.192
power_curve,,,20000000,20000000,0.5,,130000000,149000000,1.146153846153846
power_curve,,,20000000,20000000,1.0,,100000000,139600000,1.396
power_curve,,,20000000,20000000,1.0,,105000000,139600000,1.3295238095238096
power_curve,,,20000000,20000000,1.0,,110000000,139600000,1.269090909090909
power_curve,,,20000000,20000000,1.0,,115000000,139600000,1.2139130434782608
power_curve,,,20000000,20000000,1.0,,120000000,139600000,1.1633333333333333
power_curve,,,20000000,20000000,1.0,,125000000,139600000,1.1168
power_curve,,,20000000,20000000,1.0,,130000000,139600000,1.073846153846154
power_curve,,,20000000,20000000,1.5,,100000000,131400000,1.314
power_curve,,,20000000,20000000,1.5,,105000000,131400000,1.2514285714285713
power_curve,,,20000000,20000000,1.5,,110000000,131400000,1.1945454545454546
power_curve,,,20000000,20000000,1.5,,115000000,131400000,1.142608695652174
power_curve,,,20000000,20000000,1.5,,120000000,131400000,1.095
power_curve,,,20000000,20000000,1.5,,125000000,131400000,1.0512
power_curve,,,20000000,20000000,1.5,,130000000,131400000,1.0107692307692309
power_curve,,,20000000,20000000,2.0,,100000000,124400000,1.244
power_curve,,,20000000,20000000,2.0,,105000000,124400000,1.1847619047619047
power_curve,,,20000000,20000000,2.0,,110000000,124400000,1.1309090909090909
power_curve,,,20000000,20000000,2.0,,115000000,124400000,1.0817391304347825
power_curve,,,20000000,20000000,2.0,,120000000,124400000,1.0366666666666666
power_curve,,,20000000,20000000,2.0,,125000000,124400000,0.9952
power_curve,,,20000000,20000000,2.0,,130000000,124400000,0.9569230769230769
power_curve,,,20000000,20000000,2.5,,100000000,118400000,1.184
power_curve,,,20000000,20000000,2.5,,105000000,118400000,1.1276190476190475
power_curve,,,20000000,20000000,2.5,,110000000,118400000,1.0763636363636364
power_curve,,,20000000,20000000,2.5,,115000000,118400000,1.0295652173913044
power_curve,,,20000000,20000000,2.5,,120000000,118400000,0.9866666666666667
power_curve,,,20000000,20000000,2.5,,125000000,118400000,0.9472
power_curve,,,20000000,20000000,2.5,,130000000,118400000,0.9107692307692308
power_curve,,,20000000,20000000,3.0,,100000000,113100000,1.131
power_curve,,,20000000,20000000,3.0,,105000000,113100000,1.0771428571428572
power_curve,,,20000000,20000000,3.0,,110000000,113100000,1.028181818181818
power_curve,,,20000000,20000000,3.0,,115000000,113100000,0.9834782608695652
power_curve,,,20000000,20000000,3.0,,120000000,113100000,0.9425
power_curve,,,20000000,20000000,3.0,,125000000,113100000,0.9048
power_curve,,,20000000,20000000,3.0,,130000000,113100000,0.87
power_curve,,,20000000,25000000,0.5,,100000000,163500000,1.635
power_curve,,,20000000,25000000,0.5,,105000000,163500000,1.5571428571428572
power_curve,,,20000000,25000000,0.5,,110000000,163500000,1.4863636363636363
power_curve,,,20000000,25000000,0.5,,115000000,163500000,1.4217391304347826
power_curve,,,20000000,25000000,0.5,,120000000,163500000,1.3625
power_curve,,,20000000,25000000,0.5,,125000000,163500000,1.308
power_curve,,,20000000,25000000,0.5,,130000000,163500000,1.2576923076923077
power_curve,,,20000000,25000000,1.0,,100000000,153500000,1.535
power_curve,,,20000000,25000000,1.0,,105000000,153500000,1.4619047619047618
power_curve,,,20000000,25000000,1.0,,110000000,153500000,1.3954545454545455
power_curve,,,20000000,25000000,1.0,,115000000,153500000,1.3347826086956522
power_curve,,,20000000,25000000,1.0,,120000000,153500000,1.2791666666666666
power_curve,,,20000000,25000000,1.0,,125000000,153500000,1.228
power_curve,,,20000000,25000000,1.0,,130000000,153500000,1.1807692307692308
power_curve,,,20000000,25000000,1.5,,100000000,144900000,1.449
power_curve,,,20000000,25000000,1.5,,105000000,144900000,1.38
power_curve,,,20000000,25000000,1.5,,110000000,144900000,1.3172727272727274
power_curve,,,20000000,25000000,1.5,,115000000,144900000,1.26
power_curve,,,20000000,25000000,1.5,,120000000,144900000,1.2075
power_curve,,,20000000,25000000,1.5,,125000000,144900000,1.1592
power_curve,,,20000000,25000000,1.5,,130000000,144900000,1.1146153846153846
power_curve,,,20000000,25000000,2.0,,100000000,137400000,1.374
power_curve,,,20000000,25000000,2.0,,105000000,137400000,1.3085714285714285
power_curve,,,20000000,25000000,2.0,,110000000,137400000,1.249090909090909
power_curve,,,20000000,25000000,2.0,,115000000,137400000,1.1947826086956521
power_curve,,,20000000,25000000,2.0,,120000000,137400000,1.145
power_curve,,,20000000,25000000,2.0,,125000000,137400000,1.0992
power_curve,,,20000000,25000000,2.0,,130000000,137400000,1.0569230769230769
power_curve,,,20000000,25000000,2.5,,100000000,131000000,1.31
power_curve,,,20000000,25000000,2.5,,105000000,131000000,1.2476190476190476
power_curve,,,20000000,25000000,2.5,,110000000,131000000,1.190909090909091
power_curve,,,20000000,25000000,2.5,,115000000,131000000,1.1391304347826088
power_curve,,,20000000,25000000,2.5,,120000000,131000000,1.0916666666666666
power_curve,,,20000000,25000000,2.5,,125000000,131000000,1.048
power_curve,,,20000000,25000000,2.5,,130000000,131000000,1.0076923076923077
power_curve,,,20000000,25000000,3.0,,100000000,125300000,1.253
power_curve,,,20000000,25000000,3.0,,105000000,125300000,1.1933333333333334
power_curve,,,20000000,25000000,3.0,,110000000,125300000,1.1390909090909092
power_curve,,,20000000,25000000,3.0,,115000000,125300000,1.0895652173913044
power_curve,,,20000000,25000000,3.0,,120000000,125300000,1.0441666666666667
power_curve,,,20000000,25000000,3.0,,125000000,125300000,1.0024
power_curve,,,20000000,25000000,3.0,,130000000,125300000,0.9638461538461538
power_curve,,,20000000,30000000,0.5,,100000000,177800000,1.778
power_curve,,,20000000,30000000,0.5,,105000000,177800000,1.6933333333333334
power_curve,,,20000000,30000000,0.5,,110000000,177800000,1.6163636363636364
power_curve,,,20000000,30000000,0.5,,115000000,177800000,1.5460869565217392
power_curve,,,20000000,30000000,0.5,,120000000,177800000,1.4816666666666667
power_curve,,,20000000,30000000,0.5,,125000000,177800000,1.4224
power_curve,,,20000000,30000000,0.5,,130000000,177800000,1.3676923076923078
power_curve,,,20000000,30000000,1.0,,100000000,167400000,1.674
power_curve,,,20000000,30000000,1.0,,105000000,167400000,1.5942857142857143
power_curve,,,20000000,30000000,1.0,,110000000,167400000,1.5218181818181817
power_curve,,,20000000,30000000,1.0,,115000000,167400000,1.4556521739130435
power_curve,,,20000000,30000000,1.0,,120000000,167400000,1.395
power_curve,,,20000000,30000000,1.0,,125000000,167400000,1.3392
power_curve,,,20000000,30000000,1.0,,130000000,167400000,1.2876923076923077
power_curve,,,20000000,30000000,1.5,,100000000,158300000,1.583
power_curve,,,20000000,30000000,1.5,,105000000,158300000,1.5076190476190476
power_curve,,,20000000,30000000,1.5,,110000000,158300000,1.4390909090909092
power_curve,,,20000000,30000000,1.5,,115000000,158300000,1.3765217391304347
power_curve,,,20000000,30000000,1.5,,120000000,158300000,1.3191666666666666
power_curve,,,20000000,30000000,1.5,,125000000,158300000,1.2664
power_curve,,,20000000,30000000,1.5,,130000000,158300000,1.2176923076923076
power_curve,,,20000000,30000000,2.0,,100000000,150400000,1.504
power_curve,,,20000000,30000000,2.0,,105000000,150400000,1.4323809523809523
power_curve,,,20000000,30000000,2.0,,110000000,150400000,1.3672727272727272
power_curve,,,20000000,30000000,2.0,,115000000,150400000,1.3078260869565217
power_curve,,,20000000,30000000,2.0,,120000000,150400000,1.2533333333333334
power_curve,,,20000000,30000000,2.0,,125000000,150400000,1.2032
power_curve,,,20000000,30000000,2.0,,130000000,150400000,1.156923076923077
power_curve,,,20000000,30000000,2.5,,100000000,143600000,1.436
power_curve,,,20000000,30000000,2.5,,105000000,143600000,1.3676190476190475
power_curve,,,20000000,30000000,2.5,,110000000,143600000,1.3054545454545454
power_curve,,,20000000,30000000,2.5,,115000000,143600000,1.248695652173913
power_curve,,,20000000,30000000,2.5,,120000000,143600000,1.1966666666666668
power_curve,,,20000000,30000000,2.5,,125000000,143600000,1.1488
power_curve,,,20000000,30000000,2.5,,130000000,143600000,1.1046153846153846
power_curve,,,20000000,30000000,3.0,,100000000,137600000,1.376
power_curve,,,20000000,30000000,3.0,,105000000,137600000,1.3104761904761906
power_curve,,,20000000,30000000,3.0,,110000000,137600000,1.250909090909091
power_curve,,,20000000,30000000,3.0,,115000000,137600000,1.1965217391304348
power_curve,,,20000000,30000000,3.0,,120000000,137600000,1.1466666666666667
power_curve,,,20000000,30000000,3.0,,125000000,137600000,1.1008
power_curve,,,20000000,30000000,3.0,,130000000,137600000,1.0584615384615386
power_curve,,,20000000,35000000,0.5,,100000000,192300000,1.923
power_curve,,,20000000,35000000,0.5,,105000000,192300000,1.8314285714285714
power_curve,,,20000000,35000000,0.5,,110000000,192300000,1.7481818181818183
power_curve,,,20000000,35000000,0.5,,115000000,192300000,1.6721739130434783
power_curve,,,20000000,35000000,0.5,,120000000,192300000,1.6025
power_curve,,,20000000,35000000,0.5,,125000000,192300000,1.5384
power_curve,,,20000000,35000000,0.5,,130000000,192300000,1.4792307692307691
power_curve,,,20000000,35000000,1.0,,100000000,181300000,1.813
power_curve,,,20000000,35000000,1.0,,105000000,181300000,1.7266666666666666
power_curve,,,20000000,35000000,1.0,,110000000,181300000,1.6481818181818182
power_curve,,,20000000,35000000,1.0,,115000000,181300000,1.5765217391304347
power_curve,,,20000000,35000000,1.0,,120000000,181300000,1.5108333333333333
power_curve,,,20000000,35000000,1.0,,125000000,181300000,1.4504
power_curve,,,20000000,35000000,1.0,,130000000,181300000,1.3946153846153846
power_curve,,,20000000,35000000,1.5,,100000000,171700000,1.717
power_curve,,,20000000,35000000,1.5,,105000000,171700000,1.6352380952380952
power_curve,,,20000000,35000000,1.5,,110000000,171700000,1.5609090909090908
power_curve,,,20000000,35000000,1.5,,115000000,171700000,1.4930434782608695
power_curve,,,20000000,35000000,1.5,,120000000,171700000,1.4308333333333334
power_curve,,,20000000,35000000,1.5,,125000000,171700000,1.3736
power_curve,,,20000000,35000000,1.5,,130000000,171700000,1.3207692307692307
power_curve,,,20000000,35000000,2.0,,100000000,163400000,1.634
power_curve,,,20000000,35000000,2.0,,105000000,163400000,1.5561904761904761
power_curve,,,20000000,35000000,2.0,,110000000,163400000,1.4854545454545454
power_curve,,,20000000,35000000,2.0,,115000000,163400000,1.4208695652173913
power_curve,,,20000000,35000000,2.0,,120000000,163400000,1.3616666666666666
power_curve,,,20000000,35000000,2.0,,125000000,163400000,1.3072
power_curve,,,20000000,35000000,2.0,,130000000,163400000,1.256923076923077
power_curve,,,20000000,35000000,2.5,,100000000,156300000,1.563
power_curve,,,20000000,35000000,2.5,,105000000,156300000,1.4885714285714287
power_curve,,,20000000,35000000,2.5,,110000000,156300000,1.420909090909091
power_curve,,,20000000,35000000,2.5,,115000000,156300000,1.3591304347826088
power_curve,,,20000000,35000000,2.5,,120000000,156300000,1.3025
power_curve,,,20000000,35000000,2.5,,125000000,156300000,1.2504
power_curve,,,20000000,35000000,2.5,,130000000,156300000,1.2023076923076923
power_curve,,,20000000,35000000,3.0,,100000000,149800000,1.498
power_curve,,,20000000,35000000,3.0,,105000000,149800000,1.4266666666666667
power_curve,,,20000000,35000000,3.0,,110000000,149800000,1.3618181818181818
power_curve,,,20000000,35000000,3.0,,115000000,149800000,1.3026086956521739
power_curve,,,20000000,35000000,3.0,,120000000,149800000,1.2483333333333333
power_curve,,,20000000,35000000,3.0,,125000000,149800000,1.1984
power_curve,,,20000000,35000000,3.0,,130000000,149800000,1.1523076923076923
power_curve,,,20000000,40000000,0.5,,100000000,206800000,2.068
power_curve,,,20000000,40000000,0.5,,105000000,206800000,1.9695238095238095
power_curve,,,20000000,40000000,0.5,,110000000,206800000,1.88
power_curve,,,20000000,40000000,0.5,,115000000,206800000,1.7982608695652174
power_curve,,,20000000,40000000,0.5,,120000000,206800000,1.7233333333333334
power_curve,,,20000000,40000000,0.5,,125000000,206800000,1.6544
power_curve,,,20000000,40000000,0.5,,130000000,206800000,1.5907692307692307
power_curve,,,20000000,40000000,1.0,,100000000,195200000,1.952
power_curve,,,20000000,40000000,1.0,,105000000,195200000,1.859047619047619
power_curve,,,20000000,40000000,1.0,,110000000,195200000,1.7745454545454546
power_curve,,,20000000,40000000,1.0,,115000000,195200000,1.6973913043478261
power_curve,,,20000000,40000000,1.0,,120000000,195200000,1.6266666666666667
power_curve,,,20000000,40000000,1.0,,125000000,195200000,1.5616
power_curve,,,20000000,40000000,1.0,,130000000,195200000,1.5015384615384615
power_curve,,,20000000,40000000,1.5,,100000000,185200000,1.852
power_curve,,,20000000,40000000,1.5,,105000000,185200000,1.7638095238095237
power_curve,,,20000000,40000000,1.5,,110000000,185200000,1.6836363636363636
power_curve,,,20000000,40000000,1.5,,115000000,185200000,1.6104347826086955
power_curve,,,20000000,40000000,1.5,,120000000,185200000,1.5433333333333332
power_curve,,,20000000,40000000,1.5,,125000000,185200000,1.4816
power_curve,,,20000000,40000000,1.5,,130000000,185200000,1.4246153846153846
power_curve,,,20000000,40000000,2.0,,100000000,176400000,1.764
power_curve,,,20000000,40000000,2.0,,105000000,176400000,1.68
power_curve,,,20000000,40000000,2.0,,110000000,176400000,1.6036363636363635
power_curve,,,20000000,40000000,2.0,,115000000,176400000,1.5339130434782609
power_curve,,,20000000,40000000,2.0,,120000000,176400000,1.47
power_curve,,,20000000,40000000,2.0,,125000000,176400000,1.4112
power_curve,,,20000000,40000000,2.0,,130000000,176400000,1.356923076923077
power_curve,,,20000000,40000000,2.5,,100000000,168900000,1.689
power_curve,,,20000000,40000000,2.5,,105000000,168900000,1.6085714285714285
power_curve,,,20000000,40000000,2.5,,110000000,168900000,1.5354545454545454
power_curve,,,20000000,40000000,2.5,,115000000,168900000,1.468695652173913
power_curve,,,20000000,40000000,2.5,,120000000,168900000,1.4075
power_curve,,,20000000,40000000,2.5,,125000000,168900000,1.3512
power_curve,,,20000000,40000000,2.5,,130000000,168900000,1.2992307692307692
power_curve,,,20000000,40000000,3.0,,100000000,162100000,1.621
power_curve,,,20000000,40000000,3.0,,105000000,162100000,1.5438095238095237
power_curve,,,20000000,40000000,3.0,,110000000,162100000,1.4736363636363636
power_curve,,,20000000,40000000,3.0,,115000000,162100000,1.4095652173913042
power_curve,,,20000000,40000000,3.0,,120000000,162100000,1.3508333333333333
power_curve,,,20000000,40000000,3.0,,125000000,162100000,1.2968
power_curve,,,20000000,40000000,3.0,,130000000,162100000,1.246923076923077
power_curve,,,20000000,45000000,0.5,,100000000,221100000,2.211
power_curve,,,20000000,45000000,0.5,,105000000,221100000,2.105714285714286
power_curve,,,20000000,45000000,0.5,,110000000,221100000,2.01
power_curve,,,20000000,45000000,0.5,,115000000,221100000,1.922608695652174
power_curve,,,20000000,45000000,0.5,,120000000,221100000,1.8425
power_curve,,,20000000,45000000,0.5,,125000000,221100000,1.7688
power_curve,,,20000000,45000000,0.5,,130000000,221100000,1.7007692307692308
power_curve,,,20000000,45000000,1.0,,100000000,209100000,2.091
power_curve,,,20000000,45000000,1.0,,105000000,209100000,1.9914285714285713
power_curve,,,20000000,45000000,1.0,,110000000,209100000,1.9009090909090909
power_curve,,,20000000,45000000,1.0,,115000000,209100000,1.8182608695652174
power_curve,,,20000000,45000000,1.0,,120000000,209100000,1.7425
power_curve,,,20000000,45000000,1.0,,125000000,209100000,1.6728
power_curve,,,20000000,45000000,1.0,,130000000,209100000,1.6084615384615384
power_curve,,,20000000,45000000,1.5,,100000000,198600000,1.986
power_curve,,,20000000,45000000,1.5,,105000000,198600000,1.8914285714285715
power_curve,,,20000000,45000000,1.5,,110000000,198600000,1.8054545454545454
power_curve,,,20000000,45000000,1.5,,115000000,198600000,1.7269565217391305
power_curve,,,20000000,45000000,1.5,,120000000,198600000,1.655
power_curve,,,20000000,45000000,1.5,,125000000,198600000,1.5888
power_curve,,,20000000,45000000,1.5,,130000000,198600000,1.5276923076923077
power_curve,,,20000000,45000000,2.0,,100000000,189400000,1.894
power_curve,,,20000000,45000000,2.0,,105000000,189400000,1.8038095238095238
power_curve,,,20000000,45000000,2.0,,110000000,189400000,1.721818181818182
power_curve,,,20000000,45000000,2.0,,115000000,189400000,1.6469565217391304
power_curve,,,20000000,45000000,2.0,,120000000,189400000,1.5783333333333334
power_curve,,,20000000,45000000,2.0,,125000000,189400000,1.5152
power_curve,,,20000000,45000000,2.0,,130000000,189400000,1.456923076923077
power_curve,,,20000000,45000000,2.5,,100000000,181600000,1.816
power_curve,,,20000000,45000000,2.5,,105000000,181600000,1.7295238095238095
power_curve,,,20000000,45000000,2.5,,110000000,181600000,1.6509090909090909
power_curve,,,20000000,45000000,2.5,,115000000,181600000,1.5791304347826087
power_curve,,,20000000,45000000,2.5,,120000000,181600000,1.5133333333333334
power_curve,,,20000000,45000000,2.5,,125000000,181600000,1.4528
power_curve,,,20000000,45000000,2.5,,130000000,181600000,1.396923076923077
power_curve,,,20000000,45000000,3.0,,100000000,174400000,1.744
power_curve,,,20000000,45000000,3.0,,105000000,174400000,1.660952380952381
power_curve,,,20000000,45000000,3.0,,110000000,174400000,1.5854545454545454
power_curve,,,20000000,45000000,3.0,,115000000,174400000,1.5165217391304349
power_curve,,,20000000,45000000,3.0,,120000000,174400000,1.4533333333333334
power_curve,,,20000000,45000000,3.0,,125000000,174400000,1.3952
power_curve,,,20000000,45000000,3.0,,130000000,174400000,1.3415384615384616
power_curve,,,20000000,50000000,0.5,,100000000,235600000,2.356
power_curve,,,20000000,50000000,0.5,,105000000,235600000,2.243809523809524
power_curve,,,20000000,50000000,0.5,,110000000,235600000,2.1418181818181816
power_curve,,,20000000,50000000,0.5,,115000000,235600000,2.048695652173913
power_curve,,,20000000,50000000,0.5,,120000000,235600000,1.9633333333333334
power_curve,,,20000000,50000000,0.5,,125000000,235600000,1.8848
power_curve,,,20000000,50000000,0.5,,130000000,235600000,1.8123076923076924
power_curve,,,20000000,50000000,1.0,,100000000,222900000,2.229
power_curve,,,20000000,50000000,1.0,,105000000,222900000,2.1228571428571428
power_curve,,,20000000,50000000,1.0,,110000000,222900000,2.0263636363636364
power_curve,,,20000000,50000000,1.0,,115000000,222900000,1.9382608695652175
power_curve,,,20000000,50000000,1.0,,120000000,222900000,1.8575
power_curve,,,20000000,50000000,1.0,,125000000,222900000,1.7832
power_curve,,,20000000,50000000,1.0,,130000000,222900000,1.7146153846153847
power_curve,,,20000000,50000000,1.5,,100000000,212100000,2.121
power_curve,,,20000000,50000000,1.5,,105000000,212100000,2.02
power_curve,,,20000000,50000000,1.5,,110000000,212100000,1.9281818181818182
power_curve,,,20000000,50000000,1.5,,115000000,212100000,1.8443478260869566
power_curve,,,20000000,50000000,1.5,,120000000,212100000,1.7675
power_curve,,,20000000,50000000,1.5,,125000000,212100000,1.6968
power_curve,,,20000000,50000000,1.5,,130000000,212100000,1.6315384615384616
power_curve,,,20000000,50000000,2.0,,100000000,202400000,2.024
power_curve,,,20000000,50000000,2.0,,105000000,202400000,1.9276190476190476
power_curve,,,20000000,50000000,2.0,,110000000,202400000,1.84
power_curve,,,20000000,50000000,2.0,,115000000,202400000,1.76
power_curve,,,20000000,50000000,2.0,,120000000,202400000,1.6866666666666668
power_curve,,,20000000,50000000,2.0,,125000000,202400000,1.6192
power_curve,,,20000000,50000000,2.0,,130000000,202400000,1.5569230769230769
power_curve,,,20000000,50000000,2.5,,100000000,194100000,1.941
power_curve,,,20000000,50000000,2.5,,105000000,194100000,1.8485714285714285
power_curve,,,20000000,50000000,2.5,,110000000,194100000,1.7645454545454546
power_curve,,,20000000,50000000,2.5,,115000000,194100000,1.6878260869565218
power_curve,,,20000000,50000000,2.5,,120000000,194100000,1.6175
power_curve,,,20000000,50000000,2.5,,125000000,194100000,1.5528
power_curve,,,20000000,50000000,2.5,,130000000,194100000,1.493076923076923
power_curve,,,20000000,50000000,3.0,,100000000,186700000,1.867
power_curve,,,20000000,50000000,3.0,,105000000,186700000,1.7780952380952382
power_curve,,,20000000,50000000,3.0,,110000000,186700000,1.6972727272727273
power_curve,,,20000000,50000000,3.0,,115000000,186700000,1.6234782608695653
power_curve,,,20000000,50000000,3.0,,120000000,186700000,1.5558333333333334
power_curve,,,20000000,50000000,3.0,,125000000,186700000,1.4936
power_curve,,,20000000,50000000,3.0,,130000000,186700000,1.4361538461538461
power_curve,,,21000000,15000000,0.5,,100000000,139000000,1.39
power_curve,,,21000000,15000000,0.5,,105000000,139000000,1.3238095238095238
power_curve,,,21000000,15000000,0.5,,110000000,139000000,1.2636363636363637
power_curve,,,21000000,15000000,0.5,,115000000,139000000,1.208695652173913
power_curve,,,21000000,15000000,0.5,,120000000,139000000,1.1583333333333334
power_curve,,,21000000,15000000,0.5,,125000000,139000000,1.112
power_curve,,,21000000,15000000,0.5,,130000000,139000000,1.0692307692307692
power_curve,,,21000000,15000000,1.0,,100000000,129900000,1.299
power_curve,,,21000000,15000000,1.0,,105000000,129900000,1.237142857142857
power_curve,,,21000000,15000000,1.0,,110000000,129900000,1.180909090909091
power_curve,,,21000000,15000000,1.0,,115000000,129900000,1.1295652173913044
power_curve,,,21000000,15000000,1.0,,120000000,129900000,1.0825
power_curve,,,21000000,15000000,1.0,,125000000,129900000,1.0392
power_curve,,,21000000,15000000,1.0,,130000000,129900000,0.9992307692307693
power_curve,,,21000000,15000000,1.5,,100000000,121900000,1.219
power_curve,,,21000000,15000000,1.5,,105000000,121900000,1.160952380952381
power_curve,,,21000000,15000000,1.5,,110000000,121900000,1.1081818181818182
power_curve,,,21000000,15000000,1.5,,115000000,121900000,1.06
power_curve,,,21000000,15000000,1.5,,120000000,121900000,1.0158333333333334
power_curve,,,21000000,15000000,1.5,,125000000,121900000,0.9752
power_curve,,,21000000,15000000,1.5,,130000000,121900000,0.9376923076923077
power_curve,,,21000000,15000000,2.0,,100000000,115000000,1.15
power_curve,,,21000000,15000000,2.0,,105000000,115000000,1.0952380952380953
power_curve,,,21000000,15000000,2.0,,110000000,115000000,1.0454545454545454
power_curve,,,21000000,15000000,2.0,,115000000,115000000,1.0
power_curve,,,21000000,15000000,2.0,,120000000,115000000,0.9583333333333334
power_curve,,,21000000,15000000,2.0,,125000000,115000000,0.92
power_curve,,,21000000,15000000,2.0,,130000000,115000000,0.8846153846153846
power_curve,,,21000000,15000000,2.5,,100000000,108900000,1.089
power_curve,,,21000000,15000000,2.5,,105000000,108900000,1.0371428571428571
power_curve,,,21000000,15000000,2.5,,110000000,108900000,0.99
power_curve,,,21000000,15000000,2.5,,115000000,108900000,0.9469565217391305
power_curve,,,21000000,15000000,2.5,,120000000,108900000,0.9075
power_curve,,,21000000,15000000,2.5,,125000000,108900000,0.8712
power_curve,,,21000000,15000000,2.5,,130000000,108900000,0.8376923076923077
power_curve,,,21000000,15000000,3.0,,100000000,103600000,1.036
power_curve,,,21000000,15000000,3.0,,105000000,103600000,0.9866666666666667
power_curve,,,21000000,15000000,3.0,,110000000,103600000,0.9418181818181818
power_curve,,,21000000,15000000,3.0,,115000000,103600000,0.9008695652173913
power_curve,,,21000000,15000000,3.0,,120000000,103600000,0.8633333333333333
power_curve,,,21000000,15000000,3.0,,125000000,103600000,0.8288
power_curve,,,21000000,15000000,3.0,,130000000,103600000,0.796923076923077
power_curve,,,21000000,20000000,0.5,,100000000,153400000,1.534
power_curve,,,21000000,20000000,0.5,,105000000,153400000,1.460952380952381
power_curve,,,21000000,20000000,0.5,,110000000,153400000,1.3945454545454545
power_curve,,,21000000,20000000,0.5,,115000000,153400000,1.333913043478261
power_curve,,,21000000,20000000,0.5,,120000000,153400000,1.2783333333333333
power_curve,,,21000000,20000000,0.5,,125000000,153400000,1.2272
power_curve,,,21000000,20000000,0.5,,130000000,153400000,1.18
power_curve,,,21000000,20000000,1.0,,100000000,143800000,1.438
power_curve,,,21000000,20000000,1.0,,105000000,143800000,1.3695238095238096
power_curve,,,21000000,20000000,1.0,,110000000,143800000,1.3072727272727274
power_curve,,,21000000,20000000,1.0,,115000000,143800000,1.2504347826086957
power_curve,,,21000000,20000000,1.0,,120000000,143800000,1.1983333333333333
power_curve,,,21000000,20000000,1.0,,125000000,143800000,1.1504
power_curve,,,21000000,20000000,1.0,,130000000,143800000,1.106153846153846
power_curve,,,21000000,20000000,1.5,,100000000,135200000,1.352
power_curve,,,21000000,20000000,1.5,,105000000,135200000,1.2876190476190477
power_curve,,,21000000,20000000,1.5,,110000000,135200000,1.229090909090909
power_curve,,,21000000,20000000,1.5,,115000000,135200000,1.1756521739130434
power_curve,,,21000000,20000000,1.5,,120000000,135200000,1.1266666666666667
power_curve,,,21000000,20000000,1.5,,125000000,135200000,1.0816
power_curve,,,21000000,20000000,1.5,,130000000,135200000,1.04
power_curve,,,21000000,20000000,2.0,,100000000,127900000,1.279
power_curve,,,21000000,20000000,2.0,,105000000,127900000,1.2180952380952381
power_curve,,,21000000,20000000,2.0,,110000000,127900000,1.1627272727272728
power_curve,,,21000000,20000000,2.0,,115000000,127900000,1.1121739130434782
power_curve,,,21000000,20000000,2.0,,120000000,127900000,1.0658333333333334
power_curve,,,21000000,20000000,2.0,,125000000,127900000,1.0232
power_curve,,,21000000,20000000,2.0,,130000000,127900000,0.9838461538461538
power_curve,,,21000000,20000000,2.5,,100000000,121600000,1.216
power_curve,,,21000000,20000000,2.5,,105000000,121600000,1.158095238095238
power_curve,,,21000000,20000000,2.5,,110000000,121600000,1.1054545454545455
power_curve,,,21000000,20000000,2.5,,115000000,121600000,1.057391304347826
power_curve,,,21000000,20000000,2.5,,120000000,121600000,1.0133333333333334
power_curve,,,21000000,20000000,2.5,,125000000,121600000,0.9728
power_curve,,,21000000,20000000,2.5,,130000000,121600000,0.9353846153846154
power_curve,,,21000000,20000000,3.0,,100000000,116000000,1.16
power_curve,,,21000000,20000000,3.0,,105000000,116000000,1.1047619047619048
power_curve,,,21000000,20000000,3.0,,110000000,116000000,1.0545454545454545
power_curve,,,21000000,20000000,3.0,,115000000,116000000,1.008695652173913
power_curve,,,21000000,20000000,3.0,,120000000,116000000,0.9666666666666667
power_curve,,,21000000,20000000,3.0,,125000000,116000000,0.928
power_curve,,,21000000,20000000,3.0,,130000000,116000000,0.8923076923076924
power_curve,,,21000000,25000000,0.5,,100000000,167900000,1.679
power_curve,,,21000000,25000000,0.5,,105000000,167900000,1.599047619047619
power_curve,,,21000000,25000000,0.5,,110000000,167900000,1.5263636363636364
power_curve,,,21000000,25000000,0.5,,115000000,167900000,1.46
power_curve,,,21000000,25000000,0.5,,120000000,167900000,1.3991666666666667
power_curve,,,21000000,25000000,0.5,,125000000,167900000,1.3432
power_curve,,,21000000,25000000,0.5,,130000000,167900000,1.2915384615384615
power_curve,,,21000000,25000000,1.0,,100000000,157700000,1.577
power_curve,,,21000000,25000000,1.0,,105000000,157700000,1.5019047619047619
power_curve,,,21000000,25000000,1.0,,110000000,157700000,1.4336363636363636
power_curve,,,21000000,25000000,1.0,,115000000,157700000,1.371304347826087
power_curve,,,21000000,25000000,1.0,,120000000,157700000,1.3141666666666667
power_curve,,,21000000,25000000,1.0,,125000000,157700000,1.2616
power_curve,,,21000000,25000000,1.0,,130000000,157700000,1.2130769230769232
power_curve,,,21000000,25000000,1.5,,100000000,148700000,1.487
power_curve,,,21000000,25000000,1.5,,105000000,148700000,1.4161904761904762
power_curve,,,21000000,25000000,1.5,,110000000,148700000,1.3518181818181818
power_curve,,,21000000,25000000,1.5,,115000000,148700000,1.2930434782608695
power_curve,,,21000000,25000000,1.5,,120000000,148700000,1.2391666666666667
power_curve,,,21000000,25000000,1.5,,125000000,148700000,1.1896
power_curve,,,21000000,25000000,1.5,,130000000,148700000,1.143846153846154
power_curve,,,21000000,25000000,2.0,,100000000,140900000,1.409
power_curve,,,21000000,25000000,2.0,,105000000,140900000,1.341904761904762
power_curve,,,21000000,25000000,2.0,,110000000,140900000,1.280909090909091
power_curve,,,21000000,25000000,2.0,,115000000,140900000,1.2252173913043478
power_curve,,,21000000,25000000,2.0,,120000000,140900000,1.1741666666666666
power_curve,,,21000000,25000000,2.0,,125000000,140900000,1.1272
power_curve,,,21000000,25000000,2.0,,130000000,140900000,1.083846153846154
power_curve,,,21000000,25000000,2.5,,100000000,134200000,1.342
power_curve,,,21000000,25000000,2.5,,105000000,134200000,1.2780952380952382
power_curve,,,21000000,25000000,2.5,,110000000,134200000,1.22
power_curve,,,21000000,25000000,2.5,,115000000,134200000,1.1669565217391304
power_curve,,,21000000,25000000,2.5,,120000000,134200000,1.1183333333333334
power_curve,,,21000000,25000000,2.5,,125000000,134200000,1.0736
power_curve,,,21000000,25000000,2.5,,130000000,134200000,1.0323076923076924
power_curve,,,21000000,25000000,3.0,,100000000,128200000,1.282
power_curve,,,21000000,25000000,3.0,,105000000,128200000,1.220952380952381
power_curve,,,21000000,25000000,3.0,,110000000,128200000,1.1654545454545455
power_curve,,,21000000,25000000,3.0,,115000000,128200000,1.1147826086956523
power_curve,,,21000000,25000000,3.0,,120000000,128200000,1.0683333333333334
power_curve,,,21000000,25000000,3.0,,125000000,128200000,1.0256
power_curve,,,21000000,25000000,3.0,,130000000,128200000,0.9861538461538462
power_curve,,,21000000,30000000,0.5,,100000000,182200000,1.822
power_curve,,,21000000,30000000,0.5,,105000000,182200000,1.7352380952380952
power_curve,,,21000000,30000000,0.5,,110000000,182200000,1.6563636363636363
power_curve,,,21000000,30000000,0.5,,115000000,182200000,1.5843478260869566
power_curve,,,21000000,30000000,0.5,,120000000,182200000,1.5183333333333333
power_curve,,,21000000,30000000,0.5,,125000000,182200000,1.4576
power_curve,,,21000000,30000000,0.5,,130000000,182200000,1.4015384615384616
power_curve,,,21000000,30000000,1.0,,100000000,171600000,1.716
power_curve,,,21000000,30000000,1.0,,105000000,171600000,1.6342857142857143
power_curve,,,21000000,30000000,1.0,,110000000,171600000,1.56
power_curve,,,21000000,30000000,1.0,,115000000,171600000,1.4921739130434784
power_curve,,,21000000,30000000,1.0,,120000000,171600000,1.43
power_curve,,,21000000,30000000,1.0,,125000000,171600000,1.3728
power_curve,,,21000000,30000000,1.0,,130000000,171600000,1.32
power_curve,,,21000000,30000000,1.5,,100000000,162100000,1.621
power_curve,,,21000000,30000000,1.5,,105000000,162100000,1.5438095238095237
power_curve,,,21000000,30000000,1.5,,110000000,162100000,1.4736363636363636
power_curve,,,21000000,30000000,1.5,,115000000,162100000,1.4095652173913042
power_curve,,,21000000,30000000,1.5,,120000000,162100000,1.3508333333333333
power_curve,,,21000000,30000000,1.5,,125000000,162100000,1.2968
power_curve,,,21000000,30000000,1.5,,130000000,162100000,1.246923076923077
power_curve,,,21000000,30000000,2.0,,100000000,153900000,1.539
power_curve,,,21000000,30000000,2.0,,105000000,153900000,1.4657142857142857
power_curve,,,21000000,30000000,2.0,,110000000,153900000,1.3990909090909092
power_curve,,,21000000,30000000,2.0,,115000000,153900000,1.3382608695652174
power_curve,,,21000000,30000000,2.0,,120000000,153900000,1.2825
power_curve,,,21000000,30000000,2.0,,125000000,153900000,1.2312
power_curve,,,21000000,30000000,2.0,,130000000,153900000,1.1838461538461538
power_curve,,,21000000,30000000,2.5,,100000000,146800000,1.468
power_curve,,,21000000,30000000,2.5,,105000000,146800000,1.398095238095238
power_curve,,,21000000,30000000,2.5,,110000000,146800000,1.3345454545454545
power_curve,,,21000000,30000000,2.5,,115000000,146800000,1.2765217391304349
power_curve,,,21000000,30000000,2.5,,120000000,146800000,1.2233333333333334
power_curve,,,21000000,30000000,2.5,,125000000,146800000,1.1744
power_curve,,,21000000,30000000,2.5,,130000000,146800000,1.1292307692307693
power_curve,,,21000000,30000000,3.0,,100000000,140500000,1.405
power_curve,,,21000000,30000000,3.0,,105000000,140500000,1.338095238095238
power_curve,,,21000000,30000000,3.0,,110000000,140500000,1.2772727272727273
power_curve,,,21000000,30000000,3.0,,115000000,140500000,1.2217391304347827
power_curve,,,21000000,30000000,3.0,,120000000,140500000,1.1708333333333334
power_curve,,,21000000,30000000,3.0,,125000000,140500000,1.124
power_curve,,,21000000,30000000,3.0,,130000000,140500000,1.0807692307692307
power_curve,,,21000000,35000000,0.5,,100000000,196700000,1.967
power_curve,,,21000000,35000000,0.5,,105000000,196700000,1.8733333333333333
power_curve,,,21000000,35000000,0.5,,110000000,196700000,1.788181818181818
power_curve,,,21000000,35000000,0.5,,115000000,196700000,1.7104347826086956
power_curve,,,21000000,35000000,0.5,,120000000,196700000,1.6391666666666667
power_curve,,,21000000,35000000,0.5,,125000000,196700000,1.5736
power_curve,,,21000000,35000000,0.5,,130000000,196700000,1.513076923076923
power_curve,,,21000000,35000000,1.0,,100000000,185500000,1.855
power_curve,,,21000000,35000000,1.0,,105000000,185500000,1.7666666666666666
power_curve,,,21000000,35000000,1.0,,110000000,185500000,1.6863636363636363
power_curve,,,21000000,35000000,1.0,,115000000,185500000,1.6130434782608696
power_curve,,,21000000,35000000,1.0,,120000000,185500000,1.5458333333333334
power_curve,,,21000000,35000000,1.0,,125000000,185500000,1.484
power_curve,,,21000000,35000000,1.0,,130000000,185500000,1.426923076923077
power_curve,,,21000000,35000000,1.5,,100000000,175500000,1.755
power_curve,,,21000000,35000000,1.5,,105000000,175500000,1.6714285714285715
power_curve,,,21000000,35000000,1.5,,110000000,175500000,1.5954545454545455
power_curve,,,21000000,35000000,1.5,,115000000,175500000,1.5260869565217392
power_curve,,,21000000,35000000,1.5,,120000000,175500000,1.4625
power_curve,,,21000000,35000000,1.5,,125000000,175500000,1.404
power_curve,,,21000000,35000000,1.5,,130000000,175500000,1.35
power_curve,,,21000000,35000000,2.0,,100000000,166900000,1.669
power_curve,,,21000000,35000000,2.0,,105000000,166900000,1.5895238095238096
power_curve,,,21000000,35000000,2.0,,110000000,166900000,1.5172727272727273
power_curve,,,21000000,35000000,2.0,,115000000,166900000,1.451304347826087
power_curve,,,21000000,35000000,2.0,,120000000,166900000,1.3908333333333334
power_curve,,,21000000,35000000,2.0,,125000000,166900000,1.3352
power_curve,,,21000000,35000000,2.0,,130000000,166900000,1.2838461538461539
power_curve,,,21000000,35000000,2.5,,100000000,159500000,1.595
power_curve,,,21000000,35000000,2.5,,105000000,159500000,1.519047619047619
power_curve,,,21000000,35000000,2.5,,110000000,159500000,1.45
power_curve,,,21000000,35000000,2.5,,115000000,159500000,1.3869565217391304
power_curve,,,21000000,35000000,2.5,,120000000,159500000,1.3291666666666666
power_curve,,,21000000,35000000,2.5,,125000000,159500000,1.276
power_curve,,,21000000,35000000,2.5,,130000000,159500000,1.226923076923077
power_curve,,,21000000,35000000,3.0,,100000000,152700000,1.527
power_curve,,,21000000,35000000,3.0,,105000000,152700000,1.4542857142857142
power_curve,,,21000000,35000000,3.0,,110000000,152700000,1.3881818181818182
power_curve,,,21000000,35000000,3.0,,115000000,152700000,1.3278260869565217
power_curve,,,21000000,35000000,3.0,,120000000,152700000,1.2725
power_curve,,,21000000,35000000,3.0,,125000000,152700000,1.2216
power_curve,,,21000000,35000000,3.0,,130000000,152700000,1.1746153846153846
power_curve,,,21000000,40000000,0.5,,100000000,211200000,2.112
power_curve,,,21000000,40000000,0.5,,105000000,211200000,2.0114285714285716
power_curve,,,21000000,40000000,0.5,,110000000,211200000,1.92
power_curve,,,21000000,40000000,0.5,,115000000,211200000,1.8365217391304347
power_curve,,,21000000,40000000,0.5,,120000000,211200000,1.76
power_curve,,,21000000,40000000,0.5,,125000000,211200000,1.6896
power_curve,,,21000000,40000000,0.5,,130000000,211200000,1.6246153846153846
power_curve,,,21000000,40000000,1.0,,100000000,199400000,1.994
power_curve,,,21000000,40000000,1.0,,105000000,199400000,1.899047619047619
power_curve,,,21000000,40000000,1.0,,110000000,199400000,1.8127272727272727
power_curve,,,21000000,40000000,1.0,,115000000,199400000,1.7339130434782608
power_curve,,,21000000,40000000,1.0,,120000000,199400000,1.6616666666666666
power_curve,,,21000000,40000000,1.0,,125000000,199400000,1.5952
power_curve,,,21000000,40000000,1.0,,130000000,199400000,1.5338461538461539
power_curve,,,21000000,40000000,1.5,,100000000,189000000,1.89
power_curve,,,21000000,40000000,1.5,,105000000,189000000,1.8
power_curve,,,21000000,40000000,1.5,,110000000,189000000,1.7181818181818183
power_curve,,,21000000,40000000,1.5,,115000000,189000000,1.6434782608695653
power_curve,,,21000000,40000000,1.5,,120000000,189000000,1.575
power_curve,,,21000000,40000000,1.5,,125000000,189000000,1.512
power_curve,,,21000000,40000000,1.5,,130000000,189000000,1.4538461538461538
power_curve,,,21000000,40000000,2.0,,100000000,179900000,1.799
power_curve,,,21000000,40000000,2.0,,105000000,179900000,1.7133333333333334
power_curve,,,21000000,40000000,2.0,,110000000,179900000,1.6354545454545455
power_curve,,,21000000,40000000,2.0,,115000000,179900000,1.5643478260869565
power_curve,,,21000000,40000000,2.0,,120000000,179900000,1.4991666666666668
power_curve,,,21000000,40000000,2.0,,125000000,179900000,1.4392
power_curve,,,21000000,40000000,2.0,,130000000,179900000,1.383846153846154
power_curve,,,21000000,40000000,2.5,,100000000,172100000,1.721
power_curve,,,21000000,40000000,2.5,,105000000,172100000,1.639047619047619
power_curve,,,21000000,40000000,2.5,,110000000,172100000,1.5645454545454545
power_curve,,,21000000,40000000,2.5,,115000000,172100000,1.4965217391304348
power_curve,,,21000000,40000000,2.5,,120000000,172100000,1.4341666666666666
power_curve,,,21000000,40000000,2.5,,125000000,172100000,1.3768
power_curve,,,21000000,40000000,2.5,,130000000,172100000,1.323846153846154
power_curve,,,21000000,40000000,3.0,,100000000,165000000,1.65
power_curve,,,21000000,40000000,3.0,,105000000,165000000,1.5714285714285714
power_curve,,,21000000,40000000,3.0,,110000000,165000000,1.5
power_curve,,,21000000,40000000,3.0,,115000000,165000000,1.434782608695652
power_curve,,,21000000,40000000,3.0,,120000000,165000000,1.375
power_curve,,,21000000,40000000,3.0,,125000000,165000000,1.32
power_curve,,,21000000,40000000,3.0,,130000000,165000000,1.2692307692307692
power_curve,,,21000000,45000000,0.5,,100000000,225500000,2.255
power_curve,,,21000000,45000000,0.5,,105000000,225500000,2.1476190476190475
power_curve,,,21000000,45000000,0.5,,110000000,225500000,2.05
power_curve,,,21000000,45000000,0.5,,115000000,225500000,1.9608695652173913
power_curve,,,21000000,45000000,0.5,,120000000,225500000,1.8791666666666667
power_curve,,,21000000,45000000,0.5,,125000000,225500000,1.804
power_curve,,,21000000,45000000,0.5,,130000000,225500000,1.7346153846153847
power_curve,,,21000000,45000000,1.0,,100000000,213300000,2.133
power_curve,,,21000000,45000000,1.0,,105000000,213300000,2.0314285714285716
power_curve,,,21000000,45000000,1.0,,110000000,213300000,1.9390909090909092
power_curve,,,21000000,45000000,1.0,,115000000,213300000,1.8547826086956523
power_curve,,,21000000,45000000,1.0,,120000000,213300000,1.7775
power_curve,,,21000000,45000000,1.0,,125000000,213300000,1.7064
power_curve,,,21000000,45000000,1.0,,130000000,213300000,1.6407692307692308
power_curve,,,21000000,45000000,1.5,,100000000,202400000,2.024
power_curve,,,21000000,45000000,1.5,,105000000,202400000,1.9276190476190476
power_curve,,,21000000,45000000,1.5,,110000000,202400000,1.84
power_curve,,,21000000,45000000,1.5,,115000000,202400000,1.76
power_curve,,,21000000,45000000,1.5,,120000000,202400000,1.6866666666666668
power_curve,,,21000000,45000000,1.5,,125000000,202400000,1.6192
power_curve,,,21000000,45000000,1.5,,130000000,202400000,1.5569230769230769
power_curve,,,21000000,45000000,2.0,,100000000,192900000,1.929
power_curve,,,21000000,45000000,2.0,,105000000,192900000,1.8371428571428572
power_curve,,,21000000,45000000,2.0,,110000000,192900000,1.7536363636363637
power_curve,,,21000000,45000000,2.0,,115000000,192900000,1.6773913043478261
power_curve,,,21000000,45000000,2.0,,120000000,192900000,1.6075
power_curve,,,21000000,45000000,2.0,,125000000,192900000,1.5432
power_curve,,,21000000,45000000,2.0,,130000000,192900000,1.4838461538461538
power_curve,,,21000000,45000000,2.5,,100000000,184800000,1.848
power_curve,,,21000000,45000000,2.5,,105000000,184800000,1.76
power_curve,,,21000000,45000000,2.5,,110000000,184800000,1.68
power_curve,,,21000000,45000000,2.5,,115000000,184800000,1.6069565217391304
power_curve,,,21000000,45000000,2.5,,120000000,184800000,1.54
power_curve,,,21000000,45000000,2.5,,125000000,184800000,1.4784
power_curve,,,21000000,45000000,2.5,,130000000,184800000,1.4215384615384616
power_curve,,,21000000,45000000,3.0,,100000000,177300000,1.773
power_curve,,,21000000,45000000,3.0,,105000000,177300000,1.6885714285714286
power_curve,,,21000000,45000000,3.0,,110000000,177300000,1.6118181818181818
power_curve,,,21000000,45000000,3.0,,115000000,177300000,1.5417391304347825
power_curve,,,21000000,45000000,3.0,,120000000,177300000,1.4775
power_curve,,,21000000,45000000,3.0,,125000000,177300000,1.4184
power_curve,,,21000000,45000000,3.0,,130000000,177300000,1.363846153846154
power_curve,,,21000000,50000000,0.5,,100000000,240000000,2.4
power_curve,,,21000000,50000000,0.5,,105000000,240000000,2.2857142857142856
power_curve,,,21000000,50000000,0.5,,110000000,240000000,2.1818181818181817
power_curve,,,21000000,50000000,0.5,,115000000,240000000,2.0869565217391304
power_curve,,,21000000,50000000,0.5,,120000000,240000000,2.0
power_curve,,,21000000,50000000,0.5,,125000000,240000000,1.92
power_curve,,,21000000,50000000,0.5,,130000000,240000000,1.8461538461538463
power_curve,,,21000000,50000000,1.0,,100000000,227100000,2.271
power_curve,,,21000000,50000000,1.0,,105000000,227100000,2.162857142857143
power_curve,,,21000000,50000000,1.0,,110000000,227100000,2.0645454545454545
power_curve,,,21000000,50000000,1.0,,115000000,227100000,1.9747826086956521
power_curve,,,21000000,50000000,1.0,,120000000,227100000,1.8925
power_curve,,,21000000,50000000,1.0,,125000000,227100000,1.8168
power_curve,,,21000000,50000000,1.0,,130000000,227100000,1.746923076923077
power_curve,,,21000000,50000000,1.5,,100000000,215900000,2.159
power_curve,,,21000000,50000000,1.5,,105000000,215900000,2.0561904761904763
power_curve,,,21000000,50000000,1.5,,110000000,215900000,1.9627272727272727
power_curve,,,21000000,50000000,1.5,,115000000,215900000,1.877391304347826
power_curve,,,21000000,50000000,1.5,,120000000,215900000,1.7991666666666666
power_curve,,,21000000,50000000,1.5,,125000000,215900000,1.7272
power_curve,,,21000000,50000000,1.5,,130000000,215900000,1.6607692307692308
power_curve,,,21000000,50000000,2.0,,100000000,205900000,2.059
power_curve,,,21000000,50000000,2.0,,105000000,205900000,1.960952380952381
power_curve,,,21000000,50000000,2.0,,110000000,205900000,1.8718181818181818
power_curve,,,21000000,50000000,2.0,,115000000,205900000,1.7904347826086957
power_curve,,,21000000,50000000,2.0,,120000000,205900000,1.7158333333333333
power_curve,,,21000000,50000000,2.0,,125000000,205900000,1.6472
power_curve,,,21000000,50000000,2.0,,130000000,205900000,1.583846153846154
power_curve,,,21000000,50000000,2.5,,100000000,197300000,1.973
power_curve,,,21000000,50000000,2.5,,105000000,197300000,1.879047619047619
power_curve,,,21000000,50000000,2.5,,110000000,197300000,1.7936363636363637
power_curve,,,21000000,50000000,2.5,,115000000,197300000,1.7156521739130435
power_curve,,,21000000,50000000,2.5,,120000000,197300000,1.6441666666666668
power_curve,,,21000000,50000000,2.5,,125000000,197300000,1.5784
power_curve,,,21000000,50000000,2.5,,130000000,197300000,1.5176923076923077
power_curve,,,21000000,50000000,3.0,,100000000,189600000,1.896
power_curve,,,21000000,50000000,3.0,,105000000,189600000,1.8057142857142856
power_curve,,,21000000,50000000,3.0,,110000000,189600000,1.7236363636363636
power_curve,,,21000000,50000000,3.0,,115000000,189600000,1.6486956521739131
power_curve,,,21000000,50000000,3.0,,120000000,189600000,1.58
power_curve,,,21000000,50000000,3.0,,125000000,189600000,1.5168
power_curve,,,21000000,50000000,3.0,,130000000,189600000,1.4584615384615385
power_curve,,,22000000,15000000,0.5,,100000000,143700000,1.437
power_curve,,,22000000,15000000,0.5,,105000000,143700000,1.3685714285714285
power_curve,,,22000000,15000000,0.5,,110000000,143700000,1.3063636363636364
power_curve,,,22000000,15000000,0.5,,115000000,143700000,1.2495652173913043
power_curve,,,22000000,15000000,0.5,,120000000,143700000,1.1975
power_curve,,,22000000,15000000,0.5,,125000000,143700000,1.1496
power_curve,,,22000000,15000000,0.5,,130000000,143700000,1.1053846153846154
power_curve,,,22000000,15000000,1.0,,100000000,133800000,1.338
power_curve,,,22000000,15000000,1.0,,105000000,133800000,1.2742857142857142
power_curve,,,22000000,15000000,1.0,,110000000,133800000,1.2163636363636363
power_curve,,,22000000,15000000,1.0,,115000000,133800000,1.1634782608695653
power_curve,,,22000000,15000000,1.0,,120000000,133800000,1.115
power_curve,,,22000000,15000000,1.0,,125000000,133800000,1.0704
power_curve,,,22000000,15000000,1.0,,130000000,133800000,1.0292307692307692
power_curve,,,22000000,15000000,1.5,,100000000,125600000,1.256
power_curve,,,22000000,15000000,1.5,,105000000,125600000,1.1961904761904762
power_curve,,,22000000,15000000,1.5,,110000000,125600000,1.1418181818181818
power_curve,,,22000000,15000000,1.5,,115000000,125600000,1.0921739130434782
power_curve,,,22000000,15000000,1.5,,120000000,125600000,1.0466666666666666
power_curve,,,22000000,15000000,1.5,,125000000,125600000,1.0048
power_curve,,,22000000,15000000,1.5,,130000000,125600000,0.9661538461538461
power_curve,,,22000000,15000000,2.0,,100000000,118400000,1.184
power_curve,,,22000000,15000000,2.0,,105000000,118400000,1.1276190476190475
power_curve,,,22000000,15000000,2.0,,110000000,118400000,1.0763636363636364
power_curve,,,22000000,15000000,2.0,,115000000,118400000,1.0295652173913044
power_curve,,,22000000,15000000,2.0,,120000000,118400000,0.9866666666666667
power_curve,,,22000000,15000000,2.0,,125000000,118400000,0.9472
power_curve,,,22000000,15000000,2.0,,130000000,118400000,0.9107692307692308
power_curve,,,22000000,15000000,2.5,,100000000,111900000,1.119
power_curve,,,22000000,15000000,2.5,,105000000,111900000,1.0657142857142856
power_curve,,,22000000,15000000,2.5,,110000000,111900000,1.0172727272727273
power_curve,,,22000000,15000000,2.5,,115000000,111900000,0.9730434782608696
power_curve,,,22000000,15000000,2.5,,120000000,111900000,0.9325
power_curve,,,22000000,15000000,2.5,,125000000,111900000,0.8952
power_curve,,,22000000,15000000,2.5,,130000000,111900000,0.8607692307692307
power_curve,,,22000000,15000000,3.0,,100000000,106400000,1.064
power_curve,,,22000000,15000000,3.0,,105000000,106400000,1.0133333333333334
power_curve,,,22000000,15000000,3.0,,110000000,106400000,0.9672727272727273
power_curve,,,22000000,15000000,3.0,,115000000,106400000,0.9252173913043479
power_curve,,,22000000,15000000,3.0,,120000000,106400000,0.8866666666666667
power_curve,,,22000000,15000000,3.0,,125000000,106400000,0.8512
power_curve,,,22000000,15000000,3.0,,130000000,106400000,0.8184615384615385
power_curve,,,22000000,20000000,0.5,,100000000,158100000,1.581
power_curve,,,22000000,20000000,0.5,,105000000,158100000,1.5057142857142858
power_curve,,,22000000,20000000,0.5,,110000000,158100000,1.4372727272727273
power_curve,,,22000000,20000000,0.5,,115000000,158100000,1.3747826086956523
power_curve,,,22000000,20000000,0.5,,120000000,158100000,1.3175
power_curve,,,22000000,20000000,0.5,,125000000,158100000,1.2648
power_curve,,,22000000,20000000,0.5,,130000000,158100000,1.2161538461538461
power_curve,,,22000000,20000000,1.0,,100000000,147700000,1.477
power_curve,,,22000000,20000000,1.0,,105000000,147700000,1.4066666666666667
power_curve,,,22000000,20000000,1.0,,110000000,147700000,1.3427272727272728
power_curve,,,22000000,20000000,1.0,,115000000,147700000,1.2843478260869565
power_curve,,,22000000,20000000,1.0,,120000000,147700000,1.2308333333333332
power_curve,,,22000000,20000000,1.0,,125000000,147700000,1.1816
power_curve,,,22000000,20000000,1.0,,130000000,147700000,1.136153846153846
power_curve,,,22000000,20000000,1.5,,100000000,138900000,1.389
power_curve,,,22000000,20000000,1.5,,105000000,138900000,1.322857142857143
power_curve,,,22000000,20000000,1.5,,110000000,138900000,1.2627272727272727
power_curve,,,22000000,20000000,1.5,,115000000,138900000,1.2078260869565218
power_curve,,,22000000,20000000,1.5,,120000000,138900000,1.1575
power_curve,,,22000000,20000000,1.5,,125000000,138900000,1.1112
power_curve,,,22000000,20000000,1.5,,130000000,138900000,1.0684615384615384
power_curve,,,22000000,20000000,2.0,,100000000,131300000,1.313
power_curve,,,22000000,20000000,2.0,,105000000,131300000,1.2504761904761905
power_curve,,,22000000,20000000,2.0,,110000000,131300000,1.1936363636363636
power_curve,,,22000000,20000000,2.0,,115000000,131300000,1.1417391304347826
power_curve,,,22000000,20000000,2.0,,120000000,131300000,1.0941666666666667
power_curve,,,22000000,20000000,2.0,,125000000,131300000,1.0504
power_curve,,,22000000,20000000,2.0,,130000000,131300000,1.01
power_curve,,,22000000,20000000,2.5,,100000000,124600000,1.246
power_curve,,,22000000,20000000,2.5,,105000000,124600000,1.1866666666666668
power_curve,,,22000000,20000000,2.5,,110000000,124600000,1.1327272727272728
power_curve,,,22000000,20000000,2.5,,115000000,124600000,1.0834782608695652
power_curve,,,22000000,20000000,2.5,,120000000,124600000,1.0383333333333333
power_curve,,,22000000,20000000,2.5,,125000000,124600000,0.9968
power_curve,,,22000000,20000000,2.5,,130000000,124600000,0.9584615384615385
power_curve,,,22000000,20000000,3.0,,100000000,118800000,1.188
power_curve,,,22000000,20000000,3.0,,105000000,118800000,1.1314285714285715
power_curve,,,22000000,20000000,3.0,,110000000,118800000,1.08
power_curve,,,22000000,20000000,3.0,,115000000,118800000,1.0330434782608695
power_curve,,,22000000,20000000,3.0,,120000000,118800000,0.99
power_curve,,,22000000,20000000,3.0,,125000000,118800000,0.9504
power_curve,,,22000000,20000000,3.0,,130000000,118800000,0.9138461538461539
power_curve,,,22000000,25000000,0.5,,100000000,172600000,1.726
power_curve,,,22000000,25000000,0.5,,105000000,172600000,1.6438095238095238
power_curve,,,22000000,25000000,0.5,,110000000,172600000,1.569090909090909
power_curve,,,22000000,25000000,0.5,,115000000,172600000,1.5008695652173913
power_curve,,,22000000,25000000,0.5,,120000000,172600000,1.4383333333333332
power_curve,,,22000000,25000000,0.5,,125000000,172600000,1.3808
power_curve,,,22000000,25000000,0.5,,130000000,172600000,1.3276923076923077
power_curve,,,22000000,25000000,1.0,,100000000,161600000,1.616
power_curve,,,22000000,25000000,1.0,,105000000,161600000,1.539047619047619
power_curve,,,22000000,25000000,1.0,,110000000,161600000,1.469090909090909
power_curve,,,22000000,25000000,1.0,,115000000,161600000,1.4052173913043478
power_curve,,,22000000,25000000,1.0,,120000000,161600000,1.3466666666666667
power_curve,,,22000000,25000000,1.0,,125000000,161600000,1.2928
power_curve,,,22000000,25000000,1.0,,130000000,161600000,1.243076923076923
power_curve,,,22000000,25000000,1.5,,100000000,152400000,1.524
power_curve,,,22000000,25000000,1.5,,105000000,152400000,1.4514285714285715
power_curve,,,22000000,25000000,1.5,,110000000,152400000,1.3854545454545455
power_curve,,,22000000,25000000,1.5,,115000000,152400000,1.325217391304348
power_curve,,,22000000,25000000,1.5,,120000000,152400000,1.27
power_curve,,,22000000,25000000,1.5,,125000000,152400000,1.2192
power_curve,,,22000000,25000000,1.5,,130000000,152400000,1.1723076923076923
power_curve,,,22000000,25000000,2.0,,100000000,144300000,1.443
power_curve,,,22000000,25000000,2.0,,105000000,144300000,1.3742857142857143
power_curve,,,22000000,25000000,2.0,,110000000,144300000,1.3118181818181818
power_curve,,,22000000,25000000,2.0,,115000000,144300000,1.2547826086956522
power_curve,,,22000000,25000000,2.0,,120000000,144300000,1.2025
power_curve,,,22000000,25000000,2.0,,125000000,144300000,1.1544
power_curve,,,22000000,25000000,2.0,,130000000,144300000,1.11
power_curve,,,22000000,25000000,2.5,,100000000,137200000,1.372
power_curve,,,22000000,25000000,2.5,,105000000,137200000,1.3066666666666666
power_curve,,,22000000,25000000,2.5,,110000000,137200000,1.2472727272727273
power_curve,,,22000000,25000000,2.5,,115000000,137200000,1.1930434782608696
power_curve,,,22000000,25000000,2.5,,120000000,137200000,1.1433333333333333
power_curve,,,22000000,25000000,2.5,,125000000,137200000,1.0976
power_curve,,,22000000,25000000,2.5,,130000000,137200000,1.0553846153846154
power_curve,,,22000000,25000000,3.0,,100000000,131000000,1.31
power_curve,,,22000000,25000000,3.0,,105000000,131000000,1.2476190476190476
power_curve,,,22000000,25000000,3.0,,110000000,131000000,1.190909090909091
power_curve,,,22000000,25000000,3.0,,115000000,131000000,1.1391304347826088
power_curve,,,22000000,25000000,3.0,,120000000,131000000,1.0916666666666666
power_curve,,,22000000,25000000,3.0,,125000000,131000000,1.048
power_curve,,,22000000,25000000,3.0,,130000000,131000000,1.0076923076923077
power_curve,,,22000000,30000000,0.5,,100000000,186900000,1.869
power_curve,,,22000000,30000000,0.5,,105000000,186900000,1.78
power_curve,,,22000000,30000000,0.5,,110000000,186900000,1.699090909090909
power_curve,,,22000000,30000000,0.5,,115000000,186900000,1.6252173913043477
power_curve,,,22000000,30000000,0.5,,120000000,186900000,1.5575
power_curve,,,22000000,30000000,0.5,,125000000,186900000,1.4952
power_curve,,,22000000,30000000,0.5,,130000000,186900000,1.4376923076923076
power_curve,,,22000000,30000000,1.0,,100000000,175500000,1.755
power_curve,,,22000000,30000000,1.0,,105000000,175500000,1.6714285714285715
power_curve,,,22000000,30000000,1.0,,110000000,175500000,1.5954545454545455
power_curve,,,22000000,30000000,1.0,,115000000,175500000,1.5260869565217392
power_curve,,,22000000,30000000,1.0,,120000000,175500000,1.4625
power_curve,,,22000000,30000000,1.0,,125000000,175500000,1.404
power_curve,,,22000000,30000000,1.0,,130000000,175500000,1.35
power_curve,,,22000000,30000000,1.5,,100000000,165800000,1.658
power_curve,,,22000000,30000000,1.5,,105000000,165800000,1.579047619047619
power_curve,,,22000000,30000000,1.5,,110000000,165800000,1.5072727272727273
power_curve,,,22000000,30000000,1.5,,115000000,165800000,1.4417391304347826
power_curve,,,22000000,30000000,1.5,,120000000,165800000,1.3816666666666666
power_curve,,,22000000,30000000,1.5,,125000000,165800000,1.3264
power_curve,,,22000000,30000000,1.5,,130000000,165800000,1.2753846153846153
power_curve,,,22000000,30000000,2.0,,100000000,157300000,1.573
power_curve,,,22000000,30000000,2.0,,105000000,157300000,1.4980952380952381
power_curve,,,22000000,30000000,2.0,,110000000,157300000,1.43
power_curve,,,22000000,30000000,2.0,,115000000,157300000,1.3678260869565217
power_curve,,,22000000,30000000,2.0,,120000000,157300000,1.3108333333333333
power_curve,,,22000000,30000000,2.0,,125000000,157300000,1.2584
power_curve,,,22000000,30000000,2.0,,130000000,157300000,1.21
power_curve,,,22000000,30000000,2.5,,100000000,149800000,1.498
power_curve,,,22000000,30000000,2.5,,105000000,149800000,1.4266666666666667
power_curve,,,22000000,30000000,2.5,,110000000,149800000,1.3618181818181818
power_curve,,,22000000,30000000,2.5,,115000000,149800000,1.3026086956521739
power_curve,,,22000000,30000000,2.5,,120000000,149800000,1.2483333333333333
power_curve,,,22000000,30000000,2.5,,125000000,149800000,1.1984
power_curve,,,22000000,30000000,2.5,,130000000,149800000,1.1523076923076923
power_curve,,,22000000,30000000,3.0,,100000000,143300000,1.433
power_curve,,,22000000,30000000,3.0,,105000000,143300000,1.3647619047619048
power_curve,,,22000000,30000000,3.0,,110000000,143300000,1.3027272727272727
power_curve,,,22000000,30000000,3.0,,115000000,143300000,1.2460869565217392
power_curve,,,22000000,30000000,3.0,,120000000,143300000,1.1941666666666666
power_curve,,,22000000,30000000,3.0,,125000000,143300000,1.1464
power_curve,,,22000000,30000000,3.0,,130000000,143300000,1.1023076923076922
power_curve,,,22000000,35000000,0.5,,100000000,201400000,2.014
power_curve,,,22000000,35000000,0.5,,105000000,201400000,1.918095238095238
power_curve,,,22000000,35000000,0.5,,110000000,201400000,1.8309090909090908
power_curve,,,22000000,35000000,0.5,,115000000,201400000,1.751304347826087
power_curve,,,22000000,35000000,0.5,,120000000,201400000,1.6783333333333332
power_curve,,,22000000,35000000,0.5,,125000000,201400000,1.6112
power_curve,,,22000000,35000000,0.5,,130000000,201400000,1.5492307692307692
power_curve,,,22000000,35000000,1.0,,100000000,189400000,1.894
power_curve,,,22000000,35000000,1.0,,105000000,189400000,1.8038095238095238
power_curve,,,22000000,35000000,1.0,,110000000,189400000,1.721818181818182
power_curve,,,22000000,35000000,1.0,,115000000,189400000,1.6469565217391304
power_curve,,,22000000,35000000,1.0,,120000000,189400000,1.5783333333333334
power_curve,,,22000000,35000000,1.0,,125000000,189400000,1.5152
power_curve,,,22000000,35000000,1.0,,130000000,189400000,1.456923076923077
power_curve,,,22000000,35000000,1.5,,100000000,179200000,1.792
power_curve,,,22000000,35000000,1.5,,105000000,179200000,1.7066666666666668
power_curve,,,22000000,35000000,1.5,,110000000,179200000,1.6290909090909091
power_curve,,,22000000,35000000,1.5,,115000000,179200000,1.5582608695652174
power_curve,,,22000000,35000000,1.5,,120000000,179200000,1.4933333333333334
power_curve,,,22000000,35000000,1.5,,125000000,179200000,1.4336
power_curve,,,22000000,35000000,1.5,,130000000,179200000,1.3784615384615384
power_curve,,,22000000,35000000,2.0,,100000000,170300000,1.703
power_curve,,,22000000,35000000,2.0,,105000000,170300000,1.621904761904762
power_curve,,,22000000,35000000,2.0,,110000000,170300000,1.548181818181818
power_curve,,,22000000,35000000,2.0,,115000000,170300000,1.4808695652173913
power_curve,,,22000000,35000000,2.0,,120000000,170300000,1.4191666666666667
power_curve,,,22000000,35000000,2.0,,125000000,170300000,1.3624
power_curve,,,22000000,35000000,2.0,,130000000,170300000,1.31
power_curve,,,22000000,35000000,2.5,,100000000,162500000,1.625
power_curve,,,22000000,35000000,2.5,,105000000,162500000,1.5476190476190477
power_curve,,,22000000,35000000,2.5,,110000000,162500000,1.4772727272727273
power_curve,,,22000000,35000000,2.5,,115000000,162500000,1.4130434782608696
power_curve,,,22000000,35000000,2.5,,120000000,162500000,1.3541666666666667
power_curve,,,22000000,35000000,2.5,,125000000,162500000,1.3
power_curve,,,22000000,35000000,2.5,,130000000,162500000,1.25
power_curve,,,22000000,35000000,3.0,,100000000,155500000,1.555
power_curve,,,22000000,35000000,3.0,,105000000,155500000,1.480952380952381
power_curve,,,22000000,35000000,3.0,,110000000,155500000,1.4136363636363636
power_curve,,,22000000,35000000,3.0,,115000000,155500000,1.3521739130434782
power_curve,,,22000000,35000000,3.0,,120000000,155500000,1.2958333333333334
power_curve,,,22000000,35000000,3.0,,125000000,155500000,1.244
power_curve,,,22000000,35000000,3.0,,130000000,155500000,1.1961538461538461
power_curve,,,22000000,40000000,0.5,,100000000,215900000,2.159
power_curve,,,22000000,40000000,0.5,,105000000,215900000,2.0561904761904763
power_curve,,,22000000,40000000,0.5,,110000000,215900000,1.9627272727272727
power_curve,,,22000000,40000000,0.5,,115000000,215900000,1.877391304347826
power_curve,,,22000000,40000000,0.5,,120000000,215900000,1.7991666666666666
power_curve,,,22000000,40000000,0.5,,125000000,215900000,1.7272
power_curve,,,22000000,40000000,0.5,,130000000,215900000,1.6607692307692308
power_curve,,,22000000,40000000,1.0,,100000000,203300000,2.033
power_curve,,,22000000,40000000,1.0,,105000000,203300000,1.9361904761904762
power_curve,,,22000000,40000000,1.0,,110000000,203300000,1.8481818181818181
power_curve,,,22000000,40000000,1.0,,115000000,203300000,1.7678260869565217
power_curve,,,22000000,40000000,1.0,,120000000,203300000,1.6941666666666666
power_curve,,,22000000,40000000,1.0,,125000000,203300000,1.6264
power_curve,,,22000000,40000000,1.0,,130000000,203300000,1.5638461538461539
power_curve,,,22000000,40000000,1.5,,100000000,192700000,1.927
power_curve,,,22000000,40000000,1.5,,105000000,192700000,1.8352380952380953
power_curve,,,22000000,40000000,1.5,,110000000,192700000,1.7518181818181817
power_curve,,,22000000,40000000,1.5,,115000000,192700000,1.6756521739130434
power_curve,,,22000000,40000000,1.5,,120000000,192700000,1.6058333333333332
power_curve,,,22000000,40000000,1.5,,125000000,192700000,1.5416
power_curve,,,22000000,40000000,1.5,,130000000,192700000,1.4823076923076923
power_curve,,,22000000,40000000,2.0,,100000000,183300000,1.833
power_curve,,,22000000,40000000,2.0,,105000000,183300000,1.7457142857142858
power_curve,,,22000000,40000000,2.0,,110000000,183300000,1.6663636363636363
power_curve,,,22000000,40000000,2.0,,115000000,183300000,1.593913043478261
power_curve,,,22000000,40000000,2.0,,120000000,183300000,1.5275
power_curve,,,22000000,40000000,2.0,,125000000,183300000,1.4664
power_curve,,,22000000,40000000,2.0,,130000000,183300000,1.41
power_curve,,,22000000,40000000,2.5,,100000000,175100000,1.751
power_curve,,,22000000,40000000,2.5,,105000000,175100000,1.6676190476190476
power_curve,,,22000000,40000000,2.5,,110000000,175100000,1.5918181818181818
power_curve,,,22000000,40000000,2.5,,115000000,175100000,1.5226086956521738
power_curve,,,22000000,40000000,2.5,,120000000,175100000,1.4591666666666667
power_curve,,,22000000,40000000,2.5,,125000000,175100000,1.4008
power_curve,,,22000000,40000000,2.5,,130000000,175100000,1.346923076923077
power_curve,,,22000000,40000000,3.0,,100000000,167800000,1.678
power_curve,,,22000000,40000000,3.0,,105000000,167800000,1.598095238095238
power_curve,,,22000000,40000000,3.0,,110000000,167800000,1.5254545454545454
power_curve,,,22000000,40000000,3.0,,115000000,167800000,1.4591304347826086
power_curve,,,22000000,40000000,3.0,,120000000,167800000,1.3983333333333334
power_curve,,,22000000,40000000,3.0,,125000000,167800000,1.3424
power_curve,,,22000000,40000000,3.0,,130000000,167800000,1.2907692307692307
power_curve,,,22000000,45000000,0.5,,100000000,230200000,2.302
power_curve,,,22000000,45000000,0.5,,105000000,230200000,2.1923809523809523
power_curve,,,22000000,45000000,0.5,,110000000,230200000,2.0927272727272728
power_curve,,,22000000,45000000,0.5,,115000000,230200000,2.0017391304347827
power_curve,,,22000000,45000000,0.5,,120000000,230200000,1.9183333333333332
power_curve,,,22000000,45000000,0.5,,125000000,230200000,1.8416
power_curve,,,22000000,45000000,0.5,,130000000,230200000,1.7707692307692309
power_curve,,,22000000,45000000,1.0,,100000000,217200000,2.172
power_curve,,,22000000,45000000,1.0,,105000000,217200000,2.0685714285714285
power_curve,,,22000000,45000000,1.0,,110000000,217200000,1.9745454545454546
power_curve,,,22000000,45000000,1.0,,115000000,217200000,1.888695652173913
power_curve,,,22000000,45000000,1.0,,120000000,217200000,1.81
power_curve,,,22000000,45000000,1.0,,125000000,217200000,1.7376
power_curve,,,22000000,45000000,1.0,,130000000,217200000,1.6707692307692308
power_curve,,,22000000,45000000,1.5,,100000000,206100000,2.061
power_curve,,,22000000,45000000,1.5,,105000000,206100000,1.9628571428571429
power_curve,,,22000000,45000000,1.5,,110000000,206100000,1.8736363636363635
power_curve,,,22000000,45000000,1.5,,115000000,206100000,1.7921739130434782
power_curve,,,22000000,45000000,1.5,,120000000,206100000,1.7175
power_curve,,,22000000,45000000,1.5,,125000000,206100000,1.6488
power_curve,,,22000000,45000000,1.5,,130000000,206100000,1.5853846153846154
power_curve,,,22000000,45000000,2.0,,100000000,196300000,1.963
power_curve,,,22000000,45000000,2.0,,105000000,196300000,1.8695238095238096
power_curve,,,22000000,45000000,2.0,,110000000,196300000,1.7845454545454544
power_curve,,,22000000,45000000,2.0,,115000000,196300000,1.7069565217391305
power_curve,,,22000000,45000000,2.0,,120000000,196300000,1.6358333333333333
power_curve,,,22000000,45000000,2.0,,125000000,196300000,1.5704
power_curve,,,22000000,45000000,2.0,,130000000,196300000,1.51
power_curve,,,22000000,45000000,2.5,,100000000,187800000,1.878
power_curve,,,22000000,45000000,2.5,,105000000,187800000,1.7885714285714285
power_curve,,,22000000,45000000,2.5,,110000000,187800000,1.7072727272727273
power_curve,,,22000000,45000000,2.5,,115000000,187800000,1.6330434782608696
power_curve,,,22000000,45000000,2.5,,120000000,187800000,1.565
power_curve,,,22000000,45000000,2.5,,125000000,187800000,1.5024
power_curve,,,22000000,45000000,2.5,,130000000,187800000,1.4446153846153846
power_curve,,,22000000,45000000,3.0,,100000000,180100000,1.801
power_curve,,,22000000,45000000,3.0,,105000000,180100000,1.7152380952380952
power_curve,,,22000000,45000000,3.0,,110000000,180100000,1.6372727272727272
power_curve,,,22000000,45000000,3.0,,115000000,180100000,1.5660869565217392
power_curve,,,22000000,45000000,3.0,,120000000,180100000,1.5008333333333332
power_curve,,,22000000,45000000,3.0,,125000000,180100000,1.4408
power_curve,,,22000000,45000000,3.0,,130000000,180100000,1.3853846153846154
power_curve,,,22000000,50000000,0.5,,100000000,244700000,2.447
power_curve,,,22000000,50000000,0.5,,105000000,244700000,2.3304761904761904
power_curve,,,22000000,50000000,0.5,,110000000,244700000,2.2245454545454546
power_curve,,,22000000,50000000,0.5,,115000000,244700000,2.1278260869565218
power_curve,,,22000000,50000000,0.5,,120000000,244700000,2.0391666666666666
power_curve,,,22000000,50000000,0.5,,125000000,244700000,1.9576
power_curve,,,22000000,50000000,0.5,,130000000,244700000,1.8823076923076922
power_curve,,,22000000,50000000,1.0,,100000000,231000000,2.31
power_curve,,,22000000,50000000,1.0,,105000000,231000000,2.2
power_curve,,,22000000,50000000,1.0,,110000000,231000000,2.1
power_curve,,,22000000,50000000,1.0,,115000000,231000000,2.008695652173913
power_curve,,,22000000,50000000,1.0,,120000000,231000000,1.925
power_curve,,,22000000,50000000,1.0,,125000000,231000000,1.848
power_curve,,,22000000,50000000,1.0,,130000000,231000000,1.7769230769230768
power_curve,,,22000000,50000000,1.5,,100000000,219600000,2.196
power_curve,,,22000000,50000000,1.5,,105000000,219600000,2.0914285714285716
power_curve,,,22000000,50000000,1.5,,110000000,219600000,1.9963636363636363
power_curve,,,22000000,50000000,1.5,,115000000,219600000,1.9095652173913042
power_curve,,,22000000,50000000,1.5,,120000000,219600000,1.83
power_curve,,,22000000,50000000,1.5,,125000000,219600000,1.7568
power_curve,,,22000000,50000000,1.5,,130000000,219600000,1.6892307692307693
power_curve,,,22000000,50000000,2.0,,100000000,209300000,2.093
power_curve,,,22000000,50000000,2.0,,105000000,209300000,1.9933333333333334
power_curve,,,22000000,50000000,2.0,,110000000,209300000,1.9027272727272728
power_curve,,,22000000,50000000,2.0,,115000000,209300000,1.82
power_curve,,,22000000,50000000,2.0,,120000000,209300000,1.7441666666666666
power_curve,,,22000000,50000000,2.0,,125000000,209300000,1.6744
power_curve,,,22000000,50000000,2.0,,130000000,209300000,1.61
power_curve,,,22000000,50000000,2.5,,100000000,200300000,2.003
power_curve,,,22000000,50000000,2.5,,105000000,200300000,1.9076190476190475
power_curve,,,22000000,50000000,2.5,,110000000,200300000,1.8209090909090908
power_curve,,,22000000,50000000,2.5,,115000000,200300000,1.7417391304347827
power_curve,,,22000000,50000000,2.5,,120000000,200300000,1.6691666666666667
power_curve,,,22000000,50000000,2.5,,125000000,200300000,1.6024
power_curve,,,22000000,50000000,2.5,,130000000,200300000,1.5407692307692307
power_curve,,,22000000,50000000,3.0,,100000000,192400000,1.924
power_curve,,,22000000,50000000,3.0,,105000000,192400000,1.8323809523809524
power_curve,,,22000000,50000000,3.0,,110000000,192400000,1.749090909090909
power_curve,,,22000000,50000000,3.0,,115000000,192400000,1.6730434782608696
power_curve,,,22000000,50000000,3.0,,120000000,192400000,1.6033333333333333
power_curve,,,22000000,50000000,3.0,,125000000,192400000,1.5392
power_curve,,,22000000,50000000,3.0,,130000000,192400000,1.48
power_curve,,,23000000,15000000,0.5,,100000000,148100000,1.481
power_curve,,,23000000,15000000,0.5,,105000000,148100000,1.4104761904761904
power_curve,,,23000000,15000000,0.5,,110000000,148100000,1.3463636363636364
power_curve,,,23000000,15000000,0.5,,115000000,148100000,1.2878260869565217
power_curve,,,23000000,15000000,0.5,,120000000,148100000,1.2341666666666666
power_curve,,,23000000,15000000,0.5,,125000000,148100000,1.1848
power_curve,,,23000000,15000000,0.5,,130000000,148100000,1.1392307692307693
power_curve,,,23000000,15000000,1.0,,100000000,138000000,1.38
power_curve,,,23000000,15000000,1.0,,105000000,138000000,1.3142857142857143
power_curve,,,23000000,15000000,1.0,,110000000,138000000,1.2545454545454546
power_curve,,,23000000,15000000,1.0,,115000000,138000000,1.2
power_curve,,,23000000,15000000,1.0,,120000000,138000000,1.15
power_curve,,,23000000,15000000,1.0,,125000000,138000000,1.104
power_curve,,,23000000,15000000,1.0,,130000000,138000000,1.0615384615384615
power_curve,,,23000000,15000000,1.5,,100000000,129400000,1.294
power_curve,,,23000000,15000000,1.5,,105000000,129400000,1.2323809523809524
power_curve,,,23000000,15000000,1.5,,110000000,129400000,1.1763636363636363
power_curve,,,23000000,15000000,1.5,,115000000,129400000,1.1252173913043477
power_curve,,,23000000,15000000,1.5,,120000000,129400000,1.0783333333333334
power_curve,,,23000000,15000000,1.5,,125000000,129400000,1.0352
power_curve,,,23000000,15000000,1.5,,130000000,129400000,0.9953846153846154
power_curve,,,23000000,15000000,2.0,,100000000,121800000,1.218
power_curve,,,23000000,15000000,2.0,,105000000,121800000,1.16
power_curve,,,23000000,15000000,2.0,,110000000,121800000,1.1072727272727272
power_curve,,,23000000,15000000,2.0,,115000000,121800000,1.0591304347826087
power_curve,,,23000000,15000000,2.0,,120000000,121800000,1.015
power_curve,,,23000000,15000000,2.0,,125000000,121800000,0.9744
power_curve,,,23000000,15000000,2.0,,130000000,121800000,0.936923076923077
power_curve,,,23000000,15000000,2.5,,100000000,115100000,1.151
power_curve,,,23000000,15000000,2.5,,105000000,115100000,1.0961904761904762
power_curve,,,23000000,15000000,2.5,,110000000,115100000,1.0463636363636364
power_curve,,,23000000,15000000,2.5,,115000000,115100000,1.0008695652173913
power_curve,,,23000000,15000000,2.5,,120000000,115100000,0.9591666666666666
power_curve,,,23000000,15000000,2.5,,125000000,115100000,0.9208
power_curve,,,23000000,15000000,2.5,,130000000,115100000,0.8853846153846154
power_curve,,,23000000,15000000,3.0,,100000000,109500000,1.095
power_curve,,,23000000,15000000,3.0,,105000000,109500000,1.042857142857143
power_curve,,,23000000,15000000,3.0,,110000000,109500000,0.9954545454545455
power_curve,,,23000000,15000000,3.0,,115000000,109500000,0.9521739130434783
power_curve,,,23000000,15000000,3.0,,120000000,109500000,0.9125
power_curve,,,23000000,15000000,3.0,,125000000,109500000,0.876
power_curve,,,23000000,15000000,3.0,,130000000,109500000,0.8423076923076923
power_curve,,,23000000,20000000,0.5,,100000000,162500000,1.625
power_curve,,,23000000,20000000,0.5,,105000000,162500000,1.5476190476190477
power_curve,,,23000000,20000000,0.5,,110000000,162500000,1.4772727272727273
power_curve,,,23000000,20000000,0.5,,115000000,162500000,1.4130434782608696
power_curve,,,23000000,20000000,0.5,,120000000,162500000,1.3541666666666667
power_curve,,,23000000,20000000,0.5,,125000000,162500000,1.3
power_curve,,,23000000,20000000,0.5,,130000000,162500000,1.25
power_curve,,,23000000,20000000,1.0,,100000000,151900000,1.519
power_curve,,,23000000,20000000,1.0,,105000000,151900000,1.4466666666666668
power_curve,,,23000000,20000000,1.0,,110000000,151900000,1.3809090909090909
power_curve,,,23000000,20000000,1.0,,115000000,151900000,1.3208695652173914
power_curve,,,23000000,20000000,1.0,,120000000,151900000,1.2658333333333334
power_curve,,,23000000,20000000,1.0,,125000000,151900000,1.2152
power_curve,,,23000000,20000000,1.0,,130000000,151900000,1.1684615384615384
power_curve,,,23000000,20000000,1.5,,100000000,142700000,1.427
power_curve,,,23000000,20000000,1.5,,105000000,142700000,1.359047619047619
power_curve,,,23000000,20000000,1.5,,110000000,142700000,1.2972727272727274
power_curve,,,23000000,20000000,1.5,,115000000,142700000,1.2408695652173913
power_curve,,,23000000,20000000,1.5,,120000000,142700000,1.1891666666666667
power_curve,,,23000000,20000000,1.5,,125000000,142700000,1.1416
power_curve,,,23000000,20000000,1.5,,130000000,142700000,1.0976923076923077
power_curve,,,23000000,20000000,2.0,,100000000,134700000,1.347
power_curve,,,23000000,20000000,2.0,,105000000,134700000,1.282857142857143
power_curve,,,23000000,20000000,2.0,,110000000,134700000,1.2245454545454546
power_curve,,,23000000,20000000,2.0,,115000000,134700000,1.171304347826087
power_curve,,,23000000,20000000,2.0,,120000000,134700000,1.1225
power_curve,,,23000000,20000000,2.0,,125000000,134700000,1.0776
power_curve,,,23000000,20000000,2.0,,130000000,134700000,1.0361538461538462
power_curve,,,23000000,20000000,2.5,,100000000,127800000,1.278
power_curve,,,23000000,20000000,2.5,,105000000,127800000,1.217142857142857
power_curve,,,23000000,20000000,2.5,,110000000,127800000,1.1618181818181819
power_curve,,,23000000,20000000,2.5,,115000000,127800000,1.111304347826087
power_curve,,,23000000,20000000,2.5,,120000000,127800000,1.065
power_curve,,,23000000,20000000,2.5,,125000000,127800000,1.0224
power_curve,,,23000000,20000000,2.5,,130000000,127800000,0.9830769230769231
power_curve,,,23000000,20000000,3.0,,100000000,121900000,1.219
power_curve,,,23000000,20000000,3.0,,105000000,121900000,1.160952380952381
power_curve,,,23000000,20000000,3.0,,110000000,121900000,1.1081818181818182
power_curve,,,23000000,20000000,3.0,,115000000,121900000,1.06
power_curve,,,23000000,20000000,3.0,,120000000,121900000,1.0158333333333334
power_curve,,,23000000,20000000,3.0,,125000000,121900000,0.9752
power_curve,,,23000000,20000000,3.0,,130000000,121900000,0.9376923076923077
power_curve,,,23000000,25000000,0.5,,100000000,177000000,1.77
power_curve,,,23000000,25000000,0.5,,105000000,177000000,1.6857142857142857
power_curve,,,23000000,25000000,0.5,,110000000,177000000,1.6090909090909091
power_curve,,,23000000,25000000,0.5,,115000000,177000000,1.5391304347826087
power_curve,,,23000000,25000000,0.5,,120000000,177000000,1.475
power_curve,,,23000000,25000000,0.5,,125000000,177000000,1.416
power_curve,,,23000000,25000000,0.5,,130000000,177000000,1.3615384615384616
power_curve,,,23000000,25000000,1.0,,100000000,165800000,1.658
power_curve,,,23000000,25000000,1.0,,105000000,165800000,1.579047619047619
power_curve,,,23000000,25000000,1.0,,110000000,165800000,1.5072727272727273
power_curve,,,23000000,25000000,1.0,,115000000,165800000,1.4417391304347826
power_curve,,,23000000,25000000,1.0,,120000000,165800000,1.3816666666666666
power_curve,,,23000000,25000000,1.0,,125000000,165800000,1.3264
power_curve,,,23000000,25000000,1.0,,130000000,165800000,1.2753846153846153
power_curve,,,23000000,25000000,1.5,,100000000,156200000,1.562
power_curve,,,23000000,25000000,1.5,,105000000,156200000,1.4876190476190476
power_curve,,,23000000,25000000,1.5,,110000000,156200000,1.42
power_curve,,,23000000,25000000,1.5,,115000000,156200000,1.3582608695652174
power_curve,,,23000000,25000000,1.5,,120000000,156200000,1.3016666666666667
power_curve,,,23000000,25000000,1.5,,125000000,156200000,1.2496
power_curve,,,23000000,25000000,1.5,,130000000,156200000,1.2015384615384614
power_curve,,,23000000,25000000,2.0,,100000000,147700000,1.477
power_curve,,,23000000,25000000,2.0,,105000000,147700000,1.4066666666666667
power_curve,,,23000000,25000000,2.0,,110000000,147700000,1.3427272727272728
power_curve,,,23000000,25000000,2.0,,115000000,147700000,1.2843478260869565
power_curve,,,23000000,25000000,2.0,,120000000,147700000,1.2308333333333332
power_curve,,,23000000,25000000,2.0,,125000000,147700000,1.1816
power_curve,,,23000000,25000000,2.0,,130000000,147700000,1.136153846153846
power_curve,,,23000000,25000000,2.5,,100000000,140400000,1.404
power_curve,,,23000000,25000000,2.5,,105000000,140400000,1.3371428571428572
power_curve,,,23000000,25000000,2.5,,110000000,140400000,1.2763636363636364
power_curve,,,23000000,25000000,2.5,,115000000,140400000,1.2208695652173913
power_curve,,,23000000,25000000,2.5,,120000000,140400000,1.17
power_curve,,,23000000,25000000,2.5,,125000000,140400000,1.1232
power_curve,,,23000000,25000000,2.5,,130000000,140400000,1.08
power_curve,,,23000000,25000000,3.0,,100000000,134100000,1.341
power_curve,,,23000000,25000000,3.0,,105000000,134100000,1.2771428571428571
power_curve,,,23000000,25000000,3.0,,110000000,134100000,1.219090909090909
power_curve,,,23000000,25000000,3.0,,115000000,134100000,1.166086956521739
power_curve,,,23000000,25000000,3.0,,120000000,134100000,1.1175
power_curve,,,23000000,25000000,3.0,,125000000,134100000,1.0728
power_curve,,,23000000,25000000,3.0,,130000000,134100000,1.0315384615384615
power_curve,,,23000000,30000000,0.5,,100000000,191300000,1.913
power_curve,,,23000000,30000000,0.5,,105000000,191300000,1.821904761904762
power_curve,,,23000000,30000000,0.5,,110000000,191300000,1.739090909090909
power_curve,,,23000000,30000000,0.5,,115000000,191300000,1.6634782608695653
power_curve,,,23000000,30000000,0.5,,120000000,191300000,1.5941666666666667
power_curve,,,23000000,30000000,0.5,,125000000,191300000,1.5304
power_curve,,,23000000,30000000,0.5,,130000000,191300000,1.4715384615384615
power_curve,,,23000000,30000000,1.0,,100000000,179700000,1.797
power_curve,,,23000000,30000000,1.0,,105000000,179700000,1.7114285714285715
power_curve,,,23000000,30000000,1.0,,110000000,179700000,1.6336363636363636
power_curve,,,23000000,30000000,1.0,,115000000,179700000,1.5626086956521739
power_curve,,,23000000,30000000,1.0,,120000000,179700000,1.4975
power_curve,,,23000000,30000000,1.0,,125000000,179700000,1.4376
power_curve,,,23000000,30000000,1.0,,130000000,179700000,1.3823076923076922
power_curve,,,23000000,30000000,1.5,,100000000,169600000,1.696
power_curve,,,23000000,30000000,1.5,,105000000,169600000,1.6152380952380951
power_curve,,,23000000,30000000,1.5,,110000000,169600000,1.5418181818181818
power_curve,,,23000000,30000000,1.5,,115000000,169600000,1.4747826086956521
power_curve,,,23000000,30000000,1.5,,120000000,169600000,1.4133333333333333
power_curve,,,23000000,30000000,1.5,,125000000,169600000,1.3568
power_curve,,,23000000,30000000,1.5,,130000000,169600000,1.3046153846153845
power_curve,,,23000000,30000000,2.0,,100000000,160700000,1.607
power_curve,,,23000000,30000000,2.0,,105000000,160700000,1.5304761904761905
power_curve,,,23000000,30000000,2.0,,110000000,160700000,1.460909090909091
power_curve,,,23000000,30000000,2.0,,115000000,160700000,1.397391304347826
power_curve,,,23000000,30000000,2.0,,120000000,160700000,1.3391666666666666
power_curve,,,23000000,30000000,2.0,,125000000,160700000,1.2856
power_curve,,,23000000,30000000,2.0,,130000000,160700000,1.2361538461538462
power_curve,,,23000000,30000000,2.5,,100000000,153000000,1.53
power_curve,,,23000000,30000000,2.5,,105000000,153000000,1.457142857142857
power_curve,,,23000000,30000000,2.5,,110000000,153000000,1.3909090909090909
power_curve,,,23000000,30000000,2.5,,115000000,153000000,1.3304347826086957
power_curve,,,23000000,30000000,2.5,,120000000,153000000,1.275
power_curve,,,23000000,30000000,2.5,,125000000,153000000,1.224
power_curve,,,23000000,30000000,2.5,,130000000,153000000,1.176923076923077
power_curve,,,23000000,30000000,3.0,,100000000,146400000,1.464
power_curve,,,23000000,30000000,3.0,,105000000,146400000,1.3942857142857144
power_curve,,,23000000,30000000,3.0,,110000000,146400000,1.3309090909090908
power_curve,,,23000000,30000000,3.0,,115000000,146400000,1.2730434782608695
power_curve,,,23000000,30000000,3.0,,120000000,146400000,1.22
power_curve,,,23000000,30000000,3.0,,125000000,146400000,1.1712
power_curve,,,23000000,30000000,3.0,,130000000,146400000,1.126153846153846
power_curve,,,23000000,35000000,0.5,,100000000,205800000,2.058
power_curve,,,23000000,35000000,0.5,,105000000,205800000,1.96
power_curve,,,23000000,35000000,0.5,,110000000,205800000,1.8709090909090909
power_curve,,,23000000,35000000,0.5,,115000000,205800000,1.7895652173913044
power_curve,,,23000000,35000000,0.5,,120000000,205800000,1.715
power_curve,,,23000000,35000000,0.5,,125000000,205800000,1.6464
power_curve,,,23000000,35000000,0.5,,130000000,205800000,1.583076923076923
power_curve,,,23000000,35000000,1.0,,100000000,193600000,1.936
power_curve,,,23000000,35000000,1.0,,105000000,193600000,1.8438095238095238
power_curve,,,23000000,35000000,1.0,,110000000,193600000,1.76
power_curve,,,23000000,35000000,1.0,,115000000,193600000,1.6834782608695653
power_curve,,,23000000,35000000,1.0,,120000000,193600000,1.6133333333333333
power_curve,,,23000000,35000000,1.0,,125000000,193600000,1.5488
power_curve,,,23000000,35000000,1.0,,130000000,193600000,1.4892307692307691
power_curve,,,23000000,35000000,1.5,,100000000,183000000,1.83
power_curve,,,23000000,35000000,1.5,,105000000,183000000,1.7428571428571429
power_curve,,,23000000,35000000,1.5,,110000000,183000000,1.6636363636363636
power_curve,,,23000000,35000000,1.5,,115000000,183000000,1.5913043478260869
power_curve,,,23000000,35000000,1.5,,120000000,183000000,1.525
power_curve,,,23000000,35000000,1.5,,125000000,183000000,1.464
power_curve,,,23000000,35000000,1.5,,130000000,183000000,1.4076923076923078
power_curve,,,23000000,35000000,2.0,,100000000,173700000,1.737
power_curve,,,23000000,35000000,2.0,,105000000,173700000,1.6542857142857144
power_curve,,,23000000,35000000,2.0,,110000000,173700000,1.579090909090909
power_curve,,,23000000,35000000,2.0,,115000000,173700000,1.5104347826086957
power_curve,,,23000000,35000000,2.0,,120000000,173700000,1.4475
power_curve,,,23000000,35000000,2.0,,125000000,173700000,1.3896
power_curve,,,23000000,35000000,2.0,,130000000,173700000,1.3361538461538462
power_curve,,,23000000,35000000,2.5,,100000000,165700000,1.657
power_curve,,,23000000,35000000,2.5,,105000000,165700000,1.578095238095238
power_curve,,,23000000,35000000,2.5,,110000000,165700000,1.5063636363636363
power_curve,,,23000000,35000000,2.5,,115000000,165700000,1.4408695652173913
power_curve,,,23000000,35000000,2.5,,120000000,165700000,1.3808333333333334
power_curve,,,23000000,35000000,2.5,,125000000,165700000,1.3256
power_curve,,,23000000,35000000,2.5,,130000000,165700000,1.2746153846153847
power_curve,,,23000000,35000000,3.0,,100000000,158600000,1.586
power_curve,,,23000000,35000000,3.0,,105000000,158600000,1.5104761904761905
power_curve,,,23000000,35000000,3.0,,110000000,158600000,1.4418181818181819
power_curve,,,23000000,35000000,3.0,,115000000,158600000,1.3791304347826088
power_curve,,,23000000,35000000,3.0,,120000000,158600000,1.3216666666666668
power_curve,,,23000000,35000000,3.0,,125000000,158600000,1.2688
power_curve,,,23000000,35000000,3.0,,130000000,158600000,1.22
power_curve,,,23000000,40000000,0.5,,100000000,220300000,2.203
power_curve,,,23000000,40000000,0.5,,105000000,220300000,2.098095238095238
power_curve,,,23000000,40000000,0.5,,110000000,220300000,2.002727272727273
power_curve,,,23000000,40000000,0.5,,115000000,220300000,1.9156521739130434
power_curve,,,23000000,40000000,0.5,,120000000,220300000,1.8358333333333334
power_curve,,,23000000,40000000,0.5,,125000000,220300000,1.7624
power_curve,,,23000000,40000000,0.5,,130000000,220300000,1.6946153846153846
power_curve,,,23000000,40000000,1.0,,100000000,207500000,2.075
power_curve,,,23000000,40000000,1.0,,105000000,207500000,1.9761904761904763
power_curve,,,23000000,40000000,1.0,,110000000,207500000,1.8863636363636365
power_curve,,,23000000,40000000,1.0,,115000000,207500000,1.8043478260869565
power_curve,,,23000000,40000000,1.0,,120000000,207500000,1.7291666666666667
power_curve,,,23000000,40000000,1.0,,125000000,207500000,1.66
power_curve,,,23000000,40000000,1.0,,130000000,207500000,1.5961538461538463
power_curve,,,23000000,40000000,1.5,,100000000,196500000,1.965
power_curve,,,23000000,40000000,1.5,,105000000,196500000,1.8714285714285714
power_curve,,,23000000,40000000,1.5,,110000000,196500000,1.7863636363636364
power_curve,,,23000000,40000000,1.5,,115000000,196500000,1.708695652173913
power_curve,,,23000000,40000000,1.5,,120000000,196500000,1.6375
power_curve,,,23000000,40000000,1.5,,125000000,196500000,1.572
power_curve,,,23000000,40000000,1.5,,130000000,196500000,1.5115384615384615
power_curve,,,23000000,40000000,2.0,,100000000,186700000,1.867
power_curve,,,23000000,40000000,2.0,,105000000,186700000,1.7780952380952382
power_curve,,,23000000,40000000,2.0,,110000000,186700000,1.6972727272727273
power_curve,,,23000000,40000000,2.0,,115000000,186700000,1.6234782608695653
power_curve,,,23000000,40000000,2.0,,120000000,186700000,1.5558333333333334
power_curve,,,23000000,40000000,2.0,,125000000,186700000,1.4936
power_curve,,,23000000,40000000,2.0,,130000000,186700000,1.4361538461538461
power_curve,,,23000000,40000000,2.5,,100000000,178300000,1.783
power_curve,,,23000000,40000000,2.5,,105000000,178300000,1.698095238095238
power_curve,,,23000000,40000000,2.5,,110000000,178300000,1.6209090909090909
power_curve,,,23000000,40000000,2.5,,115000000,178300000,1.5504347826086957
power_curve,,,23000000,40000000,2.5,,120000000,178300000,1.4858333333333333
power_curve,,,23000000,40000000,2.5,,125000000,178300000,1.4264
power_curve,,,23000000,40000000,2.5,,130000000,178300000,1.3715384615384616
power_curve,,,23000000,40000000,3.0,,100000000,170900000,1.709
power_curve,,,23000000,40000000,3.0,,105000000,170900000,1.6276190476190475
power_curve,,,23000000,40000000,3.0,,110000000,170900000,1.5536363636363637
power_curve,,,23000000,40000000,3.0,,115000000,170900000,1.4860869565217392
power_curve,,,23000000,40000000,3.0,,120000000,170900000,1.4241666666666666
power_curve,,,23000000,40000000,3.0,,125000000,170900000,1.3672
power_curve,,,23000000,40000000,3.0,,130000000,170900000,1.3146153846153845
power_curve,,,23000000,45000000,0.5,,100000000,234600000,2.346
power_curve,,,23000000,45000000,0.5,,105000000,234600000,2.2342857142857144
power_curve,,,23000000,45000000,0.5,,110000000,234600000,2.132727272727273
power_curve,,,23000000,45000000,0.5,,115000000,234600000,2.04
power_curve,,,23000000,45000000,0.5,,120000000,234600000,1.955
power_curve,,,23000000,45000000,0.5,,125000000,234600000,1.8768
power_curve,,,23000000,45000000,0.5,,130000000,234600000,1.8046153846153845
power_curve,,,23000000,45000000,1.0,,100000000,221400000,2.214
power_curve,,,23000000,45000000,1.0,,105000000,221400000,2.1085714285714285
power_curve,,,23000000,45000000,1.0,,110000000,221400000,2.0127272727272727
power_curve,,,23000000,45000000,1.0,,115000000,221400000,1.9252173913043478
power_curve,,,23000000,45000000,1.0,,120000000,221400000,1.845
power_curve,,,23000000,45000000,1.0,,125000000,221400000,1.7712
power_curve,,,23000000,45000000,1.0,,130000000,221400000,1.7030769230769232
power_curve,,,23000000,45000000,1.5,,100000000,209900000,2.099
power_curve,,,23000000,45000000,1.5,,105000000,209900000,1.999047619047619
power_curve,,,23000000,45000000,1.5,,110000000,209900000,1.9081818181818182
power_curve,,,23000000,45000000,1.5,,115000000,209900000,1.825217391304348
power_curve,,,23000000,45000000,1.5,,120000000,209900000,1.7491666666666668
power_curve,,,23000000,45000000,1.5,,125000000,209900000,1.6792
power_curve,,,23000000,45000000,1.5,,130000000,209900000,1.6146153846153846
power_curve,,,23000000,45000000,2.0,,100000000,199700000,1.997
power_curve,,,23000000,45000000,2.0,,105000000,199700000,1.901904761904762
power_curve,,,23000000,45000000,2.0,,110000000,199700000,1.8154545454545454
power_curve,,,23000000,45000000,2.0,,115000000,199700000,1.7365217391304348
power_curve,,,23000000,45000000,2.0,,120000000,199700000,1.6641666666666666
power_curve,,,23000000,45000000,2.0,,125000000,199700000,1.5976
power_curve,,,23000000,45000000,2.0,,130000000,199700000,1.5361538461538462
power_curve,,,23000000,45000000,2.5,,100000000,191000000,1.91
power_curve,,,23000000,45000000,2.5,,105000000,191000000,1.819047619047619
power_curve,,,23000000,45000000,2.5,,110000000,191000000,1.7363636363636363
power_curve,,,23000000,45000000,2.5,,115000000,191000000,1.6608695652173913
power_curve,,,23000000,45000000,2.5,,120000000,191000000,1.5916666666666666
power_curve,,,23000000,45000000,2.5,,125000000,191000000,1.528
power_curve,,,23000000,45000000,2.5,,130000000,191000000,1.4692307692307693
power_curve,,,23000000,45000000,3.0,,100000000,183200000,1.832
power_curve,,,23000000,45000000,3.0,,105000000,183200000,1.7447619047619047
power_curve,,,23000000,45000000,3.0,,110000000,183200000,1.6654545454545455
power_curve,,,23000000,45000000,3.0,,115000000,183200000,1.5930434782608696
power_curve,,,23000000,45000000,3.0,,120000000,183200000,1.5266666666666666
power_curve,,,23000000,45000000,3.0,,125000000,183200000,1.4656
power_curve,,,23000000,45000000,3.0,,130000000,183200000,1.4092307692307693
power_curve,,,23000000,50000000,0.5,,100000000,249100000,2.491
power_curve,,,23000000,50000000,0.5,,105000000,249100000,2.3723809523809525
power_curve,,,23000000,50000000,0.5,,110000000,249100000,2.2645454545454546
power_curve,,,23000000,50000000,0.5,,115000000,249100000,2.166086956521739
power_curve,,,23000000,50000000,0.5,,120000000,249100000,2.075833333333333
power_curve,,,23000000,50000000,0.5,,125000000,249100000,1.9928
power_curve,,,23000000,50000000,0.5,,130000000,249100000,1.916153846153846
power_curve,,,23000000,50000000,1.0,,100000000,235200000,2.352
power_curve,,,23000000,50000000,1.0,,105000000,235200000,2.24
power_curve,,,23000000,50000000,1.0,,110000000,235200000,2.138181818181818
power_curve,,,23000000,50000000,1.0,,115000000,235200000,2.0452173913043477
power_curve,,,23000000,50000000,1.0,,120000000,235200000,1.96
power_curve,,,23000000,50000000,1.0,,125000000,235200000,1.8816
power_curve,,,23000000,50000000,1.0,,130000000,235200000,1.8092307692307692
power_curve,,,23000000,50000000,1.5,,100000000,223400000,2.234
power_curve,,,23000000,50000000,1.5,,105000000,223400000,2.1276190476190475
power_curve,,,23000000,50000000,1.5,,110000000,223400000,2.0309090909090908
power_curve,,,23000000,50000000,1.5,,115000000,223400000,1.942608695652174
power_curve,,,23000000,50000000,1.5,,120000000,223400000,1.8616666666666666
power_curve,,,23000000,50000000,1.5,,125000000,223400000,1.7872
power_curve,,,23000000,50000000,1.5,,130000000,223400000,1.7184615384615385
power_curve,,,23000000,50000000,2.0,,100000000,212700000,2.127
power_curve,,,23000000,50000000,2.0,,105000000,212700000,2.025714285714286
power_curve,,,23000000,50000000,2.0,,110000000,212700000,1.9336363636363636
power_curve,,,23000000,50000000,2.0,,115000000,212700000,1.8495652173913044
power_curve,,,23000000,50000000,2.0,,120000000,212700000,1.7725
power_curve,,,23000000,50000000,2.0,,125000000,212700000,1.7016
power_curve,,,23000000,50000000,2.0,,130000000,212700000,1.636153846153846
power_curve,,,23000000,50000000,2.5,,100000000,203500000,2.035
power_curve,,,23000000,50000000,2.5,,105000000,203500000,1.938095238095238
power_curve,,,23000000,50000000,2.5,,110000000,203500000,1.85
power_curve,,,23000000,50000000,2.5,,115000000,203500000,1.7695652173913043
power_curve,,,23000000,50000000,2.5,,120000000,203500000,1.6958333333333333
power_curve,,,23000000,50000000,2.5,,125000000,203500000,1.628
power_curve,,,23000000,50000000,2.5,,130000000,203500000,1.5653846153846154
power_curve,,,23000000,50000000,3.0,,100000000,195500000,1.955
power_curve,,,23000000,50000000,3.0,,105000000,195500000,1.861904761904762
power_curve,,,23000000,50000000,3.0,,110000000,195500000,1.7772727272727273
power_curve,,,23000000,50000000,3.0,,115000000,195500000,1.7
power_curve,,,23000000,50000000,3.0,,120000000,195500000,1.6291666666666667
power_curve,,,23000000,50000000,3.0,,125000000,195500000,1.564
power_curve,,,23000000,50000000,3.0,,130000000,195500000,1.5038461538461538
power_curve,,,24000000,15000000,0.5,,100000000,152600000,1.526
power_curve,,,24000000,15000000,0.5,,105000000,152600000,1.4533333333333334
power_curve,,,24000000,15000000,0.5,,110000000,152600000,1.3872727272727272
power_curve,,,24000000,15000000,0.5,,115000000,152600000,1.3269565217391304
power_curve,,,24000000,15000000,0.5,,120000000,152600000,1.2716666666666667
power_curve,,,24000000,15000000,0.5,,125000000,152600000,1.2208
power_curve,,,24000000,15000000,0.5,,130000000,152600000,1.1738461538461538
power_curve,,,24000000,15000000,1.0,,100000000,142000000,1.42
power_curve,,,24000000,15000000,1.0,,105000000,142000000,1.3523809523809525
power_curve,,,24000000,15000000,1.0,,110000000,142000000,1.290909090909091
power_curve,,,24000000,15000000,1.0,,115000000,142000000,1.2347826086956522
power_curve,,,24000000,15000000,1.0,,120000000,142000000,1.1833333333333333
power_curve,,,24000000,15000000,1.0,,125000000,142000000,1.136
power_curve,,,24000000,15000000,1.0,,130000000,142000000,1.0923076923076922
power_curve,,,24000000,15000000,1.5,,100000000,133100000,1.331
power_curve,,,24000000,15000000,1.5,,105000000,133100000,1.2676190476190476
power_curve,,,24000000,15000000,1.5,,110000000,133100000,1.21
power_curve,,,24000000,15000000,1.5,,115000000,133100000,1.157391304347826
power_curve,,,24000000,15000000,1.5,,120000000,133100000,1.1091666666666666
power_curve,,,24000000,15000000,1.5,,125000000,133100000,1.0648
power_curve,,,24000000,15000000,1.5,,130000000,133100000,1.0238461538461539
power_curve,,,24000000,15000000,2.0,,100000000,125300000,1.253
power_curve,,,24000000,15000000,2.0,,105000000,125300000,1.1933333333333334
power_curve,,,24000000,15000000,2.0,,110000000,125300000,1.1390909090909092
power_curve,,,24000000,15000000,2.0,,115000000,125300000,1.0895652173913044
power_curve,,,24000000,15000000,2.0,,120000000,125300000,1.0441666666666667
power_curve,,,24000000,15000000,2.0,,125000000,125300000,1.0024
power_curve,,,24000000,15000000,2.0,,130000000,125300000,0.9638461538461538
power_curve,,,24000000,15000000,2.5,,100000000,118200000,1.182
power_curve,,,24000000,15000000,2.5,,105000000,118200000,1.1257142857142857
power_curve,,,24000000,15000000,2.5,,110000000,118200000,1.0745454545454545
power_curve,,,24000000,15000000,2.5,,115000000,118200000,1.0278260869565217
power_curve,,,24000000,15000000,2.5,,120000000,118200000,0.985
power_curve,,,24000000,15000000,2.5,,125000000,118200000,0.9456
power_curve,,,24000000,15000000,2.5,,130000000,118200000,0.9092307692307692
power_curve,,,24000000,15000000,3.0,,100000000,112400000,1.124
power_curve,,,24000000,15000000,3.0,,105000000,112400000,1.0704761904761906
power_curve,,,24000000,15000000,3.0,,110000000,112400000,1.0218181818181817
power_curve,,,24000000,15000000,3.0,,115000000,112400000,0.9773913043478261
power_curve,,,24000000,15000000,3.0,,120000000,112400000,0.9366666666666666
power_curve,,,24000000,15000000,3.0,,125000000,112400000,0.8992
power_curve,,,24000000,15000000,3.0,,130000000,112400000,0.8646153846153846
power_curve,,,24000000,20000000,0.5,,100000000,167000000,1.67
power_curve,,,24000000,20000000,0.5,,105000000,167000000,1.5904761904761904
power_curve,,,24000000,20000000,0.5,,110000000,167000000,1.518181818181818
power_curve,,,24000000,20000000,0.5,,115000000,167000000,1.4521739130434783
power_curve,,,24000000,20000000,0.5,,120000000,167000000,1.3916666666666666
power_curve,,,24000000,20000000,0.5,,125000000,167000000,1.336
power_curve,,,24000000,20000000,0.5,,130000000,167000000,1.2846153846153847
power_curve,,,24000000,20000000,1.0,,100000000,155900000,1.559
power_curve,,,24000000,20000000,1.0,,105000000,155900000,1.4847619047619047
power_curve,,,24000000,20000000,1.0,,110000000,155900000,1.4172727272727272
power_curve,,,24000000,20000000,1.0,,115000000,155900000,1.3556521739130434
power_curve,,,24000000,20000000,1.0,,120000000,155900000,1.2991666666666666
power_curve,,,24000000,20000000,1.0,,125000000,155900000,1.2472
power_curve,,,24000000,20000000,1.0,,130000000,155900000,1.1992307692307693
power_curve,,,24000000,20000000,1.5,,100000000,146400000,1.464
power_curve,,,24000000,20000000,1.5,,105000000,146400000,1.3942857142857144
power_curve,,,24000000,20000000,1.5,,110000000,146400000,1.3309090909090908
power_curve,,,24000000,20000000,1.5,,115000000,146400000,1.2730434782608695
power_curve,,,24000000,20000000,1.5,,120000000,146400000,1.22
power_curve,,,24000000,20000000,1.5,,125000000,146400000,1.1712
power_curve,,,24000000,20000000,1.5,,130000000,146400000,1.126153846153846
power_curve,,,24000000,20000000,2.0,,100000000,138200000,1.382
power_curve,,,24000000,20000000,2.0,,105000000,138200000,1.3161904761904761
power_curve,,,24000000,20000000,2.0,,110000000,138200000,1.2563636363636363
power_curve,,,24000000,20000000,2.0,,115000000,138200000,1.2017391304347826
power_curve,,,24000000,20000000,2.0,,120000000,138200000,1.1516666666666666
power_curve,,,24000000,20000000,2.0,,125000000,138200000,1.1056
power_curve,,,24000000,20000000,2.0,,130000000,138200000,1.063076923076923
power_curve,,,24000000,20000000,2.5,,100000000,130900000,1.309
power_curve,,,24000000,20000000,2.5,,105000000,130900000,1.2466666666666666
power_curve,,,24000000,20000000,2.5,,110000000,130900000,1.19
power_curve,,,24000000,20000000,2.5,,115000000,130900000,1.1382608695652174
power_curve,,,24000000,20000000,2.5,,120000000,130900000,1.0908333333333333
power_curve,,,24000000,20000000,2.5,,125000000,130900000,1.0472
power_curve,,,24000000,20000000,2.5,,130000000,130900000,1.006923076923077
power_curve,,,24000000,20000000,3.0,,100000000,124800000,1.248
power_curve,,,24000000,20000000,3.0,,105000000,124800000,1.1885714285714286
power_curve,,,24000000,20000000,3.0,,110000000,124800000,1.1345454545454545
power_curve,,,24000000,20000000,3.0,,115000000,124800000,1.085217391304348
power_curve,,,24000000,20000000,3.0,,120000000,124800000,1.04
power_curve,,,24000000,20000000,3.0,,125000000,124800000,0.9984
power_curve,,,24000000,20000000,3.0,,130000000,124800000,0.96
power_curve,,,24000000,25000000,0.5,,100000000,181500000,1.815
power_curve,,,24000000,25000000,0.5,,105000000,181500000,1.7285714285714286
power_curve,,,24000000,25000000,0.5,,110000000,181500000,1.65
power_curve,,,24000000,25000000,0.5,,115000000,181500000,1.5782608695652174
power_curve,,,24000000,25000000,0.5,,120000000,181500000,1.5125
power_curve,,,24000000,25000000,0.5,,125000000,181500000,1.452
power_curve,,,24000000,25000000,0.5,,130000000,181500000,1.396153846153846
power_curve,,,24000000,25000000,1.0,,100000000,169800000,1.698
power_curve,,,24000000,25000000,1.0,,105000000,169800000,1.6171428571428572
power_curve,,,24000000,25000000,1.0,,110000000,169800000,1.5436363636363637
power_curve,,,24000000,25000000,1.0,,115000000,169800000,1.4765217391304348
power_curve,,,24000000,25000000,1.0,,120000000,169800000,1.415
power_curve,,,24000000,25000000,1.0,,125000000,169800000,1.3584
power_curve,,,24000000,25000000,1.0,,130000000,169800000,1.3061538461538462
power_curve,,,24000000,25000000,1.5,,100000000,159900000,1.599
power_curve,,,24000000,25000000,1.5,,105000000,159900000,1.522857142857143
power_curve,,,24000000,25000000,1.5,,110000000,159900000,1.4536363636363636
power_curve,,,24000000,25000000,1.5,,115000000,159900000,1.3904347826086956
power_curve,,,24000000,25000000,1.5,,120000000,159900000,1.3325
power_curve,,,24000000,25000000,1.5,,125000000,159900000,1.2792
power_curve,,,24000000,25000000,1.5,,130000000,159900000,1.23
power_curve,,,24000000,25000000,2.0,,100000000,151200000,1.512
power_curve,,,24000000,25000000,2.0,,105000000,151200000,1.44
power_curve,,,24000000,25000000,2.0,,110000000,151200000,1.3745454545454545
power_curve,,,24000000,25000000,2.0,,115000000,151200000,1.3147826086956522
power_curve,,,24000000,25000000,2.0,,120000000,151200000,1.26
power_curve,,,24000000,25000000,2.0,,125000000,151200000,1.2096
power_curve,,,24000000,25000000,2.0,,130000000,151200000,1.1630769230769231
power_curve,,,24000000,25000000,2.5,,100000000,143500000,1.435
power_curve,,,24000000,25000000,2.5,,105000000,143500000,1.3666666666666667
power_curve,,,24000000,25000000,2.5,,110000000,143500000,1.3045454545454545
power_curve,,,24000000,25000000,2.5,,115000000,143500000,1.2478260869565216
power_curve,,,24000000,25000000,2.5,,120000000,143500000,1.1958333333333333
power_curve,,,24000000,25000000,2.5,,125000000,143500000,1.148
power_curve,,,24000000,25000000,2.5,,130000000,143500000,1.103846153846154
power_curve,,,24000000,25000000,3.0,,100000000,137000000,1.37
power_curve,,,24000000,25000000,3.0,,105000000,137000000,1.3047619047619048
power_curve,,,24000000,25000000,3.0,,110000000,137000000,1.2454545454545454
power_curve,,,24000000,25000000,3.0,,115000000,137000000,1.191304347826087
power_curve,,,24000000,25000000,3.0,,120000000,137000000,1.1416666666666666
power_curve,,,24000000,25000000,3.0,,125000000,137000000,1.096
power_curve,,,24000000,25000000,3.0,,130000000,137000000,1.0538461538461539
power_curve,,,24000000,30000000,0.5,,100000000,195800000,1.958
power_curve,,,24000000,30000000,0.5,,105000000,195800000,1.8647619047619048
power_curve,,,24000000,30000000,0.5,,110000000,195800000,1.78
power_curve,,,24000000,30000000,0.5,,115000000,195800000,1.702608695652174
power_curve,,,24000000,30000000,0.5,,120000000,195800000,1.6316666666666666
power_curve,,,24000000,30000000,0.5,,125000000,195800000,1.5664
power_curve,,,24000000,30000000,0.5,,130000000,195800000,1.5061538461538462
power_curve,,,24000000,30000000,1.0,,100000000,183700000,1.837
power_curve,,,24000000,30000000,1.0,,105000000,183700000,1.7495238095238095
power_curve,,,24000000,30000000,1.0,,110000000,183700000,1.67
power_curve,,,24000000,30000000,1.0,,115000000,183700000,1.597391304347826
power_curve,,,24000000,30000000,1.0,,120000000,183700000,1.5308333333333333
power_curve,,,24000000,30000000,1.0,,125000000,183700000,1.4696
power_curve,,,24000000,30000000,1.0,,130000000,183700000,1.4130769230769231
power_curve,,,24000000,30000000,1.5,,100000000,173300000,1.733
power_curve,,,24000000,30000000,1.5,,105000000,173300000,1.6504761904761904
power_curve,,,24000000,30000000,1.5,,110000000,173300000,1.5754545454545454
power_curve,,,24000000,30000000,1.5,,115000000,173300000,1.5069565217391305
power_curve,,,24000000,30000000,1.5,,120000000,173300000,1.4441666666666666
power_curve,,,24000000,30000000,1.5,,125000000,173300000,1.3864
power_curve,,,24000000,30000000,1.5,,130000000,173300000,1.333076923076923
power_curve,,,24000000,30000000,2.0,,100000000,164200000,1.642
power_curve,,,24000000,30000000,2.0,,105000000,164200000,1.5638095238095238
power_curve,,,24000000,30000000,2.0,,110000000,164200000,1.4927272727272727
power_curve,,,24000000,30000000,2.0,,115000000,164200000,1.4278260869565218
power_curve,,,24000000,30000000,2.0,,120000000,164200000,1.3683333333333334
power_curve,,,24000000,30000000,2.0,,125000000,164200000,1.3136
power_curve,,,24000000,30000000,2.0,,130000000,164200000,1.263076923076923
power_curve,,,24000000,30000000,2.5,,100000000,156100000,1.561
power_curve,,,24000000,30000000,2.5,,105000000,156100000,1.4866666666666666
power_curve,,,24000000,30000000,2.5,,110000000,156100000,1.4190909090909092
power_curve,,,24000000,30000000,2.5,,115000000,156100000,1.357391304347826
power_curve,,,24000000,30000000,2.5,,120000000,156100000,1.3008333333333333
power_curve,,,24000000,30000000,2.5,,125000000,156100000,1.2488
power_curve,,,24000000,30000000,2.5,,130000000,156100000,1.2007692307692308
power_curve,,,24000000,30000000,3.0,,100000000,149300000,1.493
power_curve,,,24000000,30000000,3.0,,105000000,149300000,1.421904761904762
power_curve,,,24000000,30000000,3.0,,110000000,149300000,1.3572727272727272
power_curve,,,24000000,30000000,3.0,,115000000,149300000,1.2982608695652174
power_curve,,,24000000,30000000,3.0,,120000000,149300000,1.2441666666666666
power_curve,,,24000000,30000000,3.0,,125000000,149300000,1.1944
power_curve,,,24000000,30000000,3.0,,130000000,149300000,1.1484615384615384
power_curve,,,24000000,35000000,0.5,,100000000,210300000,2.103
power_curve,,,24000000,35000000,0.5,,105000000,210300000,2.0028571428571427
power_curve,,,24000000,35000000,0.5,,110000000,210300000,1.9118181818181819
power_curve,,,24000000,35000000,0.5,,115000000,210300000,1.828695652173913
power_curve,,,24000000,35000000,0.5,,120000000,210300000,1.7525
power_curve,,,24000000,35000000,0.5,,125000000,210300000,1.6824
power_curve,,,24000000,35000000,0.5,,130000000,210300000,1.6176923076923078
power_curve,,,24000000,35000000,1.0,,100000000,197600000,1.976
power_curve,,,24000000,35000000,1.0,,105000000,197600000,1.881904761904762
power_curve,,,24000000,35000000,1.0,,110000000,197600000,1.7963636363636364
power_curve,,,24000000,35000000,1.0,,115000000,197600000,1.7182608695652173
power_curve,,,24000000,35000000,1.0,,120000000,197600000,1.6466666666666667
power_curve,,,24000000,35000000,1.0,,125000000,197600000,1.5808
power_curve,,,24000000,35000000,1.0,,130000000,197600000,1.52
power_curve,,,24000000,35000000,1.5,,100000000,186700000,1.867
power_curve,,,24000000,35000000,1.5,,105000000,186700000,1.7780952380952382
power_curve,,,24000000,35000000,1.5,,110000000,186700000,1.6972727272727273
power_curve,,,24000000,35000000,1.5,,115000000,186700000,1.6234782608695653
power_curve,,,24000000,35000000,1.5,,120000000,186700000,1.5558333333333334
power_curve,,,24000000,35000000,1.5,,125000000,186700000,1.4936
power_curve,,,24000000,35000000,1.5,,130000000,186700000,1.4361538461538461
power_curve,,,24000000,35000000,2.0,,100000000,177200000,1.772
power_curve,,,24000000,35000000,2.0,,105000000,177200000,1.6876190476190476
power_curve,,,24000000,35000000,2.0,,110000000,177200000,1.6109090909090908
power_curve,,,24000000,35000000,2.0,,115000000,177200000,1.5408695652173914
power_curve,,,24000000,35000000,2.0,,120000000,177200000,1.4766666666666666
power_curve,,,24000000,35000000,2.0,,125000000,177200000,1.4176
power_curve,,,24000000,35000000,2.0,,130000000,177200000,1.363076923076923
power_curve,,,24000000,35000000,2.5,,100000000,168800000,1.688
power_curve,,,24000000,35000000,2.5,,105000000,168800000,1.6076190476190477
power_curve,,,24000000,35000000,2.5,,110000000,168800000,1.5345454545454544
power_curve,,,24000000,35000000,2.5,,115000000,168800000,1.4678260869565218
power_curve,,,24000000,35000000,2.5,,120000000,168800000,1.4066666666666667
power_curve,,,24000000,35000000,2.5,,125000000,168800000,1.3504
power_curve,,,24000000,35000000,2.5,,130000000,168800000,1.2984615384615386
power_curve,,,24000000,35000000,3.0,,100000000,161500000,1.615
power_curve,,,24000000,35000000,3.0,,105000000,161500000,1.5380952380952382
power_curve,,,24000000,35000000,3.0,,110000000,161500000,1.4681818181818183
power_curve,,,24000000,35000000,3.0,,115000000,161500000,1.4043478260869566
power_curve,,,24000000,35000000,3.0,,120000000,161500000,1.3458333333333334
power_curve,,,24000000,35000000,3.0,,125000000,161500000,1.292
power_curve,,,24000000,35000000,3.0,,130000000,161500000,1.2423076923076923
power_curve,,,24000000,40000000,0.5,,100000000,224800000,2.248
power_curve,,,24000000,40000000,0.5,,105000000,224800000,2.140952380952381
power_curve,,,24000000,40000000,0.5,,110000000,224800000,2.0436363636363635
power_curve,,,24000000,40000000,0.5,,115000000,224800000,1.9547826086956521
power_curve,,,24000000,40000000,0.5,,120000000,224800000,1.8733333333333333
power_curve,,,24000000,40000000,0.5,,125000000,224800000,1.7984
power_curve,,,24000000,40000000,0.5,,130000000,224800000,1.7292307692307691
power_curve,,,24000000,40000000,1.0,,100000000,211500000,2.115
power_curve,,,24000000,40000000,1.0,,105000000,211500000,2.0142857142857142
power_curve,,,24000000,40000000,1.0,,110000000,211500000,1.9227272727272726
power_curve,,,24000000,40000000,1.0,,115000000,211500000,1.8391304347826087
power_curve,,,24000000,40000000,1.0,,120000000,211500000,1.7625
power_curve,,,24000000,40000000,1.0,,125000000,211500000,1.692
power_curve,,,24000000,40000000,1.0,,130000000,211500000,1.626923076923077
power_curve,,,24000000,40000000,1.5,,100000000,200200000,2.002
power_curve,,,24000000,40000000,1.5,,105000000,200200000,1.9066666666666667
power_curve,,,24000000,40000000,1.5,,110000000,200200000,1.82
power_curve,,,24000000,40000000,1.5,,115000000,200200000,1.7408695652173913
power_curve,,,24000000,40000000,1.5,,120000000,200200000,1.6683333333333332
power_curve,,,24000000,40000000,1.5,,125000000,200200000,1.6016
power_curve,,,24000000,40000000,1.5,,130000000,200200000,1.54
power_curve,,,24000000,40000000,2.0,,100000000,190200000,1.902
power_curve,,,24000000,40000000,2.0,,105000000,190200000,1.8114285714285714
power_curve,,,24000000,40000000,2.0,,110000000,190200000,1.729090909090909
power_curve,,,24000000,40000000,2.0,,115000000,190200000,1.653913043478261
power_curve,,,24000000,40000000,2.0,,120000000,190200000,1.585
power_curve,,,24000000,40000000,2.0,,125000000,190200000,1.5216
power_curve,,,24000000,40000000,2.0,,130000000,190200000,1.4630769230769232
power_curve,,,24000000,40000000,2.5,,100000000,181400000,1.814
power_curve,,,24000000,40000000,2.5,,105000000,181400000,1.7276190476190476
power_curve,,,24000000,40000000,2.5,,110000000,181400000,1.6490909090909092
power_curve,,,24000000,40000000,2.5,,115000000,181400000,1.577391304347826
power_curve,,,24000000,40000000,2.5,,120000000,181400000,1.5116666666666667
power_curve,,,24000000,40000000,2.5,,125000000,181400000,1.4512
power_curve,,,24000000,40000000,2.5,,130000000,181400000,1.3953846153846154
power_curve,,,24000000,40000000,3.0,,100000000,173800000,1.738
power_curve,,,24000000,40000000,3.0,,105000000,173800000,1.6552380952380952
power_curve,,,24000000,40000000,3.0,,110000000,173800000,1.58
power_curve,,,24000000,40000000,3.0,,115000000,173800000,1.511304347826087
power_curve,,,24000000,40000000,3.0,,120000000,173800000,1.4483333333333333
power_curve,,,24000000,40000000,3.0,,125000000,173800000,1.3904
power_curve,,,24000000,40000000,3.0,,130000000,173800000,1.3369230769230769
power_curve,,,24000000,45000000,0.5,,100000000,239100000,2.391
power_curve,,,24000000,45000000,0.5,,105000000,239100000,2.277142857142857
power_curve,,,24000000,45000000,0.5,,110000000,239100000,2.173636363636364
power_curve,,,24000000,45000000,0.5,,115000000,239100000,2.0791304347826087
power_curve,,,24000000,45000000,0.5,,120000000,239100000,1.9925
power_curve,,,24000000,45000000,0.5,,125000000,239100000,1.9128
power_curve,,,24000000,45000000,0.5,,130000000,239100000,1.8392307692307692
power_curve,,,24000000,45000000,1.0,,100000000,225400000,2.254
power_curve,,,24000000,45000000,1.0,,105000000,225400000,2.1466666666666665
power_curve,,,24000000,45000000,1.0,,110000000,225400000,2.0490909090909093
power_curve,,,24000000,45000000,1.0,,115000000,225400000,1.96
power_curve,,,24000000,45000000,1.0,,120000000,225400000,1.8783333333333334
power_curve,,,24000000,45000000,1.0,,125000000,225400000,1.8032
power_curve,,,24000000,45000000,1.0,,130000000,225400000,1.7338461538461538
power_curve,,,24000000,45000000,1.5,,100000000,213600000,2.136
power_curve,,,24000000,45000000,1.5,,105000000,213600000,2.0342857142857143
power_curve,,,24000000,45000000,1.5,,110000000,213600000,1.9418181818181819
power_curve,,,24000000,45000000,1.5,,115000000,213600000,1.857391304347826
power_curve,,,24000000,45000000,1.5,,120000000,213600000,1.78
power_curve,,,24000000,45000000,1.5,,125000000,213600000,1.7088
power_curve,,,24000000,45000000,1.5,,130000000,213600000,1.643076923076923
power_curve,,,24000000,45000000,2.0,,100000000,203200000,2.032
power_curve,,,24000000,45000000,2.0,,105000000,203200000,1.9352380952380952
power_curve,,,24000000,45000000,2.0,,110000000,203200000,1.8472727272727272
power_curve,,,24000000,45000000,2.0,,115000000,203200000,1.7669565217391305
power_curve,,,24000000,45000000,2.0,,120000000,203200000,1.6933333333333334
power_curve,,,24000000,45000000,2.0,,125000000,203200000,1.6256
power_curve,,,24000000,45000000,2.0,,130000000,203200000,1.563076923076923
power_curve,,,24000000,45000000,2.5,,100000000,194100000,1.941
power_curve,,,24000000,45000000,2.5,,105000000,194100000,1.8485714285714285
power_curve,,,24000000,45000000,2.5,,110000000,194100000,1.7645454545454546
power_curve,,,24000000,45000000,2.5,,115000000,194100000,1.6878260869565218
power_curve,,,24000000,45000000,2.5,,120000000,194100000,1.6175
power_curve,,,24000000,45000000,2.5,,125000000,194100000,1.5528
power_curve,,,24000000,45000000,2.5,,130000000,194100000,1.493076923076923
power_curve,,,24000000,45000000,3.0,,100000000,186100000,1.861
power_curve,,,24000000,45000000,3.0,,105000000,186100000,1.7723809523809524
power_curve,,,24000000,45000000,3.0,,110000000,186100000,1.6918181818181819
power_curve,,,24000000,45000000,3.0,,115000000,186100000,1.6182608695652174
power_curve,,,24000000,45000000,3.0,,120000000,186100000,1.5508333333333333
power_curve,,,24000000,45000000,3.0,,125000000,186100000,1.4888
power_curve,,,24000000,45000000,3.0,,130000000,186100000,1.4315384615384616
power_curve,,,24000000,50000000,0.5,,100000000,253600000,2.536
power_curve,,,24000000,50000000,0.5,,105000000,253600000,2.415238095238095
power_curve,,,24000000,50000000,0.5,,110000000,253600000,2.3054545454545456
power_curve,,,24000000,50000000,0.5,,115000000,253600000,2.205217391304348
power_curve,,,24000000,50000000,0.5,,120000000,253600000,2.1133333333333333
power_curve,,,24000000,50000000,0.5,,125000000,253600000,2.0288
power_curve,,,24000000,50000000,0.5,,130000000,253600000,1.9507692307692308
power_curve,,,24000000,50000000,1.0,,100000000,239200000,2.392
power_curve,,,24000000,50000000,1.0,,105000000,239200000,2.278095238095238
power_curve,,,24000000,50000000,1.0,,110000000,239200000,2.1745454545454543
power_curve,,,24000000,50000000,1.0,,115000000,239200000,2.08
power_curve,,,24000000,50000000,1.0,,120000000,239200000,1.9933333333333334
power_curve,,,24000000,50000000,1.0,,125000000,239200000,1.9136
power_curve,,,24000000,50000000,1.0,,130000000,239200000,1.84
power_curve,,,24000000,50000000,1.5,,100000000,227100000,2.271
power_curve,,,24000000,50000000,1.5,,105000000,227100000,2.162857142857143
power_curve,,,24000000,50000000,1.5,,110000000,227100000,2.0645454545454545
power_curve,,,24000000,50000000,1.5,,115000000,227100000,1.9747826086956521
power_curve,,,24000000,50000000,1.5,,120000000,227100000,1.8925
power_curve,,,24000000,50000000,1.5,,125000000,227100000,1.8168
power_curve,,,24000000,50000000,1.5,,130000000,227100000,1.746923076923077
power_curve,,,24000000,50000000,2.0,,100000000,216200000,2.162
power_curve,,,24000000,50000000,2.0,,105000000,216200000,2.059047619047619
power_curve,,,24000000,50000000,2.0,,110000000,216200000,1.9654545454545456
power_curve,,,24000000,50000000,2.0,,115000000,216200000,1.88
power_curve,,,24000000,50000000,2.0,,120000000,216200000,1.8016666666666667
power_curve,,,24000000,50000000,2.0,,125000000,216200000,1.7296
power_curve,,,24000000,50000000,2.0,,130000000,216200000,1.6630769230769231
power_curve,,,24000000,50000000,2.5,,100000000,206600000,2.066
power_curve,,,24000000,50000000,2.5,,105000000,206600000,1.9676190476190476
power_curve,,,24000000,50000000,2.5,,110000000,206600000,1.8781818181818182
power_curve,,,24000000,50000000,2.5,,115000000,206600000,1.796521739130435
power_curve,,,24000000,50000000,2.5,,120000000,206600000,1.7216666666666667
power_curve,,,24000000,50000000,2.5,,125000000,206600000,1.6528
power_curve,,,24000000,50000000,2.5,,130000000,206600000,1.5892307692307692
power_curve,,,24000000,50000000,3.0,,100000000,198400000,1.984
power_curve,,,24000000,50000000,3.0,,105000000,198400000,1.8895238095238096
power_curve,,,24000000,50000000,3.0,,110000000,198400000,1.8036363636363637
power_curve,,,24000000,50000000,3.0,,115000000,198400000,1.7252173913043478
power_curve,,,24000000,50000000,3.0,,120000000,198400000,1.6533333333333333
power_curve,,,24000000,50000000,3.0,,125000000,198400000,1.5872
power_curve,,,24000000,50000000,3.0,,130000000,198400000,1.5261538461538462
power_curve,,,25000000,15000000,0.5,,100000000,157100000,1.571
power_curve,,,25000000,15000000,0.5,,105000000,157100000,1.4961904761904763
power_curve,,,25000000,15000000,0.5,,110000000,157100000,1.4281818181818182
power_curve,,,25000000,15000000,0.5,,115000000,157100000,1.366086956521739
power_curve,,,25000000,15000000,0.5,,120000000,157100000,1.3091666666666666
power_curve,,,25000000,15000000,0.5,,125000000,157100000,1.2568
power_curve,,,25000000,15000000,0.5,,130000000,157100000,1.2084615384615385
power_curve,,,25000000,15000000,1.0,,100000000,146200000,1.462
power_curve,,,25000000,15000000,1.0,,105000000,146200000,1.3923809523809523
power_curve,,,25000000,15000000,1.0,,110000000,146200000,1.329090909090909
power_curve,,,25000000,15000000,1.0,,115000000,146200000,1.271304347826087
power_curve,,,25000000,15000000,1.0,,120000000,146200000,1.2183333333333333
power_curve,,,25000000,15000000,1.0,,125000000,146200000,1.1696
power_curve,,,25000000,15000000,1.0,,130000000,146200000,1.1246153846153846
power_curve,,,25000000,15000000,1.5,,100000000,136700000,1.367
power_curve,,,25000000,15000000,1.5,,105000000,136700000,1.301904761904762
power_curve,,,25000000,15000000,1.5,,110000000,136700000,1.2427272727272727
power_curve,,,25000000,15000000,1.5,,115000000,136700000,1.1886956521739132
power_curve,,,25000000,15000000,1.5,,120000000,136700000,1.1391666666666667
power_curve,,,25000000,15000000,1.5,,125000000,136700000,1.0936
power_curve,,,25000000,15000000,1.5,,130000000,136700000,1.0515384615384615
power_curve,,,25000000,15000000,2.0,,100000000,128500000,1.285
power_curve,,,25000000,15000000,2.0,,105000000,128500000,1.223809523809524
power_curve,,,25000000,15000000,2.0,,110000000,128500000,1.1681818181818182
power_curve,,,25000000,15000000,2.0,,115000000,128500000,1.117391304347826
power_curve,,,25000000,15000000,2.0,,120000000,128500000,1.0708333333333333
power_curve,,,25000000,15000000,2.0,,125000000,128500000,1.028
power_curve,,,25000000,15000000,2.0,,130000000,128500000,0.9884615384615385
power_curve,,,25000000,15000000,2.5,,100000000,121400000,1.214
power_curve,,,25000000,15000000,2.5,,105000000,121400000,1.1561904761904762
power_curve,,,25000000,15000000,2.5,,110000000,121400000,1.1036363636363635
power_curve,,,25000000,15000000,2.5,,115000000,121400000,1.0556521739130436
power_curve,,,25000000,15000000,2.5,,120000000,121400000,1.0116666666666667
power_curve,,,25000000,15000000,2.5,,125000000,121400000,0.9712
power_curve,,,25000000,15000000,2.5,,130000000,121400000,0.9338461538461539
power_curve,,,25000000,15000000,3.0,,100000000,115300000,1.153
power_curve,,,25000000,15000000,3.0,,105000000,115300000,1.098095238095238
power_curve,,,25000000,15000000,3.0,,110000000,115300000,1.048181818181818
power_curve,,,25000000,15000000,3.0,,115000000,115300000,1.0026086956521738
power_curve,,,25000000,15000000,3.0,,120000000,115300000,0.9608333333333333
power_curve,,,25000000,15000000,3.0,,125000000,115300000,0.9224
power_curve,,,25000000,15000000,3.0,,130000000,115300000,0.8869230769230769
power_curve,,,25000000,20000000,0.5,,100000000,171500000,1.715
power_curve,,,25000000,20000000,0.5,,105000000,171500000,1.6333333333333333
power_curve,,,25000000,20000000,0.5,,110000000,171500000,1.559090909090909
power_curve,,,25000000,20000000,0.5,,115000000,171500000,1.491304347826087
power_curve,,,25000000,20000000,0.5,,120000000,171500000,1.4291666666666667
power_curve,,,25000000,20000000,0.5,,125000000,171500000,1.372
power_curve,,,25000000,20000000,0.5,,130000000,171500000,1.3192307692307692
power_curve,,,25000000,20000000,1.0,,100000000,160100000,1.601
power_curve,,,25000000,20000000,1.0,,105000000,160100000,1.5247619047619048
power_curve,,,25000000,20000000,1.0,,110000000,160100000,1.4554545454545456
power_curve,,,25000000,20000000,1.0,,115000000,160100000,1.3921739130434783
power_curve,,,25000000,20000000,1.0,,120000000,160100000,1.3341666666666667
power_curve,,,25000000,20000000,1.0,,125000000,160100000,1.2808
power_curve,,,25000000,20000000,1.0,,130000000,160100000,1.2315384615384615
power_curve,,,25000000,20000000,1.5,,100000000,150000000,1.5
power_curve,,,25000000,20000000,1.5,,105000000,150000000,1.4285714285714286
power_curve,,,25000000,20000000,1.5,,110000000,150000000,1.3636363636363635
power_curve,,,25000000,20000000,1.5,,115000000,150000000,1.3043478260869565
power_curve,,,25000000,20000000,1.5,,120000000,150000000,1.25
power_curve,,,25000000,20000000,1.5,,125000000,150000000,1.2
power_curve,,,25000000,20000000,1.5,,130000000,150000000,1.1538461538461537
power_curve,,,25000000,20000000,2.0,,100000000,141400000,1.414
power_curve,,,25000000,20000000,2.0,,105000000,141400000,1.3466666666666667
power_curve,,,25000000,20000000,2.0,,110000000,141400000,1.2854545454545454
power_curve,,,25000000,20000000,2.0,,115000000,141400000,1.2295652173913043
power_curve,,,25000000,20000000,2.0,,120000000,141400000,1.1783333333333332
power_curve,,,25000000,20000000,2.0,,125000000,141400000,1.1312
power_curve,,,25000000,20000000,2.0,,130000000,141400000,1.0876923076923077
power_curve,,,25000000,20000000,2.5,,100000000,134100000,1.341
power_curve,,,25000000,20000000,2.5,,105000000,134100000,1.2771428571428571
power_curve,,,25000000,20000000,2.5,,110000000,134100000,1.219090909090909
power_curve,,,25000000,20000000,2.5,,115000000,134100000,1.166086956521739
power_curve,,,25000000,20000000,2.5,,120000000,134100000,1.1175
power_curve,,,25000000,20000000,2.5,,125000000,134100000,1.0728
power_curve,,,25000000,20000000,2.5,,130000000,134100000,1.0315384615384615
power_curve,,,25000000,20000000,3.0,,100000000,127700000,1.277
power_curve,,,25000000,20000000,3.0,,105000000,127700000,1.2161904761904763
power_curve,,,25000000,20000000,3.0,,110000000,127700000,1.160909090909091
power_curve,,,25000000,20000000,3.0,,115000000,127700000,1.1104347826086955
power_curve,,,25000000,20000000,3.0,,120000000,127700000,1.0641666666666667
power_curve,,,25000000,20000000,3.0,,125000000,127700000,1.0216
power_curve,,,25000000,20000000,3.0,,130000000,127700000,0.9823076923076923
power_curve,,,25000000,25000000,0.5,,100000000,186000000,1.86
power_curve,,,25000000,25000000,0.5,,105000000,186000000,1.7714285714285714
power_curve,,,25000000,25000000,0.5,,110000000,186000000,1.690909090909091
power_curve,,,25000000,25000000,0.5,,115000000,186000000,1.617391304347826
power_curve,,,25000000,25000000,0.5,,120000000,186000000,1.55
power_curve,,,25000000,25000000,0.5,,125000000,186000000,1.488
power_curve,,,25000000,25000000,0.5,,130000000,186000000,1.4307692307692308
power_curve,,,25000000,25000000,1.0,,100000000,174000000,1.74
power_curve,,,25000000,25000000,1.0,,105000000,174000000,1.6571428571428573
power_curve,,,25000000,25000000,1.0,,110000000,174000000,1.5818181818181818
power_curve,,,25000000,25000000,1.0,,115000000,174000000,1.5130434782608695
power_curve,,,25000000,25000000,1.0,,120000000,174000000,1.45
power_curve,,,25000000,25000000,1.0,,125000000,174000000,1.392
power_curve,,,25000000,25000000,1.0,,130000000,174000000,1.3384615384615384
power_curve,,,25000000,25000000,1.5,,100000000,163500000,1.635
power_curve,,,25000000,25000000,1.5,,105000000,163500000,1.5571428571428572
power_curve,,,25000000,25000000,1.5,,110000000,163500000,1.4863636363636363
power_curve,,,25000000,25000000,1.5,,115000000,163500000,1.4217391304347826
power_curve,,,25000000,25000000,1.5,,120000000,163500000,1.3625
power_curve,,,25000000,25000000,1.5,,125000000,163500000,1.308
power_curve,,,25000000,25000000,1.5,,130000000,163500000,1.2576923076923077
power_curve,,,25000000,25000000,2.0,,100000000,154400000,1.544
power_curve,,,25000000,25000000,2.0,,105000000,154400000,1.4704761904761905
power_curve,,,25000000,25000000,2.0,,110000000,154400000,1.4036363636363636
power_curve,,,25000000,25000000,2.0,,115000000,154400000,1.342608695652174
power_curve,,,25000000,25000000,2.0,,120000000,154400000,1.2866666666666666
power_curve,,,25000000,25000000,2.0,,125000000,154400000,1.2352
power_curve,,,25000000,25000000,2.0,,130000000,154400000,1.1876923076923076
power_curve,,,25000000,25000000,2.5,,100000000,146700000,1.467
power_curve,,,25000000,25000000,2.5,,105000000,146700000,1.3971428571428572
power_curve,,,25000000,25000000,2.5,,110000000,146700000,1.3336363636363637
power_curve,,,25000000,25000000,2.5,,115000000,146700000,1.2756521739130435
power_curve,,,25000000,25000000,2.5,,120000000,146700000,1.2225
power_curve,,,25000000,25000000,2.5,,125000000,146700000,1.1736
power_curve,,,25000000,25000000,2.5,,130000000,146700000,1.1284615384615384
power_curve,,,25000000,25000000,3.0,,100000000,139900000,1.399
power_curve,,,25000000,25000000,3.0,,105000000,139900000,1.3323809523809524
power_curve,,,25000000,25000000,3.0,,110000000,139900000,1.2718181818181817
power_curve,,,25000000,25000000,3.0,,115000000,139900000,1.2165217391304348
power_curve,,,25000000,25000000,3.0,,120000000,139900000,1.1658333333333333
power_curve,,,25000000,25000000,3.0,,125000000,139900000,1.1192
power_curve,,,25000000,25000000,3.0,,130000000,139900000,1.0761538461538462
power_curve,,,25000000,30000000,0.5,,100000000,200300000,2.003
power_curve,,,25000000,30000000,0.5,,105000000,200300000,1.9076190476190475
power_curve,,,25000000,30000000,0.5,,110000000,200300000,1.8209090909090908
power_curve,,,25000000,30000000,0.5,,115000000,200300000,1.7417391304347827
power_curve,,,25000000,30000000,0.5,,120000000,200300000,1.6691666666666667
power_curve,,,25000000,30000000,0.5,,125000000,200300000,1.6024
power_curve,,,25000000,30000000,0.5,,130000000,200300000,1.5407692307692307
power_curve,,,25000000,30000000,1.0,,100000000,187900000,1.879
power_curve,,,25000000,30000000,1.0,,105000000,187900000,1.7895238095238095
power_curve,,,25000000,30000000,1.0,,110000000,187900000,1.7081818181818182
power_curve,,,25000000,30000000,1.0,,115000000,187900000,1.633913043478261
power_curve,,,25000000,30000000,1.0,,120000000,187900000,1.5658333333333334
power_curve,,,25000000,30000000,1.0,,125000000,187900000,1.5032
power_curve,,,25000000,30000000,1.0,,130000000,187900000,1.4453846153846155
power_curve,,,25000000,30000000,1.5,,100000000,176900000,1.769
power_curve,,,25000000,30000000,1.5,,105000000,176900000,1.6847619047619047
power_curve,,,25000000,30000000,1.5,,110000000,176900000,1.6081818181818182
power_curve,,,25000000,30000000,1.5,,115000000,176900000,1.5382608695652173
power_curve,,,25000000,30000000,1.5,,120000000,176900000,1.4741666666666666
power_curve,,,25000000,30000000,1.5,,125000000,176900000,1.4152
power_curve,,,25000000,30000000,1.5,,130000000,176900000,1.3607692307692307
power_curve,,,25000000,30000000,2.0,,100000000,167400000,1.674
power_curve,,,25000000,30000000,2.0,,105000000,167400000,1.5942857142857143
power_curve,,,25000000,30000000,2.0,,110000000,167400000,1.5218181818181817
power_curve,,,25000000,30000000,2.0,,115000000,167400000,1.4556521739130435
power_curve,,,25000000,30000000,2.0,,120000000,167400000,1.395
power_curve,,,25000000,30000000,2.0,,125000000,167400000,1.3392
power_curve,,,25000000,30000000,2.0,,130000000,167400000,1.2876923076923077
power_curve,,,25000000,30000000,2.5,,100000000,159300000,1.593
power_curve,,,25000000,30000000,2.5,,105000000,159300000,1.5171428571428571
power_curve,,,25000000,30000000,2.5,,110000000,159300000,1.4481818181818182
power_curve,,,25000000,30000000,2.5,,115000000,159300000,1.3852173913043477
power_curve,,,25000000,30000000,2.5,,120000000,159300000,1.3275
power_curve,,,25000000,30000000,2.5,,125000000,159300000,1.2744
power_curve,,,25000000,30000000,2.5,,130000000,159300000,1.2253846153846153
power_curve,,,25000000,30000000,3.0,,100000000,152200000,1.522
power_curve,,,25000000,30000000,3.0,,105000000,152200000,1.4495238095238094
power_curve,,,25000000,30000000,3.0,,110000000,152200000,1.3836363636363636
power_curve,,,25000000,30000000,3.0,,115000000,152200000,1.3234782608695652
power_curve,,,25000000,30000000,3.0,,120000000,152200000,1.2683333333333333
power_curve,,,25000000,30000000,3.0,,125000000,152200000,1.2176
power_curve,,,25000000,30000000,3.0,,130000000,152200000,1.1707692307692308
power_curve,,,25000000,35000000,0.5,,100000000,214800000,2.148
power_curve,,,25000000,35000000,0.5,,105000000,214800000,2.045714285714286
power_curve,,,25000000,35000000,0.5,,110000000,214800000,1.9527272727272726
power_curve,,,25000000,35000000,0.5,,115000000,214800000,1.8678260869565217
power_curve,,,25000000,35000000,0.5,,120000000,214800000,1.79
power_curve,,,25000000,35000000,0.5,,125000000,214800000,1.7184
power_curve,,,25000000,35000000,0.5,,130000000,214800000,1.6523076923076923
power_curve,,,25000000,35000000,1.0,,100000000,201800000,2.018
power_curve,,,25000000,35000000,1.0,,105000000,201800000,1.921904761904762
power_curve,,,25000000,35000000,1.0,,110000000,201800000,1.8345454545454545
power_curve,,,25000000,35000000,1.0,,115000000,201800000,1.7547826086956522
power_curve,,,25000000,35000000,1.0,,120000000,201800000,1.6816666666666666
power_curve,,,25000000,35000000,1.0,,125000000,201800000,1.6144
power_curve,,,25000000,35000000,1.0,,130000000,201800000,1.5523076923076924
power_curve,,,25000000,35000000,1.5,,100000000,190300000,1.903
power_curve,,,25000000,35000000,1.5,,105000000,190300000,1.8123809523809524
power_curve,,,25000000,35000000,1.5,,110000000,190300000,1.73
power_curve,,,25000000,35000000,1.5,,115000000,190300000,1.654782608695652
power_curve,,,25000000,35000000,1.5,,120000000,190300000,1.5858333333333334
power_curve,,,25000000,35000000,1.5,,125000000,190300000,1.5224
power_curve,,,25000000,35000000,1.5,,130000000,190300000,1.4638461538461538
power_curve,,,25000000,35000000,2.0,,100000000,180400000,1.804
power_curve,,,25000000,35000000,2.0,,105000000,180400000,1.7180952380952381
power_curve,,,25000000,35000000,2.0,,110000000,180400000,1.64
power_curve,,,25000000,35000000,2.0,,115000000,180400000,1.568695652173913
power_curve,,,25000000,35000000,2.0,,120000000,180400000,1.5033333333333334
power_curve,,,25000000,35000000,2.0,,125000000,180400000,1.4432
power_curve,,,25000000,35000000,2.0,,130000000,180400000,1.3876923076923078
power_curve,,,25000000,35000000,2.5,,100000000,172000000,1.72
power_curve,,,25000000,35000000,2.5,,105000000,172000000,1.638095238095238
power_curve,,,25000000,35000000,2.5,,110000000,172000000,1.5636363636363637
power_curve,,,25000000,35000000,2.5,,115000000,172000000,1.4956521739130435
power_curve,,,25000000,35000000,2.5,,120000000,172000000,1.4333333333333333
power_curve,,,25000000,35000000,2.5,,125000000,172000000,1.376
power_curve,,,25000000,35000000,2.5,,130000000,172000000,1.323076923076923
power_curve,,,25000000,35000000,3.0,,100000000,164400000,1.644
power_curve,,,25000000,35000000,3.0,,105000000,164400000,1.5657142857142856
power_curve,,,25000000,35000000,3.0,,110000000,164400000,1.4945454545454546
power_curve,,,25000000,35000000,3.0,,115000000,164400000,1.4295652173913043
power_curve,,,25000000,35000000,3.0,,120000000,164400000,1.37
power_curve,,,25000000,35000000,3.0,,125000000,164400000,1.3152
power_curve,,,25000000,35000000,3.0,,130000000,164400000,1.2646153846153847
power_curve,,,25000000,40000000,0.5,,100000000,229300000,2.293
power_curve,,,25000000,40000000,0.5,,105000000,229300000,2.183809523809524
power_curve,,,25000000,40000000,0.5,,110000000,229300000,2.0845454545454545
power_curve,,,25000000,40000000,0.5,,115000000,229300000,1.9939130434782608
power_curve,,,25000000,40000000,0.5,,120000000,229300000,1.9108333333333334
power_curve,,,25000000,40000000,0.5,,125000000,229300000,1.8344
power_curve,,,25000000,40000000,0.5,,130000000,229300000,1.7638461538461538
power_curve,,,25000000,40000000,1.0,,100000000,215700000,2.157
power_curve,,,25000000,40000000,1.0,,105000000,215700000,2.0542857142857143
power_curve,,,25000000,40000000,1.0,,110000000,215700000,1.960909090909091
power_curve,,,25000000,40000000,1.0,,115000000,215700000,1.8756521739130434
power_curve,,,25000000,40000000,1.0,,120000000,215700000,1.7975
power_curve,,,25000000,40000000,1.0,,125000000,215700000,1.7256
power_curve,,,25000000,40000000,1.0,,130000000,215700000,1.6592307692307693
power_curve,,,25000000,40000000,1.5,,100000000,203800000,2.038
power_curve,,,25000000,40000000,1.5,,105000000,203800000,1.940952380952381
power_curve,,,25000000,40000000,1.5,,110000000,203800000,1.8527272727272728
power_curve,,,25000000,40000000,1.5,,115000000,203800000,1.7721739130434782
power_curve,,,25000000,40000000,1.5,,120000000,203800000,1.6983333333333333
power_curve,,,25000000,40000000,1.5,,125000000,203800000,1.6304
power_curve,,,25000000,40000000,1.5,,130000000,203800000,1.5676923076923077
power_curve,,,25000000,40000000,2.0,,100000000,193400000,1.934
power_curve,,,25000000,40000000,2.0,,105000000,193400000,1.841904761904762
power_curve,,,25000000,40000000,2.0,,110000000,193400000,1.7581818181818183
power_curve,,,25000000,40000000,2.0,,115000000,193400000,1.6817391304347826
power_curve,,,25000000,40000000,2.0,,120000000,193400000,1.6116666666666666
power_curve,,,25000000,40000000,2.0,,125000000,193400000,1.5472
power_curve,,,25000000,40000000,2.0,,130000000,193400000,1.4876923076923076
power_curve,,,25000000,40000000,2.5,,100000000,184600000,1.846
power_curve,,,25000000,40000000,2.5,,105000000,184600000,1.7580952380952382
power_curve,,,25000000,40000000,2.5,,110000000,184600000,1.6781818181818182
power_curve,,,25000000,40000000,2.5,,115000000,184600000,1.605217391304348
power_curve,,,25000000,40000000,2.5,,120000000,184600000,1.5383333333333333
power_curve,,,25000000,40000000,2.5,,125000000,184600000,1.4768
power_curve,,,25000000,40000000,2.5,,130000000,184600000,1.42
power_curve,,,25000000,40000000,3.0,,100000000,176700000,1.767
power_curve,,,25000000,40000000,3.0,,105000000,176700000,1.6828571428571428
power_curve,,,25000000,40000000,3.0,,110000000,176700000,1.6063636363636364
power_curve,,,25000000,40000000,3.0,,115000000,176700000,1.5365217391304349
power_curve,,,25000000,40000000,3.0,,120000000,176700000,1.4725
power_curve,,,25000000,40000000,3.0,,125000000,176700000,1.4136
power_curve,,,25000000,40000000,3.0,,130000000,176700000,1.3592307692307692
power_curve,,,25000000,45000000,0.5,,100000000,243600000,2.436
power_curve,,,25000000,45000000,0.5,,105000000,243600000,2.32
power_curve,,,25000000,45000000,0.5,,110000000,243600000,2.2145454545454544
power_curve,,,25000000,45000000,0.5,,115000000,243600000,2.1182608695652174
power_curve,,,25000000,45000000,0.5,,120000000,243600000,2.03
power_curve,,,25000000,45000000,0.5,,125000000,243600000,1.9488
power_curve,,,25000000,45000000,0.5,,130000000,243600000,1.873846153846154
power_curve,,,25000000,45000000,1.0,,100000000,229600000,2.296
power_curve,,,25000000,45000000,1.0,,105000000,229600000,2.1866666666666665
power_curve,,,25000000,45000000,1.0,,110000000,229600000,2.0872727272727274
power_curve,,,25000000,45000000,1.0,,115000000,229600000,1.9965217391304348
power_curve,,,25000000,45000000,1.0,,120000000,229600000,1.9133333333333333
power_curve,,,25000000,45000000,1.0,,125000000,229600000,1.8368
power_curve,,,25000000,45000000,1.0,,130000000,229600000,1.7661538461538462
power_curve,,,25000000,45000000,1.5,,100000000,217200000,2.172
power_curve,,,25000000,45000000,1.5,,105000000,217200000,2.0685714285714285
power_curve,,,25000000,45000000,1.5,,110000000,217200000,1.9745454545454546
power_curve,,,25000000,45000000,1.5,,115000000,217200000,1.888695652173913
power_curve,,,25000000,45000000,1.5,,120000000,217200000,1.81
power_curve,,,25000000,45000000,1.5,,125000000,217200000,1.7376
power_curve,,,25000000,45000000,1.5,,130000000,217200000,1.6707692307692308
power_curve,,,25000000,45000000,2.0,,100000000,206400000,2.064
power_curve,,,25000000,45000000,2.0,,105000000,206400000,1.9657142857142857
power_curve,,,25000000,45000000,2.0,,110000000,206400000,1.8763636363636365
power_curve,,,25000000,45000000,2.0,,115000000,206400000,1.7947826086956522
power_curve,,,25000000,45000000,2.0,,120000000,206400000,1.72
power_curve,,,25000000,45000000,2.0,,125000000,206400000,1.6512
power_curve,,,25000000,45000000,2.0,,130000000,206400000,1.5876923076923077
power_curve,,,25000000,45000000,2.5,,100000000,197300000,1.973
power_curve,,,25000000,45000000,2.5,,105000000,197300000,1.879047619047619
power_curve,,,25000000,45000000,2.5,,110000000,197300000,1.7936363636363637
power_curve,,,25000000,45000000,2.5,,115000000,197300000,1.7156521739130435
power_curve,,,25000000,45000000,2.5,,120000000,197300000,1.6441666666666668
power_curve,,,25000000,45000000,2.5,,125000000,197300000,1.5784
power_curve,,,25000000,45000000,2.5,,130000000,197300000,1.5176923076923077
power_curve,,,25000000,45000000,3.0,,100000000,189000000,1.89
power_curve,,,25000000,45000000,3.0,,105000000,189000000,1.8
power_curve,,,25000000,45000000,3.0,,110000000,189000000,1.7181818181818183
power_curve,,,25000000,45000000,3.0,,115000000,189000000,1.6434782608695653
power_curve,,,25000000,45000000,3.0,,120000000,189000000,1.575
power_curve,,,25000000,45000000,3.0,,125000000,189000000,1.512
power_curve,,,25000000,45000000,3.0,,130000000,189000000,1.4538461538461538
power_curve,,,25000000,50000000,0.5,,100000000,258100000,2.581
power_curve,,,25000000,50000000,0.5,,105000000,258100000,2.458095238095238
power_curve,,,25000000,50000000,0.5,,110000000,258100000,2.346363636363636
power_curve,,,25000000,50000000,0.5,,115000000,258100000,2.2443478260869565
power_curve,,,25000000,50000000,0.5,,120000000,258100000,2.1508333333333334
power_curve,,,25000000,50000000,0.5,,125000000,258100000,2.0648
power_curve,,,25000000,50000000,0.5,,130000000,258100000,1.9853846153846153
power_curve,,,25000000,50000000,1.0,,100000000,243400000,2.434
power_curve,,,25000000,50000000,1.0,,105000000,243400000,2.318095238095238
power_curve,,,25000000,50000000,1.0,,110000000,243400000,2.212727272727273
power_curve,,,25000000,50000000,1.0,,115000000,243400000,2.1165217391304347
power_curve,,,25000000,50000000,1.0,,120000000,243400000,2.0283333333333333
power_curve,,,25000000,50000000,1.0,,125000000,243400000,1.9472
power_curve,,,25000000,50000000,1.0,,130000000,243400000,1.8723076923076922
power_curve,,,25000000,50000000,1.5,,100000000,230700000,2.307
power_curve,,,25000000,50000000,1.5,,105000000,230700000,2.197142857142857
power_curve,,,25000000,50000000,1.5,,110000000,230700000,2.097272727272727
power_curve,,,25000000,50000000,1.5,,115000000,230700000,2.006086956521739
power_curve,,,25000000,50000000,1.5,,120000000,230700000,1.9225
power_curve,,,25000000,50000000,1.5,,125000000,230700000,1.8456
power_curve,,,25000000,50000000,1.5,,130000000,230700000,1.7746153846153847
power_curve,,,25000000,50000000,2.0,,100000000,219400000,2.194
power_curve,,,25000000,50000000,2.0,,105000000,219400000,2.0895238095238096
power_curve,,,25000000,50000000,2.0,,110000000,219400000,1.9945454545454546
power_curve,,,25000000,50000000,2.0,,115000000,219400000,1.9078260869565218
power_curve,,,25000000,50000000,2.0,,120000000,219400000,1.8283333333333334
power_curve,,,25000000,50000000,2.0,,125000000,219400000,1.7552
power_curve,,,25000000,50000000,2.0,,130000000,219400000,1.6876923076923076
power_curve,,,25000000,50000000,2.5,,100000000,209800000,2.098
power_curve,,,25000000,50000000,2.5,,105000000,209800000,1.9980952380952381
power_curve,,,25000000,50000000,2.5,,110000000,209800000,1.9072727272727272
power_curve,,,25000000,50000000,2.5,,115000000,209800000,1.8243478260869566
power_curve,,,25000000,50000000,2.5,,120000000,209800000,1.7483333333333333
power_curve,,,25000000,50000000,2.5,,125000000,209800000,1.6784
power_curve,,,25000000,50000000,2.5,,130000000,209800000,1.613846153846154
power_curve,,,25000000,50000000,3.0,,100000000,201300000,2.013
power_curve,,,25000000,50000000,3.0,,105000000,201300000,1.917142857142857
power_curve,,,25000000,50000000,3.0,,110000000,201300000,1.83
power_curve,,,25000000,50000000,3.0,,115000000,201300000,1.7504347826086957
power_curve,,,25000000,50000000,3.0,,120000000,201300000,1.6775
power_curve,,,25000000,50000000,3.0,,125000000,201300000,1.6104
power_curve,,,25000000,50000000,3.0,,130000000,201300000,1.5484615384615386
power_curve,,,26000000,15000000,0.5,,100000000,161500000,1.615
power_curve,,,26000000,15000000,0.5,,105000000,161500000,1.5380952380952382
power_curve,,,26000000,15000000,0.5,,110000000,161500000,1.4681818181818183
power_curve,,,26000000,15000000,0.5,,115000000,161500000,1.4043478260869566
power_curve,,,26000000,15000000,0.5,,120000000,161500000,1.3458333333333334
power_curve,,,26000000,15000000,0.5,,125000000,161500000,1.292
power_curve,,,26000000,15000000,0.5,,130000000,161500000,1.2423076923076923
power_curve,,,26000000,15000000,1.0,,100000000,150200000,1.502
power_curve,,,26000000,15000000,1.0,,105000000,150200000,1.4304761904761905
power_curve,,,26000000,15000000,1.0,,110000000,150200000,1.3654545454545455
power_curve,,,26000000,15000000,1.0,,115000000,150200000,1.3060869565217392
power_curve,,,26000000,15000000,1.0,,120000000,150200000,1.2516666666666667
power_curve,,,26000000,15000000,1.0,,125000000,150200000,1.2016
power_curve,,,26000000,15000000,1.0,,130000000,150200000,1.1553846153846155
power_curve,,,26000000,15000000,1.5,,100000000,140500000,1.405
power_curve,,,26000000,15000000,1.5,,105000000,140500000,1.338095238095238
power_curve,,,26000000,15000000,1.5,,110000000,140500000,1.2772727272727273
power_curve,,,26000000,15000000,1.5,,115000000,140500000,1.2217391304347827
power_curve,,,26000000,15000000,1.5,,120000000,140500000,1.1708333333333334
power_curve,,,26000000,15000000,1.5,,125000000,140500000,1.124
power_curve,,,26000000,15000000,1.5,,130000000,140500000,1.0807692307692307
power_curve,,,26000000,15000000,2.0,,100000000,132000000,1.32
power_curve,,,26000000,15000000,2.0,,105000000,132000000,1.2571428571428571
power_curve,,,26000000,15000000,2.0,,110000000,132000000,1.2
power_curve,,,26000000,15000000,2.0,,115000000,132000000,1.1478260869565218
power_curve,,,26000000,15000000,2.0,,120000000,132000000,1.1
power_curve,,,26000000,15000000,2.0,,125000000,132000000,1.056
power_curve,,,26000000,15000000,2.0,,130000000,132000000,1.0153846153846153
power_curve,,,26000000,15000000,2.5,,100000000,124600000,1.246
power_curve,,,26000000,15000000,2.5,,105000000,124600000,1.1866666666666668
power_curve,,,26000000,15000000,2.5,,110000000,124600000,1.1327272727272728
power_curve,,,26000000,15000000,2.5,,115000000,124600000,1.0834782608695652
power_curve,,,26000000,15000000,2.5,,120000000,124600000,1.0383333333333333
power_curve,,,26000000,15000000,2.5,,125000000,124600000,0.9968
power_curve,,,26000000,15000000,2.5,,130000000,124600000,0.9584615384615385
power_curve,,,26000000,15000000,3.0,,100000000,118100000,1.181
power_curve,,,26000000,15000000,3.0,,105000000,118100000,1.1247619047619049
power_curve,,,26000000,15000000,3.0,,110000000,118100000,1.0736363636363637
power_curve,,,26000000,15000000,3.0,,115000000,118100000,1.0269565217391305
power_curve,,,26000000,15000000,3.0,,120000000,118100000,0.9841666666666666
power_curve,,,26000000,15000000,3.0,,125000000,118100000,0.9448
power_curve,,,26000000,15000000,3.0,,130000000,118100000,0.9084615384615384
power_curve,,,26000000,20000000,0.5,,100000000,175900000,1.759
power_curve,,,26000000,20000000,0.5,,105000000,175900000,1.6752380952380952
power_curve,,,26000000,20000000,0.5,,110000000,175900000,1.5990909090909091
power_curve,,,26000000,20000000,0.5,,115000000,175900000,1.5295652173913044
power_curve,,,26000000,20000000,0.5,,120000000,175900000,1.4658333333333333
power_curve,,,26000000,20000000,0.5,,125000000,175900000,1.4072
power_curve,,,26000000,20000000,0.5,,130000000,175900000,1.353076923076923
power_curve,,,26000000,20000000,1.0,,100000000,164100000,1.641
power_curve,,,26000000,20000000,1.0,,105000000,164100000,1.562857142857143
power_curve,,,26000000,20000000,1.0,,110000000,164100000,1.4918181818181817
power_curve,,,26000000,20000000,1.0,,115000000,164100000,1.4269565217391305
power_curve,,,26000000,20000000,1.0,,120000000,164100000,1.3675
power_curve,,,26000000,20000000,1.0,,125000000,164100000,1.3128
power_curve,,,26000000,20000000,1.0,,130000000,164100000,1.2623076923076924
power_curve,,,26000000,20000000,1.5,,100000000,153800000,1.538
power_curve,,,26000000,20000000,1.5,,105000000,153800000,1.4647619047619047
power_curve,,,26000000,20000000,1.5,,110000000,153800000,1.3981818181818182
power_curve,,,26000000,20000000,1.5,,115000000,153800000,1.337391304347826
power_curve,,,26000000,20000000,1.5,,120000000,153800000,1.2816666666666667
power_curve,,,26000000,20000000,1.5,,125000000,153800000,1.2304
power_curve,,,26000000,20000000,1.5,,130000000,153800000,1.1830769230769231
power_curve,,,26000000,20000000,2.0,,100000000,144900000,1.449
power_curve,,,26000000,20000000,2.0,,105000000,144900000,1.38
power_curve,,,26000000,20000000,2.0,,110000000,144900000,1.3172727272727274
power_curve,,,26000000,20000000,2.0,,115000000,144900000,1.26
power_curve,,,26000000,20000000,2.0,,120000000,144900000,1.2075
power_curve,,,26000000,20000000,2.0,,125000000,144900000,1.1592
power_curve,,,26000000,20000000,2.0,,130000000,144900000,1.1146153846153846
power_curve,,,26000000,20000000,2.5,,100000000,137300000,1.373
power_curve,,,26000000,20000000,2.5,,105000000,137300000,1.3076190476190477
power_curve,,,26000000,20000000,2.5,,110000000,137300000,1.2481818181818183
power_curve,,,26000000,20000000,2.5,,115000000,137300000,1.1939130434782608
power_curve,,,26000000,20000000,2.5,,120000000,137300000,1.1441666666666668
power_curve,,,26000000,20000000,2.5,,125000000,137300000,1.0984
power_curve,,,26000000,20000000,2.5,,130000000,137300000,1.0561538461538462
power_curve,,,26000000,20000000,3.0,,100000000,130500000,1.305
power_curve,,,26000000,20000000,3.0,,105000000,130500000,1.2428571428571429
power_curve,,,26000000,20000000,3.0,,110000000,130500000,1.1863636363636363
power_curve,,,26000000,20000000,3.0,,115000000,130500000,1.1347826086956523
power_curve,,,26000000,20000000,3.0,,120000000,130500000,1.0875
power_curve,,,26000000,20000000,3.0,,125000000,130500000,1.044
power_curve,,,26000000,20000000,3.0,,130000000,130500000,1.0038461538461538
power_curve,,,26000000,25000000,0.5,,100000000,190400000,1.904
power_curve,,,26000000,25000000,0.5,,105000000,190400000,1.8133333333333332
power_curve,,,26000000,25000000,0.5,,110000000,190400000,1.730909090909091
power_curve,,,26000000,25000000,0.5,,115000000,190400000,1.6556521739130434
power_curve,,,26000000,25000000,0.5,,120000000,190400000,1.5866666666666667
power_curve,,,26000000,25000000,0.5,,125000000,190400000,1.5232
power_curve,,,26000000,25000000,0.5,,130000000,190400000,1.4646153846153847
power_curve,,,26000000,25000000,1.0,,100000000,178000000,1.78
power_curve,,,26000000,25000000,1.0,,105000000,178000000,1.6952380952380952
power_curve,,,26000000,25000000,1.0,,110000000,178000000,1.6181818181818182
power_curve,,,26000000,25000000,1.0,,115000000,178000000,1.5478260869565217
power_curve,,,26000000,25000000,1.0,,120000000,178000000,1.4833333333333334
power_curve,,,26000000,25000000,1.0,,125000000,178000000,1.424
power_curve,,,26000000,25000000,1.0,,130000000,178000000,1.3692307692307693
power_curve,,,26000000,25000000,1.5,,100000000,167300000,1.673
power_curve,,,26000000,25000000,1.5,,105000000,167300000,1.5933333333333333
power_curve,,,26000000,25000000,1.5,,110000000,167300000,1.520909090909091
power_curve,,,26000000,25000000,1.5,,115000000,167300000,1.4547826086956521
power_curve,,,26000000,25000000,1.5,,120000000,167300000,1.3941666666666668
power_curve,,,26000000,25000000,1.5,,125000000,167300000,1.3384
power_curve,,,26000000,25000000,1.5,,130000000,167300000,1.2869230769230768
power_curve,,,26000000,25000000,2.0,,100000000,157900000,1.579
power_curve,,,26000000,25000000,2.0,,105000000,157900000,1.5038095238095237
power_curve,,,26000000,25000000,2.0,,110000000,157900000,1.4354545454545455
power_curve,,,26000000,25000000,2.0,,115000000,157900000,1.3730434782608696
power_curve,,,26000000,25000000,2.0,,120000000,157900000,1.3158333333333334
power_curve,,,26000000,25000000,2.0,,125000000,157900000,1.2632
power_curve,,,26000000,25000000,2.0,,130000000,157900000,1.2146153846153847
power_curve,,,26000000,25000000,2.5,,100000000,149900000,1.499
power_curve,,,26000000,25000000,2.5,,105000000,149900000,1.4276190476190476
power_curve,,,26000000,25000000,2.5,,110000000,149900000,1.3627272727272728
power_curve,,,26000000,25000000,2.5,,115000000,149900000,1.3034782608695652
power_curve,,,26000000,25000000,2.5,,120000000,149900000,1.2491666666666668
power_curve,,,26000000,25000000,2.5,,125000000,149900000,1.1992
power_curve,,,26000000,25000000,2.5,,130000000,149900000,1.153076923076923
power_curve,,,26000000,25000000,3.0,,100000000,142700000,1.427
power_curve,,,26000000,25000000,3.0,,105000000,142700000,1.359047619047619
power_curve,,,26000000,25000000,3.0,,110000000,142700000,1.2972727272727274
power_curve,,,26000000,25000000,3.0,,115000000,142700000,1.2408695652173913
power_curve,,,26000000,25000000,3.0,,120000000,142700000,1.1891666666666667
power_curve,,,26000000,25000000,3.0,,125000000,142700000,1.1416
power_curve,,,26000000,25000000,3.0,,130000000,142700000,1.0976923076923077
power_curve,,,26000000,30000000,0.5,,100000000,204700000,2.047
power_curve,,,26000000,30000000,0.5,,105000000,204700000,1.9495238095238094
power_curve,,,26000000,30000000,0.5,,110000000,204700000,1.8609090909090908
power_curve,,,26000000,30000000,0.5,,115000000,204700000,1.78
power_curve,,,26000000,30000000,0.5,,120000000,204700000,1.7058333333333333
power_curve,,,26000000,30000000,0.5,,125000000,204700000,1.6376
power_curve,,,26000000,30000000,0.5,,130000000,204700000,1.5746153846153845
power_curve,,,26000000,30000000,1.0,,100000000,191900000,1.919
power_curve,,,26000000,30000000,1.0,,105000000,191900000,1.8276190476190477
power_curve,,,26000000,30000000,1.0,,110000000,191900000,1.7445454545454546
power_curve,,,26000000,30000000,1.0,,115000000,191900000,1.6686956521739131
power_curve,,,26000000,30000000,1.0,,120000000,191900000,1.5991666666666666
power_curve,,,26000000,30000000,1.0,,125000000,191900000,1.5352
power_curve,,,26000000,30000000,1.0,,130000000,191900000,1.4761538461538461
power_curve,,,26000000,30000000,1.5,,100000000,180700000,1.807
power_curve,,,26000000,30000000,1.5,,105000000,180700000,1.720952380952381
power_curve,,,26000000,30000000,1.5,,110000000,180700000,1.6427272727272728
power_curve,,,26000000,30000000,1.5,,115000000,180700000,1.5713043478260869
power_curve,,,26000000,30000000,1.5,,120000000,180700000,1.5058333333333334
power_curve,,,26000000,30000000,1.5,,125000000,180700000,1.4456
power_curve,,,26000000,30000000,1.5,,130000000,180700000,1.39
power_curve,,,26000000,30000000,2.0,,100000000,170900000,1.709
power_curve,,,26000000,30000000,2.0,,105000000,170900000,1.6276190476190475
power_curve,,,26000000,30000000,2.0,,110000000,170900000,1.5536363636363637
power_curve,,,26000000,30000000,2.0,,115000000,170900000,1.4860869565217392
power_curve,,,26000000,30000000,2.0,,120000000,170900000,1.4241666666666666
power_curve,,,26000000,30000000,2.0,,125000000,170900000,1.3672
power_curve,,,26000000,30000000,2.0,,130000000,170900000,1.3146153846153845
power_curve,,,26000000,30000000,2.5,,100000000,162500000,1.625
power_curve,,,26000000,30000000,2.5,,105000000,162500000,1.5476190476190477
power_curve,,,26000000,30000000,2.5,,110000000,162500000,1.4772727272727273
power_curve,,,26000000,30000000,2.5,,115000000,162500000,1.4130434782608696
power_curve,,,26000000,30000000,2.5,,120000000,162500000,1.3541666666666667
power_curve,,,26000000,30000000,2.5,,125000000,162500000,1.3
power_curve,,,26000000,30000000,2.5,,130000000,162500000,1.25
power_curve,,,26000000,30000000,3.0,,100000000,155000000,1.55
power_curve,,,26000000,30000000,3.0,,105000000,155000000,1.4761904761904763
power_curve,,,26000000,30000000,3.0,,110000000,155000000,1.4090909090909092
power_curve,,,26000000,30000000,3.0,,115000000,155000000,1.3478260869565217
power_curve,,,26000000,30000000,3.0,,120000000,155000000,1.2916666666666667
power_curve,,,26000000,30000000,3.0,,125000000,155000000,1.24
power_curve,,,26000000,30000000,3.0,,130000000,155000000,1.1923076923076923
power_curve,,,26000000,35000000,0.5,,100000000,219200000,2.192
power_curve,,,26000000,35000000,0.5,,105000000,219200000,2.0876190476190475
power_curve,,,26000000,35000000,0.5,,110000000,219200000,1.9927272727272727
power_curve,,,26000000,35000000,0.5,,115000000,219200000,1.906086956521739
power_curve,,,26000000,35000000,0.5,,120000000,219200000,1.8266666666666667
power_curve,,,26000000,35000000,0.5,,125000000,219200000,1.7536
power_curve,,,26000000,35000000,0.5,,130000000,219200000,1.6861538461538461
power_curve,,,26000000,35000000,1.0,,100000000,205800000,2.058
power_curve,,,26000000,35000000,1.0,,105000000,205800000,1.96
power_curve,,,26000000,35000000,1.0,,110000000,205800000,1.8709090909090909
power_curve,,,26000000,35000000,1.0,,115000000,205800000,1.7895652173913044
power_curve,,,26000000,35000000,1.0,,120000000,205800000,1.715
power_curve,,,26000000,35000000,1.0,,125000000,205800000,1.6464
power_curve,,,26000000,35000000,1.0,,130000000,205800000,1.583076923076923
power_curve,,,26000000,35000000,1.5,,100000000,194100000,1.941
power_curve,,,26000000,35000000,1.5,,105000000,194100000,1.8485714285714285
power_curve,,,26000000,35000000,1.5,,110000000,194100000,1.7645454545454546
power_curve,,,26000000,35000000,1.5,,115000000,194100000,1.6878260869565218
power_curve,,,26000000,35000000,1.5,,120000000,194100000,1.6175
power_curve,,,26000000,35000000,1.5,,125000000,194100000,1.5528
power_curve,,,26000000,35000000,1.5,,130000000,194100000,1.493076923076923
power_curve,,,26000000,35000000,2.0,,100000000,183900000,1.839
power_curve,,,26000000,35000000,2.0,,105000000,183900000,1.7514285714285713
power_curve,,,26000000,35000000,2.0,,110000000,183900000,1.6718181818181819
power_curve,,,26000000,35000000,2.0,,115000000,183900000,1.5991304347826087
power_curve,,,26000000,35000000,2.0,,120000000,183900000,1.5325
power_curve,,,26000000,35000000,2.0,,125000000,183900000,1.4712
power_curve,,,26000000,35000000,2.0,,130000000,183900000,1.4146153846153846
power_curve,,,26000000,35000000,2.5,,100000000,175200000,1.752
power_curve,,,26000000,35000000,2.5,,105000000,175200000,1.6685714285714286
power_curve,,,26000000,35000000,2.5,,110000000,175200000,1.5927272727272728
power_curve,,,26000000,35000000,2.5,,115000000,175200000,1.5234782608695652
power_curve,,,26000000,35000000,2.5,,120000000,175200000,1.46
power_curve,,,26000000,35000000,2.5,,125000000,175200000,1.4016
power_curve,,,26000000,35000000,2.5,,130000000,175200000,1.3476923076923077
power_curve,,,26000000,35000000,3.0,,100000000,167200000,1.672
power_curve,,,26000000,35000000,3.0,,105000000,167200000,1.5923809523809525
power_curve,,,26000000,35000000,3.0,,110000000,167200000,1.52
power_curve,,,26000000,35000000,3.0,,115000000,167200000,1.4539130434782608
power_curve,,,26000000,35000000,3.0,,120000000,167200000,1.3933333333333333
power_curve,,,26000000,35000000,3.0,,125000000,167200000,1.3376
power_curve,,,26000000,35000000,3.0,,130000000,167200000,1.2861538461538462
power_curve,,,26000000,40000000,0.5,,100000000,233700000,2.337
power_curve,,,26000000,40000000,0.5,,105000000,233700000,2.2257142857142855
power_curve,,,26000000,40000000,0.5,,110000000,233700000,2.1245454545454545
power_curve,,,26000000,40000000,0.5,,115000000,233700000,2.0321739130434784
power_curve,,,26000000,40000000,0.5,,120000000,233700000,1.9475
power_curve,,,26000000,40000000,0.5,,125000000,233700000,1.8696
power_curve,,,26000000,40000000,0.5,,130000000,233700000,1.7976923076923077
power_curve,,,26000000,40000000,1.0,,100000000,219700000,2.197
power_curve,,,26000000,40000000,1.0,,105000000,219700000,2.0923809523809522
power_curve,,,26000000,40000000,1.0,,110000000,219700000,1.9972727272727273
power_curve,,,26000000,40000000,1.0,,115000000,219700000,1.9104347826086956
power_curve,,,26000000,40000000,1.0,,120000000,219700000,1.8308333333333333
power_curve,,,26000000,40000000,1.0,,125000000,219700000,1.7576
power_curve,,,26000000,40000000,1.0,,130000000,219700000,1.69
power_curve,,,26000000,40000000,1.5,,100000000,207600000,2.076
power_curve,,,26000000,40000000,1.5,,105000000,207600000,1.977142857142857
power_curve,,,26000000,40000000,1.5,,110000000,207600000,1.8872727272727272
power_curve,,,26000000,40000000,1.5,,115000000,207600000,1.8052173913043479
power_curve,,,26000000,40000000,1.5,,120000000,207600000,1.73
power_curve,,,26000000,40000000,1.5,,125000000,207600000,1.6608
power_curve,,,26000000,40000000,1.5,,130000000,207600000,1.596923076923077
power_curve,,,26000000,40000000,2.0,,100000000,196900000,1.969
power_curve,,,26000000,40000000,2.0,,105000000,196900000,1.8752380952380951
power_curve,,,26000000,40000000,2.0,,110000000,196900000,1.79
power_curve,,,26000000,40000000,2.0,,115000000,196900000,1.7121739130434783
power_curve,,,26000000,40000000,2.0,,120000000,196900000,1.6408333333333334
power_curve,,,26000000,40000000,2.0,,125000000,196900000,1.5752
power_curve,,,26000000,40000000,2.0,,130000000,196900000,1.5146153846153847
power_curve,,,26000000,40000000,2.5,,100000000,187800000,1.878
power_curve,,,26000000,40000000,2.5,,105000000,187800000,1.7885714285714285
power_curve,,,26000000,40000000,2.5,,110000000,187800000,1.7072727272727273
power_curve,,,26000000,40000000,2.5,,115000000,187800000,1.6330434782608696
power_curve,,,26000000,40000000,2.5,,120000000,187800000,1.565
power_curve,,,26000000,40000000,2.5,,125000000,187800000,1.5024
power_curve,,,26000000,40000000,2.5,,130000000,187800000,1.4446153846153846
power_curve,,,26000000,40000000,3.0,,100000000,179500000,1.795
power_curve,,,26000000,40000000,3.0,,105000000,179500000,1.7095238095238094
power_curve,,,26000000,40000000,3.0,,110000000,179500000,1.6318181818181818
power_curve,,,26000000,40000000,3.0,,115000000,179500000,1.5608695652173914
power_curve,,,26000000,40000000,3.0,,120000000,179500000,1.4958333333333333
power_curve,,,26000000,40000000,3.0,,125000000,179500000,1.436
power_curve,,,26000000,40000000,3.0,,130000000,179500000,1.3807692307692307
power_curve,,,26000000,45000000,0.5,,100000000,248000000,2.48
power_curve,,,26000000,45000000,0.5,,105000000,248000000,2.361904761904762
power_curve,,,26000000,45000000,0.5,,110000000,248000000,2.2545454545454544
power_curve,,,26000000,45000000,0.5,,115000000,248000000,2.1565217391304348
power_curve,,,26000000,45000000,0.5,,120000000,248000000,2.066666666666667
power_curve,,,26000000,45000000,0.5,,125000000,248000000,1.984
power_curve,,,26000000,45000000,0.5,,130000000,248000000,1.9076923076923078
power_curve,,,26000000,45000000,1.0,,100000000,233600000,2.336
power_curve,,,26000000,45000000,1.0,,105000000,233600000,2.224761904761905
power_curve,,,26000000,45000000,1.0,,110000000,233600000,2.1236363636363635
power_curve,,,26000000,45000000,1.0,,115000000,233600000,2.031304347826087
power_curve,,,26000000,45000000,1.0,,120000000,233600000,1.9466666666666668
power_curve,,,26000000,45000000,1.0,,125000000,233600000,1.8688
power_curve,,,26000000,45000000,1.0,,130000000,233600000,1.7969230769230768
power_curve,,,26000000,45000000,1.5,,100000000,221000000,2.21
power_curve,,,26000000,45000000,1.5,,105000000,221000000,2.104761904761905
power_curve,,,26000000,45000000,1.5,,110000000,221000000,2.0090909090909093
power_curve,,,26000000,45000000,1.5,,115000000,221000000,1.9217391304347826
power_curve,,,26000000,45000000,1.5,,120000000,221000000,1.8416666666666666
power_curve,,,26000000,45000000,1.5,,125000000,221000000,1.768
power_curve,,,26000000,45000000,1.5,,130000000,221000000,1.7
power_curve,,,26000000,45000000,2.0,,100000000,209900000,2.099
power_curve,,,26000000,45000000,2.0,,105000000,209900000,1.999047619047619
power_curve,,,26000000,45000000,2.0,,110000000,209900000,1.9081818181818182
power_curve,,,26000000,45000000,2.0,,115000000,209900000,1.825217391304348
power_curve,,,26000000,45000000,2.0,,120000000,209900000,1.7491666666666668
power_curve,,,26000000,45000000,2.0,,125000000,209900000,1.6792
power_curve,,,26000000,45000000,2.0,,130000000,209900000,1.6146153846153846
power_curve,,,26000000,45000000,2.5,,100000000,200500000,2.005
power_curve,,,26000000,45000000,2.5,,105000000,200500000,1.9095238095238096
power_curve,,,26000000,45000000,2.5,,110000000,200500000,1.8227272727272728
power_curve,,,26000000,45000000,2.5,,115000000,200500000,1.7434782608695651
power_curve,,,26000000,45000000,2.5,,120000000,200500000,1.6708333333333334
power_curve,,,26000000,45000000,2.5,,125000000,200500000,1.604
power_curve,,,26000000,45000000,2.5,,130000000,200500000,1.5423076923076924
power_curve,,,26000000,45000000,3.0,,100000000,191800000,1.918
power_curve,,,26000000,45000000,3.0,,105000000,191800000,1.8266666666666667
power_curve,,,26000000,45000000,3.0,,110000000,191800000,1.7436363636363637
power_curve,,,26000000,45000000,3.0,,115000000,191800000,1.6678260869565218
power_curve,,,26000000,45000000,3.0,,120000000,191800000,1.5983333333333334
power_curve,,,26000000,45000000,3.0,,125000000,191800000,1.5344
power_curve,,,26000000,45000000,3.0,,130000000,191800000,1.4753846153846153
power_curve,,,26000000,50000000,0.5,,100000000,262500000,2.625
power_curve,,,26000000,50000000,0.5,,105000000,262500000,2.5
power_curve,,,26000000,50000000,0.5,,110000000,262500000,2.3863636363636362
power_curve,,,26000000,50000000,0.5,,115000000,262500000,2.282608695652174
power_curve,,,26000000,50000000,0.5,,120000000,262500000,2.1875
power_curve,,,26000000,50000000,0.5,,125000000,262500000,2.1
power_curve,,,26000000,50000000,0.5,,130000000,262500000,2.019230769230769
power_curve,,,26000000,50000000,1.0,,100000000,247400000,2.474
power_curve,,,26000000,50000000,1.0,,105000000,247400000,2.356190476190476
power_curve,,,26000000,50000000,1.0,,110000000,247400000,2.249090909090909
power_curve,,,26000000,50000000,1.0,,115000000,247400000,2.151304347826087
power_curve,,,26000000,50000000,1.0,,120000000,247400000,2.0616666666666665
power_curve,,,26000000,50000000,1.0,,125000000,247400000,1.9792
power_curve,,,26000000,50000000,1.0,,130000000,247400000,1.903076923076923
power_curve,,,26000000,50000000,1.5,,100000000,234500000,2.345
power_curve,,,26000000,50000000,1.5,,105000000,234500000,2.2333333333333334
power_curve,,,26000000,50000000,1.5,,110000000,234500000,2.131818181818182
power_curve,,,26000000,50000000,1.5,,115000000,234500000,2.0391304347826087
power_curve,,,26000000,50000000,1.5,,120000000,234500000,1.9541666666666666
power_curve,,,26000000,50000000,1.5,,125000000,234500000,1.876
power_curve,,,26000000,50000000,1.5,,130000000,234500000,1.8038461538461539
power_curve,,,26000000,50000000,2.0,,100000000,222900000,2.229
power_curve,,,26000000,50000000,2.0,,105000000,222900000,2.1228571428571428
power_curve,,,26000000,50000000,2.0,,110000000,222900000,2.0263636363636364
power_curve,,,26000000,50000000,2.0,,115000000,222900000,1.9382608695652175
power_curve,,,26000000,50000000,2.0,,120000000,222900000,1.8575
power_curve,,,26000000,50000000,2.0,,125000000,222900000,1.7832
power_curve,,,26000000,50000000,2.0,,130000000,222900000,1.7146153846153847
power_curve,,,26000000,50000000,2.5,,100000000,213000000,2.13
power_curve,,,26000000,50000000,2.5,,105000000,213000000,2.0285714285714285
power_curve,,,26000000,50000000,2.5,,110000000,213000000,1.9363636363636363
power_curve,,,26000000,50000000,2.5,,115000000,213000000,1.8521739130434782
power_curve,,,26000000,50000000,2.5,,120000000,213000000,1.775
power_curve,,,26000000,50000000,2.5,,125000000,213000000,1.704
power_curve,,,26000000,50000000,2.5,,130000000,213000000,1.6384615384615384
power_curve,,,26000000,50000000,3.0,,100000000,204100000,2.041
power_curve,,,26000000,50000000,3.0,,105000000,204100000,1.9438095238095239
power_curve,,,26000000,50000000,3.0,,110000000,204100000,1.8554545454545455
power_curve,,,26000000,50000000,3.0,,115000000,204100000,1.7747826086956522
power_curve,,,26000000,50000000,3.0,,120000000,204100000,1.7008333333333334
power_curve,,,26000000,50000000,3.0,,125000000,204100000,1.6328
power_curve,,,26000000,50000000,3.0,,130000000,204100000,1.57
power_curve,,,27000000,15000000,0.5,,100000000,166100000,1.661
power_curve,,,27000000,15000000,0.5,,105000000,166100000,1.581904761904762
power_curve,,,27000000,15000000,0.5,,110000000,166100000,1.51
power_curve,,,27000000,15000000,0.5,,115000000,166100000,1.4443478260869564
power_curve,,,27000000,15000000,0.5,,120000000,166100000,1.3841666666666668
power_curve,,,27000000,15000000,0.5,,125000000,166100000,1.3288
power_curve,,,27000000,15000000,0.5,,130000000,166100000,1.2776923076923077
power_curve,,,27000000,15000000,1.0,,100000000,154300000,1.543
power_curve,,,27000000,15000000,1.0,,105000000,154300000,1.4695238095238095
power_curve,,,27000000,15000000,1.0,,110000000,154300000,1.4027272727272728
power_curve,,,27000000,15000000,1.0,,115000000,154300000,1.3417391304347825
power_curve,,,27000000,15000000,1.0,,120000000,154300000,1.2858333333333334
power_curve,,,27000000,15000000,1.0,,125000000,154300000,1.2344
power_curve,,,27000000,15000000,1.0,,130000000,154300000,1.186923076923077
power_curve,,,27000000,15000000,1.5,,100000000,144100000,1.441
power_curve,,,27000000,15000000,1.5,,105000000,144100000,1.3723809523809525
power_curve,,,27000000,15000000,1.5,,110000000,144100000,1.31
power_curve,,,27000000,15000000,1.5,,115000000,144100000,1.2530434782608695
power_curve,,,27000000,15000000,1.5,,120000000,144100000,1.2008333333333334
power_curve,,,27000000,15000000,1.5,,125000000,144100000,1.1528
power_curve,,,27000000,15000000,1.5,,130000000,144100000,1.1084615384615384
power_curve,,,27000000,15000000,2.0,,100000000,135300000,1.353
power_curve,,,27000000,15000000,2.0,,105000000,135300000,1.2885714285714285
power_curve,,,27000000,15000000,2.0,,110000000,135300000,1.23
power_curve,,,27000000,15000000,2.0,,115000000,135300000,1.1765217391304348
power_curve,,,27000000,15000000,2.0,,120000000,135300000,1.1275
power_curve,,,27000000,15000000,2.0,,125000000,135300000,1.0824
power_curve,,,27000000,15000000,2.0,,130000000,135300000,1.0407692307692307
power_curve,,,27000000,15000000,2.5,,100000000,127700000,1.277
power_curve,,,27000000,15000000,2.5,,105000000,127700000,1.2161904761904763
power_curve,,,27000000,15000000,2.5,,110000000,127700000,1.160909090909091
power_curve,,,27000000,15000000,2.5,,115000000,127700000,1.1104347826086955
power_curve,,,27000000,15000000,2.5,,120000000,127700000,1.0641666666666667
power_curve,,,27000000,15000000,2.5,,125000000,127700000,1.0216
power_curve,,,27000000,15000000,2.5,,130000000,127700000,0.9823076923076923
power_curve,,,27000000,15000000,3.0,,100000000,121000000,1.21
power_curve,,,27000000,15000000,3.0,,105000000,121000000,1.1523809523809523
power_curve,,,27000000,15000000,3.0,,110000000,121000000,1.1
power_curve,,,27000000,15000000,3.0,,115000000,121000000,1.0521739130434782
power_curve,,,27000000,15000000,3.0,,120000000,121000000,1.0083333333333333
power_curve,,,27000000,15000000,3.0,,125000000,121000000,0.968
power_curve,,,27000000,15000000,3.0,,130000000,121000000,0.9307692307692308
power_curve,,,27000000,20000000,0.5,,100000000,180500000,1.805
power_curve,,,27000000,20000000,0.5,,105000000,180500000,1.7190476190476192
power_curve,,,27000000,20000000,0.5,,110000000,180500000,1.6409090909090909
power_curve,,,27000000,20000000,0.5,,115000000,180500000,1.5695652173913044
power_curve,,,27000000,20000000,0.5,,120000000,180500000,1.5041666666666667
power_curve,,,27000000,20000000,0.5,,125000000,180500000,1.444
power_curve,,,27000000,20000000,0.5,,130000000,180500000,1.3884615384615384
power_curve,,,27000000,20000000,1.0,,100000000,168200000,1.682
power_curve,,,27000000,20000000,1.0,,105000000,168200000,1.601904761904762
power_curve,,,27000000,20000000,1.0,,110000000,168200000,1.529090909090909
power_curve,,,27000000,20000000,1.0,,115000000,168200000,1.462608695652174
power_curve,,,27000000,20000000,1.0,,120000000,168200000,1.4016666666666666
power_curve,,,27000000,20000000,1.0,,125000000,168200000,1.3456
power_curve,,,27000000,20000000,1.0,,130000000,168200000,1.2938461538461539
power_curve,,,27000000,20000000,1.5,,100000000,157400000,1.574
power_curve,,,27000000,20000000,1.5,,105000000,157400000,1.499047619047619
power_curve,,,27000000,20000000,1.5,,110000000,157400000,1.430909090909091
power_curve,,,27000000,20000000,1.5,,115000000,157400000,1.368695652173913
power_curve,,,27000000,20000000,1.5,,120000000,157400000,1.3116666666666668
power_curve,,,27000000,20000000,1.5,,125000000,157400000,1.2592
power_curve,,,27000000,20000000,1.5,,130000000,157400000,1.2107692307692308
power_curve,,,27000000,20000000,2.0,,100000000,148200000,1.482
power_curve,,,27000000,20000000,2.0,,105000000,148200000,1.4114285714285715
power_curve,,,27000000,20000000,2.0,,110000000,148200000,1.3472727272727272
power_curve,,,27000000,20000000,2.0,,115000000,148200000,1.288695652173913
power_curve,,,27000000,20000000,2.0,,120000000,148200000,1.235
power_curve,,,27000000,20000000,2.0,,125000000,148200000,1.1856
power_curve,,,27000000,20000000,2.0,,130000000,148200000,1.14
power_curve,,,27000000,20000000,2.5,,100000000,140400000,1.404
power_curve,,,27000000,20000000,2.5,,105000000,140400000,1.3371428571428572
power_curve,,,27000000,20000000,2.5,,110000000,140400000,1.2763636363636364
power_curve,,,27000000,20000000,2.5,,115000000,140400000,1.2208695652173913
power_curve,,,27000000,20000000,2.5,,120000000,140400000,1.17
power_curve,,,27000000,20000000,2.5,,125000000,140400000,1.1232
power_curve,,,27000000,20000000,2.5,,130000000,140400000,1.08
power_curve,,,27000000,20000000,3.0,,100000000,133400000,1.334
power_curve,,,27000000,20000000,3.0,,105000000,133400000,1.2704761904761905
power_curve,,,27000000,20000000,3.0,,110000000,133400000,1.2127272727272727
power_curve,,,27000000,20000000,3.0,,115000000,133400000,1.16
power_curve,,,27000000,20000000,3.0,,120000000,133400000,1.1116666666666666
power_curve,,,27000000,20000000,3.0,,125000000,133400000,1.0672
power_curve,,,27000000,20000000,3.0,,130000000,133400000,1.0261538461538462
power_curve,,,27000000,25000000,0.5,,100000000,195000000,1.95
power_curve,,,27000000,25000000,0.5,,105000000,195000000,1.8571428571428572
power_curve,,,27000000,25000000,0.5,,110000000,195000000,1.7727272727272727
power_curve,,,27000000,25000000,0.5,,115000000,195000000,1.6956521739130435
power_curve,,,27000000,25000000,0.5,,120000000,195000000,1.625
power_curve,,,27000000,25000000,0.5,,125000000,195000000,1.56
power_curve,,,27000000,25000000,0.5,,130000000,195000000,1.5
power_curve,,,27000000,25000000,1.0,,100000000,182100000,1.821
power_curve,,,27000000,25000000,1.0,,105000000,182100000,1.7342857142857142
power_curve,,,27000000,25000000,1.0,,110000000,182100000,1.6554545454545455
power_curve,,,27000000,25000000,1.0,,115000000,182100000,1.5834782608695652
power_curve,,,27000000,25000000,1.0,,120000000,182100000,1.5175
power_curve,,,27000000,25000000,1.0,,125000000,182100000,1.4568
power_curve,,,27000000,25000000,1.0,,130000000,182100000,1.4007692307692308
power_curve,,,27000000,25000000,1.5,,100000000,170900000,1.709
power_curve,,,27000000,25000000,1.5,,105000000,170900000,1.6276190476190475
power_curve,,,27000000,25000000,1.5,,110000000,170900000,1.5536363636363637
power_curve,,,27000000,25000000,1.5,,115000000,170900000,1.4860869565217392
power_curve,,,27000000,25000000,1.5,,120000000,170900000,1.4241666666666666
power_curve,,,27000000,25000000,1.5,,125000000,170900000,1.3672
power_curve,,,27000000,25000000,1.5,,130000000,170900000,1.3146153846153845
power_curve,,,27000000,25000000,2.0,,100000000,161200000,1.612
power_curve,,,27000000,25000000,2.0,,105000000,161200000,1.5352380952380953
power_curve,,,27000000,25000000,2.0,,110000000,161200000,1.4654545454545456
power_curve,,,27000000,25000000,2.0,,115000000,161200000,1.4017391304347826
power_curve,,,27000000,25000000,2.0,,120000000,161200000,1.3433333333333333
power_curve,,,27000000,25000000,2.0,,125000000,161200000,1.2896
power_curve,,,27000000,25000000,2.0,,130000000,161200000,1.24
power_curve,,,27000000,25000000,2.5,,100000000,153000000,1.53
power_curve,,,27000000,25000000,2.5,,105000000,153000000,1.457142857142857
power_curve,,,27000000,25000000,2.5,,110000000,153000000,1.3909090909090909
power_curve,,,27000000,25000000,2.5,,115000000,153000000,1.3304347826086957
power_curve,,,27000000,25000000,2.5,,120000000,153000000,1.275
power_curve,,,27000000,25000000,2.5,,125000000,153000000,1.224
power_curve,,,27000000,25000000,2.5,,130000000,153000000,1.176923076923077
power_curve,,,27000000,25000000,3.0,,100000000,145600000,1.456
power_curve,,,27000000,25000000,3.0,,105000000,145600000,1.3866666666666667
power_curve,,,27000000,25000000,3.0,,110000000,145600000,1.3236363636363637
power_curve,,,27000000,25000000,3.0,,115000000,145600000,1.2660869565217392
power_curve,,,27000000,25000000,3.0,,120000000,145600000,1.2133333333333334
power_curve,,,27000000,25000000,3.0,,125000000,145600000,1.1648
power_curve,,,27000000,25000000,3.0,,130000000,145600000,1.12
power_curve,,,27000000,30000000,0.5,,100000000,209300000,2.093
power_curve,,,27000000,30000000,0.5,,105000000,209300000,1.9933333333333334
power_curve,,,27000000,30000000,0.5,,110000000,209300000,1.9027272727272728
power_curve,,,27000000,30000000,0.5,,115000000,209300000,1.82
power_curve,,,27000000,30000000,0.5,,120000000,209300000,1.7441666666666666
power_curve,,,27000000,30000000,0.5,,125000000,209300000,1.6744
power_curve,,,27000000,30000000,0.5,,130000000,209300000,1.61
power_curve,,,27000000,30000000,1.0,,100000000,196000000,1.96
power_curve,,,27000000,30000000,1.0,,105000000,196000000,1.8666666666666667
power_curve,,,27000000,30000000,1.0,,110000000,196000000,1.7818181818181817
power_curve,,,27000000,30000000,1.0,,115000000,196000000,1.7043478260869565
power_curve,,,27000000,30000000,1.0,,120000000,196000000,1.6333333333333333
power_curve,,,27000000,30000000,1.0,,125000000,196000000,1.568
power_curve,,,27000000,30000000,1.0,,130000000,196000000,1.5076923076923077
power_curve,,,27000000,30000000,1.5,,100000000,184300000,1.843
power_curve,,,27000000,30000000,1.5,,105000000,184300000,1.7552380952380953
power_curve,,,27000000,30000000,1.5,,110000000,184300000,1.6754545454545455
power_curve,,,27000000,30000000,1.5,,115000000,184300000,1.602608695652174
power_curve,,,27000000,30000000,1.5,,120000000,184300000,1.5358333333333334
power_curve,,,27000000,30000000,1.5,,125000000,184300000,1.4744
power_curve,,,27000000,30000000,1.5,,130000000,184300000,1.4176923076923076
power_curve,,,27000000,30000000,2.0,,100000000,174200000,1.742
power_curve,,,27000000,30000000,2.0,,105000000,174200000,1.659047619047619
power_curve,,,27000000,30000000,2.0,,110000000,174200000,1.5836363636363637
power_curve,,,27000000,30000000,2.0,,115000000,174200000,1.5147826086956522
power_curve,,,27000000,30000000,2.0,,120000000,174200000,1.4516666666666667
power_curve,,,27000000,30000000,2.0,,125000000,174200000,1.3936
power_curve,,,27000000,30000000,2.0,,130000000,174200000,1.34
power_curve,,,27000000,30000000,2.5,,100000000,165600000,1.656
power_curve,,,27000000,30000000,2.5,,105000000,165600000,1.5771428571428572
power_curve,,,27000000,30000000,2.5,,110000000,165600000,1.5054545454545454
power_curve,,,27000000,30000000,2.5,,115000000,165600000,1.44
power_curve,,,27000000,30000000,2.5,,120000000,165600000,1.38
power_curve,,,27000000,30000000,2.5,,125000000,165600000,1.3248
power_curve,,,27000000,30000000,2.5,,130000000,165600000,1.2738461538461539
power_curve,,,27000000,30000000,3.0,,100000000,157900000,1.579
power_curve,,,27000000,30000000,3.0,,105000000,157900000,1.5038095238095237
power_curve,,,27000000,30000000,3.0,,110000000,157900000,1.4354545454545455
power_curve,,,27000000,30000000,3.0,,115000000,157900000,1.3730434782608696
power_curve,,,27000000,30000000,3.0,,120000000,157900000,1.3158333333333334
power_curve,,,27000000,30000000,3.0,,125000000,157900000,1.2632
power_curve,,,27000000,30000000,3.0,,130000000,157900000,1.2146153846153847
power_curve,,,27000000,35000000,0.5,,100000000,223800000,2.238
power_curve,,,27000000,35000000,0.5,,105000000,223800000,2.1314285714285712
power_curve,,,27000000,35000000,0.5,,110000000,223800000,2.0345454545454547
power_curve,,,27000000,35000000,0.5,,115000000,223800000,1.9460869565217391
power_curve,,,27000000,35000000,0.5,,120000000,223800000,1.865
power_curve,,,27000000,35000000,0.5,,125000000,223800000,1.7904
power_curve,,,27000000,35000000,0.5,,130000000,223800000,1.7215384615384615
power_curve,,,27000000,35000000,1.0,,100000000,209900000,2.099
power_curve,,,27000000,35000000,1.0,,105000000,209900000,1.999047619047619
power_curve,,,27000000,35000000,1.0,,110000000,209900000,1.9081818181818182
power_curve,,,27000000,35000000,1.0,,115000000,209900000,1.825217391304348
power_curve,,,27000000,35000000,1.0,,120000000,209900000,1.7491666666666668
power_curve,,,27000000,35000000,1.0,,125000000,209900000,1.6792
power_curve,,,27000000,35000000,1.0,,130000000,209900000,1.6146153846153846
power_curve,,,27000000,35000000,1.5,,100000000,197700000,1.977
power_curve,,,27000000,35000000,1.5,,105000000,197700000,1.8828571428571428
power_curve,,,27000000,35000000,1.5,,110000000,197700000,1.7972727272727274
power_curve,,,27000000,35000000,1.5,,115000000,197700000,1.7191304347826086
power_curve,,,27000000,35000000,1.5,,120000000,197700000,1.6475
power_curve,,,27000000,35000000,1.5,,125000000,197700000,1.5816
power_curve,,,27000000,35000000,1.5,,130000000,197700000,1.5207692307692309
power_curve,,,27000000,35000000,2.0,,100000000,187200000,1.872
power_curve,,,27000000,35000000,2.0,,105000000,187200000,1.782857142857143
power_curve,,,27000000,35000000,2.0,,110000000,187200000,1.701818181818182
power_curve,,,27000000,35000000,2.0,,115000000,187200000,1.6278260869565218
power_curve,,,27000000,35000000,2.0,,120000000,187200000,1.56
power_curve,,,27000000,35000000,2.0,,125000000,187200000,1.4976
power_curve,,,27000000,35000000,2.0,,130000000,187200000,1.44
power_curve,,,27000000,35000000,2.5,,100000000,178300000,1.783
power_curve,,,27000000,35000000,2.5,,105000000,178300000,1.698095238095238
power_curve,,,27000000,35000000,2.5,,110000000,178300000,1.6209090909090909
power_curve,,,27000000,35000000,2.5,,115000000,178300000,1.5504347826086957
power_curve,,,27000000,35000000,2.5,,120000000,178300000,1.4858333333333333
power_curve,,,27000000,35000000,2.5,,125000000,178300000,1.4264
power_curve,,,27000000,35000000,2.5,,130000000,178300000,1.3715384615384616
power_curve,,,27000000,35000000,3.0,,100000000,170100000,1.701
power_curve,,,27000000,35000000,3.0,,105000000,170100000,1.62
power_curve,,,27000000,35000000,3.0,,110000000,170100000,1.5463636363636364
power_curve,,,27000000,35000000,3.0,,115000000,170100000,1.4791304347826086
power_curve,,,27000000,35000000,3.0,,120000000,170100000,1.4175
power_curve,,,27000000,35000000,3.0,,125000000,170100000,1.3608
power_curve,,,27000000,35000000,3.0,,130000000,170100000,1.3084615384615386
power_curve,,,27000000,40000000,0.5,,100000000,238300000,2.383
power_curve,,,27000000,40000000,0.5,,105000000,238300000,2.2695238095238097
power_curve,,,27000000,40000000,0.5,,110000000,238300000,2.1663636363636365
power_curve,,,27000000,40000000,0.5,,115000000,238300000,2.0721739130434784
power_curve,,,27000000,40000000,0.5,,120000000,238300000,1.9858333333333333
power_curve,,,27000000,40000000,0.5,,125000000,238300000,1.9064
power_curve,,,27000000,40000000,0.5,,130000000,238300000,1.833076923076923
power_curve,,,27000000,40000000,1.0,,100000000,223800000,2.238
power_curve,,,27000000,40000000,1.0,,105000000,223800000,2.1314285714285712
power_curve,,,27000000,40000000,1.0,,110000000,223800000,2.0345454545454547
power_curve,,,27000000,40000000,1.0,,115000000,223800000,1.9460869565217391
power_curve,,,27000000,40000000,1.0,,120000000,223800000,1.865
power_curve,,,27000000,40000000,1.0,,125000000,223800000,1.7904
power_curve,,,27000000,40000000,1.0,,130000000,223800000,1.7215384615384615
power_curve,,,27000000,40000000,1.5,,100000000,211200000,2.112
power_curve,,,27000000,40000000,1.5,,105000000,211200000,2.0114285714285716
power_curve,,,27000000,40000000,1.5,,110000000,211200000,1.92
power_curve,,,27000000,40000000,1.5,,115000000,211200000,1.8365217391304347
power_curve,,,27000000,40000000,1.5,,120000000,211200000,1.76
power_curve,,,27000000,40000000,1.5,,125000000,211200000,1.6896
power_curve,,,27000000,40000000,1.5,,130000000,211200000,1.6246153846153846
power_curve,,,27000000,40000000,2.0,,100000000,200200000,2.002
power_curve,,,27000000,40000000,2.0,,105000000,200200000,1.9066666666666667
power_curve,,,27000000,40000000,2.0,,110000000,200200000,1.82
power_curve,,,27000000,40000000,2.0,,115000000,200200000,1.7408695652173913
power_curve,,,27000000,40000000,2.0,,120000000,200200000,1.6683333333333332
power_curve,,,27000000,40000000,2.0,,125000000,200200000,1.6016
power_curve,,,27000000,40000000,2.0,,130000000,200200000,1.54
power_curve,,,27000000,40000000,2.5,,100000000,190900000,1.909
power_curve,,,27000000,40000000,2.5,,105000000,190900000,1.818095238095238
power_curve,,,27000000,40000000,2.5,,110000000,190900000,1.7354545454545454
power_curve,,,27000000,40000000,2.5,,115000000,190900000,1.66
power_curve,,,27000000,40000000,2.5,,120000000,190900000,1.5908333333333333
power_curve,,,27000000,40000000,2.5,,125000000,190900000,1.5272
power_curve,,,27000000,40000000,2.5,,130000000,190900000,1.4684615384615385
power_curve,,,27000000,40000000,3.0,,100000000,182400000,1.824
power_curve,,,27000000,40000000,3.0,,105000000,182400000,1.737142857142857
power_curve,,,27000000,40000000,3.0,,110000000,182400000,1.6581818181818182
power_curve,,,27000000,40000000,3.0,,115000000,182400000,1.586086956521739
power_curve,,,27000000,40000000,3.0,,120000000,182400000,1.52
power_curve,,,27000000,40000000,3.0,,125000000,182400000,1.4592
power_curve,,,27000000,40000000,3.0,,130000000,182400000,1.403076923076923
power_curve,,,27000000,45000000,0.5,,100000000,252600000,2.526
power_curve,,,27000000,45000000,0.5,,105000000,252600000,2.4057142857142857
power_curve,,,27000000,45000000,0.5,,110000000,252600000,2.2963636363636364
power_curve,,,27000000,45000000,0.5,,115000000,252600000,2.196521739130435
power_curve,,,27000000,45000000,0.5,,120000000,252600000,2.105
power_curve,,,27000000,45000000,0.5,,125000000,252600000,2.0208
power_curve,,,27000000,45000000,0.5,,130000000,252600000,1.9430769230769231
power_curve,,,27000000,45000000,1.0,,100000000,237700000,2.377
power_curve,,,27000000,45000000,1.0,,105000000,237700000,2.263809523809524
power_curve,,,27000000,45000000,1.0,,110000000,237700000,2.160909090909091
power_curve,,,27000000,45000000,1.0,,115000000,237700000,2.0669565217391304
power_curve,,,27000000,45000000,1.0,,120000000,237700000,1.9808333333333332
power_curve,,,27000000,45000000,1.0,,125000000,237700000,1.9016
power_curve,,,27000000,45000000,1.0,,130000000,237700000,1.8284615384615384
power_curve,,,27000000,45000000,1.5,,100000000,224600000,2.246
power_curve,,,27000000,45000000,1.5,,105000000,224600000,2.139047619047619
power_curve,,,27000000,45000000,1.5,,110000000,224600000,2.041818181818182
power_curve,,,27000000,45000000,1.5,,115000000,224600000,1.9530434782608697
power_curve,,,27000000,45000000,1.5,,120000000,224600000,1.8716666666666666
power_curve,,,27000000,45000000,1.5,,125000000,224600000,1.7968
power_curve,,,27000000,45000000,1.5,,130000000,224600000,1.7276923076923076
power_curve,,,27000000,45000000,2.0,,100000000,213200000,2.132
power_curve,,,27000000,45000000,2.0,,105000000,213200000,2.0304761904761905
power_curve,,,27000000,45000000,2.0,,110000000,213200000,1.9381818181818182
power_curve,,,27000000,45000000,2.0,,115000000,213200000,1.853913043478261
power_curve,,,27000000,45000000,2.0,,120000000,213200000,1.7766666666666666
power_curve,,,27000000,45000000,2.0,,125000000,213200000,1.7056
power_curve,,,27000000,45000000,2.0,,130000000,213200000,1.64
power_curve,,,27000000,45000000,2.5,,100000000,203600000,2.036
power_curve,,,27000000,45000000,2.5,,105000000,203600000,1.9390476190476191
power_curve,,,27000000,45000000,2.5,,110000000,203600000,1.8509090909090908
power_curve,,,27000000,45000000,2.5,,115000000,203600000,1.7704347826086957
power_curve,,,27000000,45000000,2.5,,120000000,203600000,1.6966666666666668
power_curve,,,27000000,45000000,2.5,,125000000,203600000,1.6288
power_curve,,,27000000,45000000,2.5,,130000000,203600000,1.5661538461538462
power_curve,,,27000000,45000000,3.0,,100000000,194700000,1.947
power_curve,,,27000000,45000000,3.0,,105000000,194700000,1.8542857142857143
power_curve,,,27000000,45000000,3.0,,110000000,194700000,1.77
power_curve,,,27000000,45000000,3.0,,115000000,194700000,1.6930434782608696
power_curve,,,27000000,45000000,3.0,,120000000,194700000,1.6225
power_curve,,,27000000,45000000,3.0,,125000000,194700000,1.5576
power_curve,,,27000000,45000000,3.0,,130000000,194700000,1.4976923076923077
power_curve,,,27000000,50000000,0.5,,100000000,267100000,2.671
power_curve,,,27000000,50000000,0.5,,105000000,267100000,2.5438095238095237
power_curve,,,27000000,50000000,0.5,,110000000,267100000,2.428181818181818
power_curve,,,27000000,50000000,0.5,,115000000,267100000,2.322608695652174
power_curve,,,27000000,50000000,0.5,,120000000,267100000,2.2258333333333336
power_curve,,,27000000,50000000,0.5,,125000000,267100000,2.1368
power_curve,,,27000000,50000000,0.5,,130000000,267100000,2.0546153846153845
power_curve,,,27000000,50000000,1.0,,100000000,251500000,2.515
power_curve,,,27000000,50000000,1.0,,105000000,251500000,2.395238095238095
power_curve,,,27000000,50000000,1.0,,110000000,251500000,2.286363636363636
power_curve,,,27000000,50000000,1.0,,115000000,251500000,2.1869565217391305
power_curve,,,27000000,50000000,1.0,,120000000,251500000,2.095833333333333
power_curve,,,27000000,50000000,1.0,,125000000,251500000,2.012
power_curve,,,27000000,50000000,1.0,,130000000,251500000,1.9346153846153846
power_curve,,,27000000,50000000,1.5,,100000000,238100000,2.381
power_curve,,,27000000,50000000,1.5,,105000000,238100000,2.2676190476190476
power_curve,,,27000000,50000000,1.5,,110000000,238100000,2.1645454545454546
power_curve,,,27000000,50000000,1.5,,115000000,238100000,2.0704347826086957
power_curve,,,27000000,50000000,1.5,,120000000,238100000,1.9841666666666666
power_curve,,,27000000,50000000,1.5,,125000000,238100000,1.9048
power_curve,,,27000000,50000000,1.5,,130000000,238100000,1.8315384615384616
power_curve,,,27000000,50000000,2.0,,100000000,226200000,2.262
power_curve,,,27000000,50000000,2.0,,105000000,226200000,2.1542857142857144
power_curve,,,27000000,50000000,2.0,,110000000,226200000,2.056363636363636
power_curve,,,27000000,50000000,2.0,,115000000,226200000,1.9669565217391305
power_curve,,,27000000,50000000,2.0,,120000000,226200000,1.885
power_curve,,,27000000,50000000,2.0,,125000000,226200000,1.8096
power_curve,,,27000000,50000000,2.0,,130000000,226200000,1.74
power_curve,,,27000000,50000000,2.5,,100000000,216100000,2.161
power_curve,,,27000000,50000000,2.5,,105000000,216100000,2.058095238095238
power_curve,,,27000000,50000000,2.5,,110000000,216100000,1.9645454545454546
power_curve,,,27000000,50000000,2.5,,115000000,216100000,1.8791304347826088
power_curve,,,27000000,50000000,2.5,,120000000,216100000,1.8008333333333333
power_curve,,,27000000,50000000,2.5,,125000000,216100000,1.7288
power_curve,,,27000000,50000000,2.5,,130000000,216100000,1.6623076923076923
power_curve,,,27000000,50000000,3.0,,100000000,207000000,2.07
power_curve,,,27000000,50000000,3.0,,105000000,207000000,1.9714285714285715
power_curve,,,27000000,50000000,3.0,,110000000,207000000,1.8818181818181818
power_curve,,,27000000,50000000,3.0,,115000000,207000000,1.8
power_curve,,,27000000,50000000,3.0,,120000000,207000000,1.725
power_curve,,,27000000,50000000,3.0,,125000000,207000000,1.656
power_curve,,,27000000,50000000,3.0,,130000000,207000000,1.5923076923076922
power_curve,,,28000000,15000000,0.5,,100000000,170600000,1.706
power_curve,,,28000000,15000000,0.5,,105000000,170600000,1.6247619047619049
power_curve,,,28000000,15000000,0.5,,110000000,170600000,1.550909090909091
power_curve,,,28000000,15000000,0.5,,115000000,170600000,1.4834782608695651
power_curve,,,28000000,15000000,0.5,,120000000,170600000,1.4216666666666666
power_curve,,,28000000,15000000,0.5,,125000000,170600000,1.3648
power_curve,,,28000000,15000000,0.5,,130000000,170600000,1.3123076923076924
power_curve,,,28000000,15000000,1.0,,100000000,158300000,1.583
power_curve,,,28000000,15000000,1.0,,105000000,158300000,1.5076190476190476
power_curve,,,28000000,15000000,1.0,,110000000,158300000,1.4390909090909092
power_curve,,,28000000,15000000,1.0,,115000000,158300000,1.3765217391304347
power_curve,,,28000000,15000000,1.0,,120000000,158300000,1.3191666666666666
power_curve,,,28000000,15000000,1.0,,125000000,158300000,1.2664
power_curve,,,28000000,15000000,1.0,,130000000,158300000,1.2176923076923076
power_curve,,,28000000,15000000,1.5,,100000000,147900000,1.479
power_curve,,,28000000,15000000,1.5,,105000000,147900000,1.4085714285714286
power_curve,,,28000000,15000000,1.5,,110000000,147900000,1.3445454545454545
power_curve,,,28000000,15000000,1.5,,115000000,147900000,1.2860869565217392
power_curve,,,28000000,15000000,1.5,,120000000,147900000,1.2325
power_curve,,,28000000,15000000,1.5,,125000000,147900000,1.1832
power_curve,,,28000000,15000000,1.5,,130000000,147900000,1.1376923076923078
power_curve,,,28000000,15000000,2.0,,100000000,138900000,1.389
power_curve,,,28000000,15000000,2.0,,105000000,138900000,1.322857142857143
power_curve,,,28000000,15000000,2.0,,110000000,138900000,1.2627272727272727
power_curve,,,28000000,15000000,2.0,,115000000,138900000,1.2078260869565218
power_curve,,,28000000,15000000,2.0,,120000000,138900000,1.1575
power_curve,,,28000000,15000000,2.0,,125000000,138900000,1.1112
power_curve,,,28000000,15000000,2.0,,130000000,138900000,1.0684615384615384
power_curve,,,28000000,15000000,2.5,,100000000,130800000,1.308
power_curve,,,28000000,15000000,2.5,,105000000,130800000,1.2457142857142858
power_curve,,,28000000,15000000,2.5,,110000000,130800000,1.1890909090909092
power_curve,,,28000000,15000000,2.5,,115000000,130800000,1.137391304347826
power_curve,,,28000000,15000000,2.5,,120000000,130800000,1.09
power_curve,,,28000000,15000000,2.5,,125000000,130800000,1.0464
power_curve,,,28000000,15000000,2.5,,130000000,130800000,1.0061538461538462
power_curve,,,28000000,15000000,3.0,,100000000,124000000,1.24
power_curve,,,28000000,15000000,3.0,,105000000,124000000,1.180952380952381
power_curve,,,28000000,15000000,3.0,,110000000,124000000,1.1272727272727272
power_curve,,,28000000,15000000,3.0,,115000000,124000000,1.0782608695652174
power_curve,,,28000000,15000000,3.0,,120000000,124000000,1.0333333333333334
power_curve,,,28000000,15000000,3.0,,125000000,124000000,0.992
power_curve,,,28000000,15000000,3.0,,130000000,124000000,0.9538461538461539
power_curve,,,28000000,20000000,0.5,,100000000,185000000,1.85
power_curve,,,28000000,20000000,0.5,,105000000,185000000,1.7619047619047619
power_curve,,,28000000,20000000,0.5,,110000000,185000000,1.6818181818181819
power_curve,,,28000000,20000000,0.5,,115000000,185000000,1.608695652173913
power_curve,,,28000000,20000000,0.5,,120000000,185000000,1.5416666666666667
power_curve,,,28000000,20000000,0.5,,125000000,185000000,1.48
power_curve,,,28000000,20000000,0.5,,130000000,185000000,1.4230769230769231
power_curve,,,28000000,20000000,1.0,,100000000,172200000,1.722
power_curve,,,28000000,20000000,1.0,,105000000,172200000,1.64
power_curve,,,28000000,20000000,1.0,,110000000,172200000,1.5654545454545454
power_curve,,,28000000,20000000,1.0,,115000000,172200000,1.4973913043478262
power_curve,,,28000000,20000000,1.0,,120000000,172200000,1.435
power_curve,,,28000000,20000000,1.0,,125000000,172200000,1.3776
power_curve,,,28000000,20000000,1.0,,130000000,172200000,1.3246153846153845
power_curve,,,28000000,20000000,1.5,,100000000,161200000,1.612
power_curve,,,28000000,20000000,1.5,,105000000,161200000,1.5352380952380953
power_curve,,,28000000,20000000,1.5,,110000000,161200000,1.4654545454545456
power_curve,,,28000000,20000000,1.5,,115000000,161200000,1.4017391304347826
power_curve,,,28000000,20000000,1.5,,120000000,161200000,1.3433333333333333
power_curve,,,28000000,20000000,1.5,,125000000,161200000,1.2896
power_curve,,,28000000,20000000,1.5,,130000000,161200000,1.24
power_curve,,,28000000,20000000,2.0,,100000000,151800000,1.518
power_curve,,,28000000,20000000,2.0,,105000000,151800000,1.4457142857142857
power_curve,,,28000000,20000000,2.0,,110000000,151800000,1.38
power_curve,,,28000000,20000000,2.0,,115000000,151800000,1.32
power_curve,,,28000000,20000000,2.0,,120000000,151800000,1.265
power_curve,,,28000000,20000000,2.0,,125000000,151800000,1.2144
power_curve,,,28000000,20000000,2.0,,130000000,151800000,1.1676923076923076
power_curve,,,28000000,20000000,2.5,,100000000,143500000,1.435
power_curve,,,28000000,20000000,2.5,,105000000,143500000,1.3666666666666667
power_curve,,,28000000,20000000,2.5,,110000000,143500000,1.3045454545454545
power_curve,,,28000000,20000000,2.5,,115000000,143500000,1.2478260869565216
power_curve,,,28000000,20000000,2.5,,120000000,143500000,1.1958333333333333
power_curve,,,28000000,20000000,2.5,,125000000,143500000,1.148
power_curve,,,28000000,20000000,2.5,,130000000,143500000,1.103846153846154
power_curve,,,28000000,20000000,3.0,,100000000,136400000,1.364
power_curve,,,28000000,20000000,3.0,,105000000,136400000,1.299047619047619
power_curve,,,28000000,20000000,3.0,,110000000,136400000,1.24
power_curve,,,28000000,20000000,3.0,,115000000,136400000,1.1860869565217391
power_curve,,,28000000,20000000,3.0,,120000000,136400000,1.1366666666666667
power_curve,,,28000000,20000000,3.0,,125000000,136400000,1.0912
power_curve,,,28000000,20000000,3.0,,130000000,136400000,1.0492307692307692
power_curve,,,28000000,25000000,0.5,,100000000,199500000,1.995
power_curve,,,28000000,25000000,0.5,,105000000,199500000,1.9
power_curve,,,28000000,25000000,0.5,,110000000,199500000,1.8136363636363637
power_curve,,,28000000,25000000,0.5,,115000000,199500000,1.7347826086956522
power_curve,,,28000000,25000000,0.5,,120000000,199500000,1.6625
power_curve,,,28000000,25000000,0.5,,125000000,199500000,1.596
power_curve,,,28000000,25000000,0.5,,130000000,199500000,1.5346153846153847
power_curve,,,28000000,25000000,1.0,,100000000,186100000,1.861
power_curve,,,28000000,25000000,1.0,,105000000,186100000,1.7723809523809524
power_curve,,,28000000,25000000,1.0,,110000000,186100000,1.6918181818181819
power_curve,,,28000000,25000000,1.0,,115000000,186100000,1.6182608695652174
power_curve,,,28000000,25000000,1.0,,120000000,186100000,1.5508333333333333
power_curve,,,28000000,25000000,1.0,,125000000,186100000,1.4888
power_curve,,,28000000,25000000,1.0,,130000000,186100000,1.4315384615384616
power_curve,,,28000000,25000000,1.5,,100000000,174700000,1.747
power_curve,,,28000000,25000000,1.5,,105000000,174700000,1.6638095238095238
power_curve,,,28000000,25000000,1.5,,110000000,174700000,1.5881818181818181
power_curve,,,28000000,25000000,1.5,,115000000,174700000,1.5191304347826087
power_curve,,,28000000,25000000,1.5,,120000000,174700000,1.4558333333333333
power_curve,,,28000000,25000000,1.5,,125000000,174700000,1.3976
power_curve,,,28000000,25000000,1.5,,130000000,174700000,1.343846153846154
power_curve,,,28000000,25000000,2.0,,100000000,164800000,1.648
power_curve,,,28000000,25000000,2.0,,105000000,164800000,1.5695238095238095
power_curve,,,28000000,25000000,2.0,,110000000,164800000,1.4981818181818183
power_curve,,,28000000,25000000,2.0,,115000000,164800000,1.4330434782608696
power_curve,,,28000000,25000000,2.0,,120000000,164800000,1.3733333333333333
power_curve,,,28000000,25000000,2.0,,125000000,164800000,1.3184
power_curve,,,28000000,25000000,2.0,,130000000,164800000,1.2676923076923077
power_curve,,,28000000,25000000,2.5,,100000000,156100000,1.561
power_curve,,,28000000,25000000,2.5,,105000000,156100000,1.4866666666666666
power_curve,,,28000000,25000000,2.5,,110000000,156100000,1.4190909090909092
power_curve,,,28000000,25000000,2.5,,115000000,156100000,1.357391304347826
power_curve,,,28000000,25000000,2.5,,120000000,156100000,1.3008333333333333
power_curve,,,28000000,25000000,2.5,,125000000,156100000,1.2488
power_curve,,,28000000,25000000,2.5,,130000000,156100000,1.2007692307692308
power_curve,,,28000000,25000000,3.0,,100000000,148600000,1.486
power_curve,,,28000000,25000000,3.0,,105000000,148600000,1.4152380952380952
power_curve,,,28000000,25000000,3.0,,110000000,148600000,1.3509090909090908
power_curve,,,28000000,25000000,3.0,,115000000,148600000,1.2921739130434782
power_curve,,,28000000,25000000,3.0,,120000000,148600000,1.2383333333333333
power_curve,,,28000000,25000000,3.0,,125000000,148600000,1.1888
power_curve,,,28000000,25000000,3.0,,130000000,148600000,1.143076923076923
power_curve,,,28000000,30000000,0.5,,100000000,213800000,2.138
power_curve,,,28000000,30000000,0.5,,105000000,213800000,2.0361904761904763
power_curve,,,28000000,30000000,0.5,,110000000,213800000,1.9436363636363636
power_curve,,,28000000,30000000,0.5,,115000000,213800000,1.8591304347826088
power_curve,,,28000000,30000000,0.5,,120000000,213800000,1.7816666666666667
power_curve,,,28000000,30000000,0.5,,125000000,213800000,1.7104
power_curve,,,28000000,30000000,0.5,,130000000,213800000,1.6446153846153846
power_curve,,,28000000,30000000,1.0,,100000000,200000000,2.0
power_curve,,,28000000,30000000,1.0,,105000000,200000000,1.9047619047619047
power_curve,,,28000000,30000000,1.0,,110000000,200000000,1.8181818181818181
power_curve,,,28000000,30000000,1.0,,115000000,200000000,1.7391304347826086
power_curve,,,28000000,30000000,1.0,,120000000,200000000,1.6666666666666667
power_curve,,,28000000,30000000,1.0,,125000000,200000000,1.6
power_curve,,,28000000,30000000,1.0,,130000000,200000000,1.5384615384615385
power_curve,,,28000000,30000000,1.5,,100000000,188100000,1.881
power_curve,,,28000000,30000000,1.5,,105000000,188100000,1.7914285714285714
power_curve,,,28000000,30000000,1.5,,110000000,188100000,1.71
power_curve,,,28000000,30000000,1.5,,115000000,188100000,1.6356521739130434
power_curve,,,28000000,30000000,1.5,,120000000,188100000,1.5675
power_curve,,,28000000,30000000,1.5,,125000000,188100000,1.5048
power_curve,,,28000000,30000000,1.5,,130000000,188100000,1.446923076923077
power_curve,,,28000000,30000000,2.0,,100000000,177800000,1.778
power_curve,,,28000000,30000000,2.0,,105000000,177800000,1.6933333333333334
power_curve,,,28000000,30000000,2.0,,110000000,177800000,1.6163636363636364
power_curve,,,28000000,30000000,2.0,,115000000,177800000,1.5460869565217392
power_curve,,,28000000,30000000,2.0,,120000000,177800000,1.4816666666666667
power_curve,,,28000000,30000000,2.0,,125000000,177800000,1.4224
power_curve,,,28000000,30000000,2.0,,130000000,177800000,1.3676923076923078
power_curve,,,28000000,30000000,2.5,,100000000,168700000,1.687
power_curve,,,28000000,30000000,2.5,,105000000,168700000,1.6066666666666667
power_curve,,,28000000,30000000,2.5,,110000000,168700000,1.5336363636363637
power_curve,,,28000000,30000000,2.5,,115000000,168700000,1.4669565217391305
power_curve,,,28000000,30000000,2.5,,120000000,168700000,1.4058333333333333
power_curve,,,28000000,30000000,2.5,,125000000,168700000,1.3496
power_curve,,,28000000,30000000,2.5,,130000000,168700000,1.2976923076923077
power_curve,,,28000000,30000000,3.0,,100000000,160900000,1.609
power_curve,,,28000000,30000000,3.0,,105000000,160900000,1.5323809523809524
power_curve,,,28000000,30000000,3.0,,110000000,160900000,1.4627272727272727
power_curve,,,28000000,30000000,3.0,,115000000,160900000,1.3991304347826088
power_curve,,,28000000,30000000,3.0,,120000000,160900000,1.3408333333333333
power_curve,,,28000000,30000000,3.0,,125000000,160900000,1.2872
power_curve,,,28000000,30000000,3.0,,130000000,160900000,1.2376923076923076
power_curve,,,28000000,35000000,0.5,,100000000,228300000,2.283
power_curve,,,28000000,35000000,0.5,,105000000,228300000,2.1742857142857144
power_curve,,,28000000,35000000,0.5,,110000000,228300000,2.0754545454545457
power_curve,,,28000000,35000000,0.5,,115000000,228300000,1.9852173913043478
power_curve,,,28000000,35000000,0.5,,120000000,228300000,1.9025
power_curve,,,28000000,35000000,0.5,,125000000,228300000,1.8264
power_curve,,,28000000,35000000,0.5,,130000000,228300000,1.7561538461538462
power_curve,,,28000000,35000000,1.0,,100000000,213900000,2.139
power_curve,,,28000000,35000000,1.0,,105000000,213900000,2.037142857142857
power_curve,,,28000000,35000000,1.0,,110000000,213900000,1.9445454545454546
power_curve,,,28000000,35000000,1.0,,115000000,213900000,1.86
power_curve,,,28000000,35000000,1.0,,120000000,213900000,1.7825
power_curve,,,28000000,35000000,1.0,,125000000,213900000,1.7112
power_curve,,,28000000,35000000,1.0,,130000000,213900000,1.6453846153846154
power_curve,,,28000000,35000000,1.5,,100000000,201500000,2.015
power_curve,,,28000000,35000000,1.5,,105000000,201500000,1.9190476190476191
power_curve,,,28000000,35000000,1.5,,110000000,201500000,1.8318181818181818
power_curve,,,28000000,35000000,1.5,,115000000,201500000,1.7521739130434784
power_curve,,,28000000,35000000,1.5,,120000000,201500000,1.6791666666666667
power_curve,,,28000000,35000000,1.5,,125000000,201500000,1.612
power_curve,,,28000000,35000000,1.5,,130000000,201500000,1.55
power_curve,,,28000000,35000000,2.0,,100000000,190800000,1.908
power_curve,,,28000000,35000000,2.0,,105000000,190800000,1.8171428571428572
power_curve,,,28000000,35000000,2.0,,110000000,190800000,1.7345454545454546
power_curve,,,28000000,35000000,2.0,,115000000,190800000,1.6591304347826088
power_curve,,,28000000,35000000,2.0,,120000000,190800000,1.59
power_curve,,,28000000,35000000,2.0,,125000000,190800000,1.5264
power_curve,,,28000000,35000000,2.0,,130000000,190800000,1.4676923076923076
power_curve,,,28000000,35000000,2.5,,100000000,181400000,1.814
power_curve,,,28000000,35000000,2.5,,105000000,181400000,1.7276190476190476
power_curve,,,28000000,35000000,2.5,,110000000,181400000,1.6490909090909092
power_curve,,,28000000,35000000,2.5,,115000000,181400000,1.577391304347826
power_curve,,,28000000,35000000,2.5,,120000000,181400000,1.5116666666666667
power_curve,,,28000000,35000000,2.5,,125000000,181400000,1.4512
power_curve,,,28000000,35000000,2.5,,130000000,181400000,1.3953846153846154
power_curve,,,28000000,35000000,3.0,,100000000,173100000,1.731
power_curve,,,28000000,35000000,3.0,,105000000,173100000,1.6485714285714286
power_curve,,,28000000,35000000,3.0,,110000000,173100000,1.5736363636363637
power_curve,,,28000000,35000000,3.0,,115000000,173100000,1.5052173913043478
power_curve,,,28000000,35000000,3.0,,120000000,173100000,1.4425
power_curve,,,28000000,35000000,3.0,,125000000,173100000,1.3848
power_curve,,,28000000,35000000,3.0,,130000000,173100000,1.3315384615384616
power_curve,,,28000000,40000000,0.5,,100000000,242800000,2.428
power_curve,,,28000000,40000000,0.5,,105000000,242800000,2.3123809523809524
power_curve,,,28000000,40000000,0.5,,110000000,242800000,2.207272727272727
power_curve,,,28000000,40000000,0.5,,115000000,242800000,2.111304347826087
power_curve,,,28000000,40000000,0.5,,120000000,242800000,2.0233333333333334
power_curve,,,28000000,40000000,0.5,,125000000,242800000,1.9424
power_curve,,,28000000,40000000,0.5,,130000000,242800000,1.8676923076923078
power_curve,,,28000000,40000000,1.0,,100000000,227800000,2.278
power_curve,,,28000000,40000000,1.0,,105000000,227800000,2.1695238095238096
power_curve,,,28000000,40000000,1.0,,110000000,227800000,2.070909090909091
power_curve,,,28000000,40000000,1.0,,115000000,227800000,1.9808695652173913
power_curve,,,28000000,40000000,1.0,,120000000,227800000,1.8983333333333334
power_curve,,,28000000,40000000,1.0,,125000000,227800000,1.8224
power_curve,,,28000000,40000000,1.0,,130000000,227800000,1.7523076923076923
power_curve,,,28000000,40000000,1.5,,100000000,215000000,2.15
power_curve,,,28000000,40000000,1.5,,105000000,215000000,2.0476190476190474
power_curve,,,28000000,40000000,1.5,,110000000,215000000,1.9545454545454546
power_curve,,,28000000,40000000,1.5,,115000000,215000000,1.8695652173913044
power_curve,,,28000000,40000000,1.5,,120000000,215000000,1.7916666666666667
power_curve,,,28000000,40000000,1.5,,125000000,215000000,1.72
power_curve,,,28000000,40000000,1.5,,130000000,215000000,1.6538461538461537
power_curve,,,28000000,40000000,2.0,,100000000,203800000,2.038
power_curve,,,28000000,40000000,2.0,,105000000,203800000,1.940952380952381
power_curve,,,28000000,40000000,2.0,,110000000,203800000,1.8527272727272728
power_curve,,,28000000,40000000,2.0,,115000000,203800000,1.7721739130434782
power_curve,,,28000000,40000000,2.0,,120000000,203800000,1.6983333333333333
power_curve,,,28000000,40000000,2.0,,125000000,203800000,1.6304
power_curve,,,28000000,40000000,2.0,,130000000,203800000,1.5676923076923077
power_curve,,,28000000,40000000,2.5,,100000000,194000000,1.94
power_curve,,,28000000,40000000,2.5,,105000000,194000000,1.8476190476190477
power_curve,,,28000000,40000000,2.5,,110000000,194000000,1.7636363636363637
power_curve,,,28000000,40000000,2.5,,115000000,194000000,1.6869565217391305
power_curve,,,28000000,40000000,2.5,,120000000,194000000,1.6166666666666667
power_curve,,,28000000,40000000,2.5,,125000000,194000000,1.552
power_curve,,,28000000,40000000,2.5,,130000000,194000000,1.4923076923076923
power_curve,,,28000000,40000000,3.0,,100000000,185400000,1.854
power_curve,,,28000000,40000000,3.0,,105000000,185400000,1.7657142857142858
power_curve,,,28000000,40000000,3.0,,110000000,185400000,1.6854545454545455
power_curve,,,28000000,40000000,3.0,,115000000,185400000,1.6121739130434782
power_curve,,,28000000,40000000,3.0,,120000000,185400000,1.545
power_curve,,,28000000,40000000,3.0,,125000000,185400000,1.4832
power_curve,,,28000000,40000000,3.0,,130000000,185400000,1.426153846153846
power_curve,,,28000000,45000000,0.5,,100000000,257100000,2.571
power_curve,,,28000000,45000000,0.5,,105000000,257100000,2.4485714285714284
power_curve,,,28000000,45000000,0.5,,110000000,257100000,2.3372727272727274
power_curve,,,28000000,45000000,0.5,,115000000,257100000,2.2356521739130435
power_curve,,,28000000,45000000,0.5,,120000000,257100000,2.1425
power_curve,,,28000000,45000000,0.5,,125000000,257100000,2.0568
power_curve,,,28000000,45000000,0.5,,130000000,257100000,1.9776923076923076
power_curve,,,28000000,45000000,1.0,,100000000,241700000,2.417
power_curve,,,28000000,45000000,1.0,,105000000,241700000,2.301904761904762
power_curve,,,28000000,45000000,1.0,,110000000,241700000,2.1972727272727273
power_curve,,,28000000,45000000,1.0,,115000000,241700000,2.1017391304347828
power_curve,,,28000000,45000000,1.0,,120000000,241700000,2.0141666666666667
power_curve,,,28000000,45000000,1.0,,125000000,241700000,1.9336
power_curve,,,28000000,45000000,1.0,,130000000,241700000,1.8592307692307692
power_curve,,,28000000,45000000,1.5,,100000000,228400000,2.284
power_curve,,,28000000,45000000,1.5,,105000000,228400000,2.1752380952380954
power_curve,,,28000000,45000000,1.5,,110000000,228400000,2.076363636363636
power_curve,,,28000000,45000000,1.5,,115000000,228400000,1.9860869565217392
power_curve,,,28000000,45000000,1.5,,120000000,228400000,1.9033333333333333
power_curve,,,28000000,45000000,1.5,,125000000,228400000,1.8272
power_curve,,,28000000,45000000,1.5,,130000000,228400000,1.756923076923077
power_curve,,,28000000,45000000,2.0,,100000000,216800000,2.168
power_curve,,,28000000,45000000,2.0,,105000000,216800000,2.064761904761905
power_curve,,,28000000,45000000,2.0,,110000000,216800000,1.970909090909091
power_curve,,,28000000,45000000,2.0,,115000000,216800000,1.8852173913043477
power_curve,,,28000000,45000000,2.0,,120000000,216800000,1.8066666666666666
power_curve,,,28000000,45000000,2.0,,125000000,216800000,1.7344
power_curve,,,28000000,45000000,2.0,,130000000,216800000,1.6676923076923076
power_curve,,,28000000,45000000,2.5,,100000000,206700000,2.067
power_curve,,,28000000,45000000,2.5,,105000000,206700000,1.9685714285714286
power_curve,,,28000000,45000000,2.5,,110000000,206700000,1.8790909090909091
power_curve,,,28000000,45000000,2.5,,115000000,206700000,1.797391304347826
power_curve,,,28000000,45000000,2.5,,120000000,206700000,1.7225
power_curve,,,28000000,45000000,2.5,,125000000,206700000,1.6536
power_curve,,,28000000,45000000,2.5,,130000000,206700000,1.59
power_curve,,,28000000,45000000,3.0,,100000000,197700000,1.977
power_curve,,,28000000,45000000,3.0,,105000000,197700000,1.8828571428571428
power_curve,,,28000000,45000000,3.0,,110000000,197700000,1.7972727272727274
power_curve,,,28000000,45000000,3.0,,115000000,197700000,1.7191304347826086
power_curve,,,28000000,45000000,3.0,,120000000,197700000,1.6475
power_curve,,,28000000,45000000,3.0,,125000000,197700000,1.5816
power_curve,,,28000000,45000000,3.0,,130000000,197700000,1.5207692307692309
power_curve,,,28000000,50000000,0.5,,100000000,271600000,2.716
power_curve,,,28000000,50000000,0.5,,105000000,271600000,2.5866666666666664
power_curve,,,28000000,50000000,0.5,,110000000,271600000,2.4690909090909092
power_curve,,,28000000,50000000,0.5,,115000000,271600000,2.3617391304347826
power_curve,,,28000000,50000000,0.5,,120000000,271600000,2.263333333333333
power_curve,,,28000000,50000000,0.5,,125000000,271600000,2.1728
power_curve,,,28000000,50000000,0.5,,130000000,271600000,2.0892307692307694
power_curve,,,28000000,50000000,1.0,,100000000,255500000,2.555
power_curve,,,28000000,50000000,1.0,,105000000,255500000,2.433333333333333
power_curve,,,28000000,50000000,1.0,,110000000,255500000,2.3227272727272728
power_curve,,,28000000,50000000,1.0,,115000000,255500000,2.2217391304347824
power_curve,,,28000000,50000000,1.0,,120000000,255500000,2.129166666666667
power_curve,,,28000000,50000000,1.0,,125000000,255500000,2.044
power_curve,,,28000000,50000000,1.0,,130000000,255500000,1.9653846153846153
power_curve,,,28000000,50000000,1.5,,100000000,241900000,2.419
power_curve,,,28000000,50000000,1.5,,105000000,241900000,2.303809523809524
power_curve,,,28000000,50000000,1.5,,110000000,241900000,2.199090909090909
power_curve,,,28000000,50000000,1.5,,115000000,241900000,2.103478260869565
power_curve,,,28000000,50000000,1.5,,120000000,241900000,2.015833333333333
power_curve,,,28000000,50000000,1.5,,125000000,241900000,1.9352
power_curve,,,28000000,50000000,1.5,,130000000,241900000,1.8607692307692307
power_curve,,,28000000,50000000,2.0,,100000000,229800000,2.298
power_curve,,,28000000,50000000,2.0,,105000000,229800000,2.1885714285714286
power_curve,,,28000000,50000000,2.0,,110000000,229800000,2.089090909090909
power_curve,,,28000000,50000000,2.0,,115000000,229800000,1.9982608695652173
power_curve,,,28000000,50000000,2.0,,120000000,229800000,1.915
power_curve,,,28000000,50000000,2.0,,125000000,229800000,1.8384
power_curve,,,28000000,50000000,2.0,,130000000,229800000,1.7676923076923077
power_curve,,,28000000,50000000,2.5,,100000000,219200000,2.192
power_curve,,,28000000,50000000,2.5,,105000000,219200000,2.0876190476190475
power_curve,,,28000000,50000000,2.5,,110000000,219200000,1.9927272727272727
power_curve,,,28000000,50000000,2.5,,115000000,219200000,1.906086956521739
power_curve,,,28000000,50000000,2.5,,120000000,219200000,1.8266666666666667
power_curve,,,28000000,50000000,2.5,,125000000,219200000,1.7536
power_curve,,,28000000,50000000,2.5,,130000000,219200000,1.6861538461538461
power_curve,,,28000000,50000000,3.0,,100000000,210000000,2.1
power_curve,,,28000000,50000000,3.0,,105000000,210000000,2.0
power_curve,,,28000000,50000000,3.0,,110000000,210000000,1.9090909090909092
power_curve,,,28000000,50000000,3.0,,115000000,210000000,1.826086956521739
power_curve,,,28000000,50000000,3.0,,120000000,210000000,1.75
power_curve,,,28000000,50000000,3.0,,125000000,210000000,1.68
power_curve,,,28000000,50000000,3.0,,130000000,210000000,1.6153846153846154
power_curve,,,29000000,15000000,0.5,,100000000,175000000,1.75
power_curve,,,29000000,15000000,0.5,,105000000,175000000,1.6666666666666667
power_curve,,,29000000,15000000,0.5,,110000000,175000000,1.5909090909090908
power_curve,,,29000000,15000000,0.5,,115000000,175000000,1.5217391304347827
power_curve,,,29000000,15000000,0.5,,120000000,175000000,1.4583333333333333
power_curve,,,29000000,15000000,0.5,,125000000,175000000,1.4
power_curve,,,29000000,15000000,0.5,,130000000,175000000,1.3461538461538463
power_curve,,,29000000,15000000,1.0,,100000000,162400000,1.624
power_curve,,,29000000,15000000,1.0,,105000000,162400000,1.5466666666666666
power_curve,,,29000000,15000000,1.0,,110000000,162400000,1.4763636363636363
power_curve,,,29000000,15000000,1.0,,115000000,162400000,1.4121739130434783
power_curve,,,29000000,15000000,1.0,,120000000,162400000,1.3533333333333333
power_curve,,,29000000,15000000,1.0,,125000000,162400000,1.2992
power_curve,,,29000000,15000000,1.0,,130000000,162400000,1.2492307692307691
power_curve,,,29000000,15000000,1.5,,100000000,151600000,1.516
power_curve,,,29000000,15000000,1.5,,105000000,151600000,1.4438095238095239
power_curve,,,29000000,15000000,1.5,,110000000,151600000,1.3781818181818182
power_curve,,,29000000,15000000,1.5,,115000000,151600000,1.3182608695652174
power_curve,,,29000000,15000000,1.5,,120000000,151600000,1.2633333333333334
power_curve,,,29000000,15000000,1.5,,125000000,151600000,1.2128
power_curve,,,29000000,15000000,1.5,,130000000,151600000,1.166153846153846
power_curve,,,29000000,15000000,2.0,,100000000,142300000,1.423
power_curve,,,29000000,15000000,2.0,,105000000,142300000,1.3552380952380951
power_curve,,,29000000,15000000,2.0,,110000000,142300000,1.2936363636363637
power_curve,,,29000000,15000000,2.0,,115000000,142300000,1.2373913043478262
power_curve,,,29000000,15000000,2.0,,120000000,142300000,1.1858333333333333
power_curve,,,29000000,15000000,2.0,,125000000,142300000,1.1384
power_curve,,,29000000,15000000,2.0,,130000000,142300000,1.0946153846153845
power_curve,,,29000000,15000000,2.5,,100000000,134000000,1.34
power_curve,,,29000000,15000000,2.5,,105000000,134000000,1.276190476190476
power_curve,,,29000000,15000000,2.5,,110000000,134000000,1.2181818181818183
power_curve,,,29000000,15000000,2.5,,115000000,134000000,1.1652173913043478
power_curve,,,29000000,15000000,2.5,,120000000,134000000,1.1166666666666667
power_curve,,,29000000,15000000,2.5,,125000000,134000000,1.072
power_curve,,,29000000,15000000,2.5,,130000000,134000000,1.0307692307692307
power_curve,,,29000000,15000000,3.0,,100000000,126900000,1.269
power_curve,,,29000000,15000000,3.0,,105000000,126900000,1.2085714285714286
power_curve,,,29000000,15000000,3.0,,110000000,126900000,1.1536363636363636
power_curve,,,29000000,15000000,3.0,,115000000,126900000,1.1034782608695652
power_curve,,,29000000,15000000,3.0,,120000000,126900000,1.0575
power_curve,,,29000000,15000000,3.0,,125000000,126900000,1.0152
power_curve,,,29000000,15000000,3.0,,130000000,126900000,0.9761538461538461
power_curve,,,29000000,20000000,0.5,,100000000,189400000,1.894
power_curve,,,29000000,20000000,0.5,,105000000,189400000,1.8038095238095238
power_curve,,,29000000,20000000,0.5,,110000000,189400000,1.721818181818182
power_curve,,,29000000,20000000,0.5,,115000000,189400000,1.6469565217391304
power_curve,,,29000000,20000000,0.5,,120000000,189400000,1.5783333333333334
power_curve,,,29000000,20000000,0.5,,125000000,189400000,1.5152
power_curve,,,29000000,20000000,0.5,,130000000,189400000,1.456923076923077
power_curve,,,29000000,20000000,1.0,,100000000,176300000,1.763
power_curve,,,29000000,20000000,1.0,,105000000,176300000,1.6790476190476191
power_curve,,,29000000,20000000,1.0,,110000000,176300000,1.6027272727272728
power_curve,,,29000000,20000000,1.0,,115000000,176300000,1.5330434782608695
power_curve,,,29000000,20000000,1.0,,120000000,176300000,1.4691666666666667
power_curve,,,29000000,20000000,1.0,,125000000,176300000,1.4104
power_curve,,,29000000,20000000,1.0,,130000000,176300000,1.356153846153846
power_curve,,,29000000,20000000,1.5,,100000000,164900000,1.649
power_curve,,,29000000,20000000,1.5,,105000000,164900000,1.5704761904761906
power_curve,,,29000000,20000000,1.5,,110000000,164900000,1.499090909090909
power_curve,,,29000000,20000000,1.5,,115000000,164900000,1.4339130434782608
power_curve,,,29000000,20000000,1.5,,120000000,164900000,1.3741666666666668
power_curve,,,29000000,20000000,1.5,,125000000,164900000,1.3192
power_curve,,,29000000,20000000,1.5,,130000000,164900000,1.2684615384615385
power_curve,,,29000000,20000000,2.0,,100000000,155200000,1.552
power_curve,,,29000000,20000000,2.0,,105000000,155200000,1.4780952380952381
power_curve,,,29000000,20000000,2.0,,110000000,155200000,1.410909090909091
power_curve,,,29000000,20000000,2.0,,115000000,155200000,1.3495652173913044
power_curve,,,29000000,20000000,2.0,,120000000,155200000,1.2933333333333332
power_curve,,,29000000,20000000,2.0,,125000000,155200000,1.2416
power_curve,,,29000000,20000000,2.0,,130000000,155200000,1.1938461538461538
power_curve,,,29000000,20000000,2.5,,100000000,146700000,1.467
power_curve,,,29000000,20000000,2.5,,105000000,146700000,1.3971428571428572
power_curve,,,29000000,20000000,2.5,,110000000,146700000,1.3336363636363637
power_curve,,,29000000,20000000,2.5,,115000000,146700000,1.2756521739130435
power_curve,,,29000000,20000000,2.5,,120000000,146700000,1.2225
power_curve,,,29000000,20000000,2.5,,125000000,146700000,1.1736
power_curve,,,29000000,20000000,2.5,,130000000,146700000,1.1284615384615384
power_curve,,,29000000,20000000,3.0,,100000000,139300000,1.393
power_curve,,,29000000,20000000,3.0,,105000000,139300000,1.3266666666666667
power_curve,,,29000000,20000000,3.0,,110000000,139300000,1.2663636363636364
power_curve,,,29000000,20000000,3.0,,115000000,139300000,1.211304347826087
power_curve,,,29000000,20000000,3.0,,120000000,139300000,1.1608333333333334
power_curve,,,29000000,20000000,3.0,,125000000,139300000,1.1144
power_curve,,,29000000,20000000,3.0,,130000000,139300000,1.0715384615384616
power_curve,,,29000000,25000000,0.5,,100000000,203900000,2.039
power_curve,,,29000000,25000000,0.5,,105000000,203900000,1.9419047619047618
power_curve,,,29000000,25000000,0.5,,110000000,203900000,1.8536363636363635
power_curve,,,29000000,25000000,0.5,,115000000,203900000,1.7730434782608695
power_curve,,,29000000,25000000,0.5,,120000000,203900000,1.6991666666666667
power_curve,,,29000000,25000000,0.5,,125000000,203900000,1.6312
power_curve,,,29000000,25000000,0.5,,130000000,203900000,1.5684615384615384
power_curve,,,29000000,25000000,1.0,,100000000,190200000,1.902
power_curve,,,29000000,25000000,1.0,,105000000,190200000,1.8114285714285714
power_curve,,,29000000,25000000,1.0,,110000000,190200000,1.729090909090909
power_curve,,,29000000,25000000,1.0,,115000000,190200000,1.653913043478261
power_curve,,,29000000,25000000,1.0,,120000000,190200000,1.585
power_curve,,,29000000,25000000,1.0,,125000000,190200000,1.5216
power_curve,,,29000000,25000000,1.0,,130000000,190200000,1.4630769230769232
power_curve,,,29000000,25000000,1.5,,100000000,178400000,1.784
power_curve,,,29000000,25000000,1.5,,105000000,178400000,1.6990476190476191
power_curve,,,29000000,25000000,1.5,,110000000,178400000,1.6218181818181818
power_curve,,,29000000,25000000,1.5,,115000000,178400000,1.551304347826087
power_curve,,,29000000,25000000,1.5,,120000000,178400000,1.4866666666666666
power_curve,,,29000000,25000000,1.5,,125000000,178400000,1.4272
power_curve,,,29000000,25000000,1.5,,130000000,178400000,1.3723076923076922
power_curve,,,29000000,25000000,2.0,,100000000,168200000,1.682
power_curve,,,29000000,25000000,2.0,,105000000,168200000,1.601904761904762
power_curve,,,29000000,25000000,2.0,,110000000,168200000,1.529090909090909
power_curve,,,29000000,25000000,2.0,,115000000,168200000,1.462608695652174
power_curve,,,29000000,25000000,2.0,,120000000,168200000,1.4016666666666666
power_curve,,,29000000,25000000,2.0,,125000000,168200000,1.3456
power_curve,,,29000000,25000000,2.0,,130000000,168200000,1.2938461538461539
power_curve,,,29000000,25000000,2.5,,100000000,159300000,1.593
power_curve,,,29000000,25000000,2.5,,105000000,159300000,1.5171428571428571
power_curve,,,29000000,25000000,2.5,,110000000,159300000,1.4481818181818182
power_curve,,,29000000,25000000,2.5,,115000000,159300000,1.3852173913043477
power_curve,,,29000000,25000000,2.5,,120000000,159300000,1.3275
power_curve,,,29000000,25000000,2.5,,125000000,159300000,1.2744
power_curve,,,29000000,25000000,2.5,,130000000,159300000,1.2253846153846153
power_curve,,,29000000,25000000,3.0,,100000000,151500000,1.515
power_curve,,,29000000,25000000,3.0,,105000000,151500000,1.4428571428571428
power_curve,,,29000000,25000000,3.0,,110000000,151500000,1.3772727272727272
power_curve,,,29000000,25000000,3.0,,115000000,151500000,1.317391304347826
power_curve,,,29000000,25000000,3.0,,120000000,151500000,1.2625
power_curve,,,29000000,25000000,3.0,,125000000,151500000,1.212
power_curve,,,29000000,25000000,3.0,,130000000,151500000,1.1653846153846155
power_curve,,,29000000,30000000,0.5,,100000000,218200000,2.182
power_curve,,,29000000,30000000,0.5,,105000000,218200000,2.078095238095238
power_curve,,,29000000,30000000,0.5,,110000000,218200000,1.9836363636363636
power_curve,,,29000000,30000000,0.5,,115000000,218200000,1.897391304347826
power_curve,,,29000000,30000000,0.5,,120000000,218200000,1.8183333333333334
power_curve,,,29000000,30000000,0.5,,125000000,218200000,1.7456
power_curve,,,29000000,30000000,0.5,,130000000,218200000,1.6784615384615384
power_curve,,,29000000,30000000,1.0,,100000000,204100000,2.041
power_curve,,,29000000,30000000,1.0,,105000000,204100000,1.9438095238095239
power_curve,,,29000000,30000000,1.0,,110000000,204100000,1.8554545454545455
power_curve,,,29000000,30000000,1.0,,115000000,204100000,1.7747826086956522
power_curve,,,29000000,30000000,1.0,,120000000,204100000,1.7008333333333334
power_curve,,,29000000,30000000,1.0,,125000000,204100000,1.6328
power_curve,,,29000000,30000000,1.0,,130000000,204100000,1.57
power_curve,,,29000000,30000000,1.5,,100000000,191800000,1.918
power_curve,,,29000000,30000000,1.5,,105000000,191800000,1.8266666666666667
power_curve,,,29000000,30000000,1.5,,110000000,191800000,1.7436363636363637
power_curve,,,29000000,30000000,1.5,,115000000,191800000,1.6678260869565218
power_curve,,,29000000,30000000,1.5,,120000000,191800000,1.5983333333333334
power_curve,,,29000000,30000000,1.5,,125000000,191800000,1.5344
power_curve,,,29000000,30000000,1.5,,130000000,191800000,1.4753846153846153
power_curve,,,29000000,30000000,2.0,,100000000,181200000,1.812
power_curve,,,29000000,30000000,2.0,,105000000,181200000,1.7257142857142858
power_curve,,,29000000,30000000,2.0,,110000000,181200000,1.6472727272727272
power_curve,,,29000000,30000000,2.0,,115000000,181200000,1.5756521739130436
power_curve,,,29000000,30000000,2.0,,120000000,181200000,1.51
power_curve,,,29000000,30000000,2.0,,125000000,181200000,1.4496
power_curve,,,29000000,30000000,2.0,,130000000,181200000,1.393846153846154
power_curve,,,29000000,30000000,2.5,,100000000,171900000,1.719
power_curve,,,29000000,30000000,2.5,,105000000,171900000,1.6371428571428572
power_curve,,,29000000,30000000,2.5,,110000000,171900000,1.5627272727272727
power_curve,,,29000000,30000000,2.5,,115000000,171900000,1.4947826086956522
power_curve,,,29000000,30000000,2.5,,120000000,171900000,1.4325
power_curve,,,29000000,30000000,2.5,,125000000,171900000,1.3752
power_curve,,,29000000,30000000,2.5,,130000000,171900000,1.3223076923076924
power_curve,,,29000000,30000000,3.0,,100000000,163800000,1.638
power_curve,,,29000000,30000000,3.0,,105000000,163800000,1.56
power_curve,,,29000000,30000000,3.0,,110000000,163800000,1.489090909090909
power_curve,,,29000000,30000000,3.0,,115000000,163800000,1.4243478260869564
power_curve,,,29000000,30000000,3.0,,120000000,163800000,1.365
power_curve,,,29000000,30000000,3.0,,125000000,163800000,1.3104
power_curve,,,29000000,30000000,3.0,,130000000,163800000,1.26
power_curve,,,29000000,35000000,0.5,,100000000,232700000,2.327
power_curve,,,29000000,35000000,0.5,,105000000,232700000,2.216190476190476
power_curve,,,29000000,35000000,0.5,,110000000,232700000,2.1154545454545453
power_curve,,,29000000,35000000,0.5,,115000000,232700000,2.0234782608695654
power_curve,,,29000000,35000000,0.5,,120000000,232700000,1.9391666666666667
power_curve,,,29000000,35000000,0.5,,125000000,232700000,1.8616
power_curve,,,29000000,35000000,0.5,,130000000,232700000,1.79
power_curve,,,29000000,35000000,1.0,,100000000,218000000,2.18
power_curve,,,29000000,35000000,1.0,,105000000,218000000,2.0761904761904764
power_curve,,,29000000,35000000,1.0,,110000000,218000000,1.981818181818182
power_curve,,,29000000,35000000,1.0,,115000000,218000000,1.8956521739130434
power_curve,,,29000000,35000000,1.0,,120000000,218000000,1.8166666666666667
power_curve,,,29000000,35000000,1.0,,125000000,218000000,1.744
power_curve,,,29000000,35000000,1.0,,130000000,218000000,1.676923076923077
power_curve,,,29000000,35000000,1.5,,100000000,205200000,2.052
power_curve,,,29000000,35000000,1.5,,105000000,205200000,1.9542857142857142
power_curve,,,29000000,35000000,1.5,,110000000,205200000,1.8654545454545455
power_curve,,,29000000,35000000,1.5,,115000000,205200000,1.7843478260869565
power_curve,,,29000000,35000000,1.5,,120000000,205200000,1.71
power_curve,,,29000000,35000000,1.5,,125000000,205200000,1.6416
power_curve,,,29000000,35000000,1.5,,130000000,205200000,1.5784615384615384
power_curve,,,29000000,35000000,2.0,,100000000,194200000,1.942
power_curve,,,29000000,35000000,2.0,,105000000,194200000,1.8495238095238096
power_curve,,,29000000,35000000,2.0,,110000000,194200000,1.7654545454545454
power_curve,,,29000000,35000000,2.0,,115000000,194200000,1.6886956521739132
power_curve,,,29000000,35000000,2.0,,120000000,194200000,1.6183333333333334
power_curve,,,29000000,35000000,2.0,,125000000,194200000,1.5536
power_curve,,,29000000,35000000,2.0,,130000000,194200000,1.4938461538461538
power_curve,,,29000000,35000000,2.5,,100000000,184600000,1.846
power_curve,,,29000000,35000000,2.5,,105000000,184600000,1.7580952380952382
power_curve,,,29000000,35000000,2.5,,110000000,184600000,1.6781818181818182
power_curve,,,29000000,35000000,2.5,,115000000,184600000,1.605217391304348
power_curve,,,29000000,35000000,2.5,,120000000,184600000,1.5383333333333333
power_curve,,,29000000,35000000,2.5,,125000000,184600000,1.4768
power_curve,,,29000000,35000000,2.5,,130000000,184600000,1.42
power_curve,,,29000000,35000000,3.0,,100000000,176000000,1.76
power_curve,,,29000000,35000000,3.0,,105000000,176000000,1.6761904761904762
power_curve,,,29000000,35000000,3.0,,110000000,176000000,1.6
power_curve,,,29000000,35000000,3.0,,115000000,176000000,1.5304347826086957
power_curve,,,29000000,35000000,3.0,,120000000,176000000,1.4666666666666666
power_curve,,,29000000,35000000,3.0,,125000000,176000000,1.408
power_curve,,,29000000,35000000,3.0,,130000000,176000000,1.353846153846154
power_curve,,,29000000,40000000,0.5,,100000000,247200000,2.472
power_curve,,,29000000,40000000,0.5,,105000000,247200000,2.354285714285714
power_curve,,,29000000,40000000,0.5,,110000000,247200000,2.247272727272727
power_curve,,,29000000,40000000,0.5,,115000000,247200000,2.1495652173913045
power_curve,,,29000000,40000000,0.5,,120000000,247200000,2.06
power_curve,,,29000000,40000000,0.5,,125000000,247200000,1.9776
power_curve,,,29000000,40000000,0.5,,130000000,247200000,1.9015384615384616
power_curve,,,29000000,40000000,1.0,,100000000,231900000,2.319
power_curve,,,29000000,40000000,1.0,,105000000,231900000,2.2085714285714286
power_curve,,,29000000,40000000,1.0,,110000000,231900000,2.1081818181818184
power_curve,,,29000000,40000000,1.0,,115000000,231900000,2.0165217391304346
power_curve,,,29000000,40000000,1.0,,120000000,231900000,1.9325
power_curve,,,29000000,40000000,1.0,,125000000,231900000,1.8552
power_curve,,,29000000,40000000,1.0,,130000000,231900000,1.7838461538461539
power_curve,,,29000000,40000000,1.5,,100000000,218700000,2.187
power_curve,,,29000000,40000000,1.5,,105000000,218700000,2.0828571428571427
power_curve,,,29000000,40000000,1.5,,110000000,218700000,1.9881818181818183
power_curve,,,29000000,40000000,1.5,,115000000,218700000,1.9017391304347826
power_curve,,,29000000,40000000,1.5,,120000000,218700000,1.8225
power_curve,,,29000000,40000000,1.5,,125000000,218700000,1.7496
power_curve,,,29000000,40000000,1.5,,130000000,218700000,1.6823076923076923
power_curve,,,29000000,40000000,2.0,,100000000,207200000,2.072
power_curve,,,29000000,40000000,2.0,,105000000,207200000,1.9733333333333334
power_curve,,,29000000,40000000,2.0,,110000000,207200000,1.8836363636363636
power_curve,,,29000000,40000000,2.0,,115000000,207200000,1.8017391304347825
power_curve,,,29000000,40000000,2.0,,120000000,207200000,1.7266666666666666
power_curve,,,29000000,40000000,2.0,,125000000,207200000,1.6576
power_curve,,,29000000,40000000,2.0,,130000000,207200000,1.593846153846154
power_curve,,,29000000,40000000,2.5,,100000000,197200000,1.972
power_curve,,,29000000,40000000,2.5,,105000000,197200000,1.878095238095238
power_curve,,,29000000,40000000,2.5,,110000000,197200000,1.7927272727272727
power_curve,,,29000000,40000000,2.5,,115000000,197200000,1.7147826086956521
power_curve,,,29000000,40000000,2.5,,120000000,197200000,1.6433333333333333
power_curve,,,29000000,40000000,2.5,,125000000,197200000,1.5776
power_curve,,,29000000,40000000,2.5,,130000000,197200000,1.5169230769230768
power_curve,,,29000000,40000000,3.0,,100000000,188300000,1.883
power_curve,,,29000000,40000000,3.0,,105000000,188300000,1.7933333333333332
power_curve,,,29000000,40000000,3.0,,110000000,188300000,1.711818181818182
power_curve,,,29000000,40000000,3.0,,115000000,188300000,1.637391304347826
power_curve,,,29000000,40000000,3.0,,120000000,188300000,1.5691666666666666
power_curve,,,29000000,40000000,3.0,,125000000,188300000,1.5064
power_curve,,,29000000,40000000,3.0,,130000000,188300000,1.4484615384615385
power_curve,,,29000000,45000000,0.5,,100000000,261500000,2.615
power_curve,,,29000000,45000000,0.5,,105000000,261500000,2.4904761904761905
power_curve,,,29000000,45000000,0.5,,110000000,261500000,2.3772727272727274
power_curve,,,29000000,45000000,0.5,,115000000,261500000,2.273913043478261
power_curve,,,29000000,45000000,0.5,,120000000,261500000,2.1791666666666667
power_curve,,,29000000,45000000,0.5,,125000000,261500000,2.092
power_curve,,,29000000,45000000,0.5,,130000000,261500000,2.0115384615384615
power_curve,,,29000000,45000000,1.0,,100000000,245800000,2.458
power_curve,,,29000000,45000000,1.0,,105000000,245800000,2.340952380952381
power_curve,,,29000000,45000000,1.0,,110000000,245800000,2.2345454545454544
power_curve,,,29000000,45000000,1.0,,115000000,245800000,2.137391304347826
power_curve,,,29000000,45000000,1.0,,120000000,245800000,2.0483333333333333
power_curve,,,29000000,45000000,1.0,,125000000,245800000,1.9664
power_curve,,,29000000,45000000,1.0,,130000000,245800000,1.8907692307692308
power_curve,,,29000000,45000000,1.5,,100000000,232100000,2.321
power_curve,,,29000000,45000000,1.5,,105000000,232100000,2.2104761904761903
power_curve,,,29000000,45000000,1.5,,110000000,232100000,2.11
power_curve,,,29000000,45000000,1.5,,115000000,232100000,2.0182608695652173
power_curve,,,29000000,45000000,1.5,,120000000,232100000,1.9341666666666666
power_curve,,,29000000,45000000,1.5,,125000000,232100000,1.8568
power_curve,,,29000000,45000000,1.5,,130000000,232100000,1.7853846153846153
power_curve,,,29000000,45000000,2.0,,100000000,220200000,2.202
power_curve,,,29000000,45000000,2.0,,105000000,220200000,2.097142857142857
power_curve,,,29000000,45000000,2.0,,110000000,220200000,2.001818181818182
power_curve,,,29000000,45000000,2.0,,115000000,220200000,1.914782608695652
power_curve,,,29000000,45000000,2.0,,120000000,220200000,1.835
power_curve,,,29000000,45000000,2.0,,125000000,220200000,1.7616
power_curve,,,29000000,45000000,2.0,,130000000,220200000,1.6938461538461538
power_curve,,,29000000,45000000,2.5,,100000000,209900000,2.099
power_curve,,,29000000,45000000,2.5,,105000000,209900000,1.999047619047619
power_curve,,,29000000,45000000,2.5,,110000000,209900000,1.9081818181818182
power_curve,,,29000000,45000000,2.5,,115000000,209900000,1.825217391304348
power_curve,,,29000000,45000000,2.5,,120000000,209900000,1.7491666666666668
power_curve,,,29000000,45000000,2.5,,125000000,209900000,1.6792
power_curve,,,29000000,45000000,2.5,,130000000,209900000,1.6146153846153846
power_curve,,,29000000,45000000,3.0,,100000000,200600000,2.006
power_curve,,,29000000,45000000,3.0,,105000000,200600000,1.9104761904761904
power_curve,,,29000000,45000000,3.0,,110000000,200600000,1.8236363636363637
power_curve,,,29000000,45000000,3.0,,115000000,200600000,1.7443478260869565
power_curve,,,29000000,45000000,3.0,,120000000,200600000,1.6716666666666666
power_curve,,,29000000,45000000,3.0,,125000000,200600000,1.6048
power_curve,,,29000000,45000000,3.0,,130000000,200600000,1.543076923076923
power_curve,,,29000000,50000000,0.5,,100000000,276000000,2.76
power_curve,,,29000000,50000000,0.5,,105000000,276000000,2.6285714285714286
power_curve,,,29000000,50000000,0.5,,110000000,276000000,2.5090909090909093
power_curve,,,29000000,50000000,0.5,,115000000,276000000,2.4
power_curve,,,29000000,50000000,0.5,,120000000,276000000,2.3
power_curve,,,29000000,50000000,0.5,,125000000,276000000,2.208
power_curve,,,29000000,50000000,0.5,,130000000,276000000,2.123076923076923
power_curve,,,29000000,50000000,1.0,,100000000,259600000,2.596
power_curve,,,29000000,50000000,1.0,,105000000,259600000,2.4723809523809526
power_curve,,,29000000,50000000,1.0,,110000000,259600000,2.36
power_curve,,,29000000,50000000,1.0,,115000000,259600000,2.257391304347826
power_curve,,,29000000,50000000,1.0,,120000000,259600000,2.1633333333333336
power_curve,,,29000000,50000000,1.0,,125000000,259600000,2.0768
power_curve,,,29000000,50000000,1.0,,130000000,259600000,1.996923076923077
power_curve,,,29000000,50000000,1.5,,100000000,245600000,2.456
power_curve,,,29000000,50000000,1.5,,105000000,245600000,2.3390476190476193
power_curve,,,29000000,50000000,1.5,,110000000,245600000,2.232727272727273
power_curve,,,29000000,50000000,1.5,,115000000,245600000,2.1356521739130434
power_curve,,,29000000,50000000,1.5,,120000000,245600000,2.046666666666667
power_curve,,,29000000,50000000,1.5,,125000000,245600000,1.9648
power_curve,,,29000000,50000000,1.5,,130000000,245600000,1.8892307692307693
power_curve,,,29000000,50000000,2.0,,100000000,233200000,2.332
power_curve,,,29000000,50000000,2.0,,105000000,233200000,2.220952380952381
power_curve,,,29000000,50000000,2.0,,110000000,233200000,2.12
power_curve,,,29000000,50000000,2.0,,115000000,233200000,2.0278260869565217
power_curve,,,29000000,50000000,2.0,,120000000,233200000,1.9433333333333334
power_curve,,,29000000,50000000,2.0,,125000000,233200000,1.8656
power_curve,,,29000000,50000000,2.0,,130000000,233200000,1.7938461538461539
power_curve,,,29000000,50000000,2.5,,100000000,222400000,2.224
power_curve,,,29000000,50000000,2.5,,105000000,222400000,2.118095238095238
power_curve,,,29000000,50000000,2.5,,110000000,222400000,2.021818181818182
power_curve,,,29000000,50000000,2.5,,115000000,222400000,1.9339130434782608
power_curve,,,29000000,50000000,2.5,,120000000,222400000,1.8533333333333333
power_curve,,,29000000,50000000,2.5,,125000000,222400000,1.7792
power_curve,,,29000000,50000000,2.5,,130000000,222400000,1.7107692307692308
power_curve,,,29000000,50000000,3.0,,100000000,212900000,2.129
power_curve,,,29000000,50000000,3.0,,105000000,212900000,2.0276190476190474
power_curve,,,29000000,50000000,3.0,,110000000,212900000,1.9354545454545455
power_curve,,,29000000,50000000,3.0,,115000000,212900000,1.8513043478260869
power_curve,,,29000000,50000000,3.0,,120000000,212900000,1.7741666666666667
power_curve,,,29000000,50000000,3.0,,125000000,212900000,1.7032
power_curve,,,29000000,50000000,3.0,,130000000,212900000,1.6376923076923078
power_curve,,,30000000,15000000,0.5,,100000000,179600000,1.796
power_curve,,,30000000,15000000,0.5,,105000000,179600000,1.7104761904761905
power_curve,,,30000000,15000000,0.5,,110000000,179600000,1.6327272727272728
power_curve,,,30000000,15000000,0.5,,115000000,179600000,1.5617391304347825
power_curve,,,30000000,15000000,0.5,,120000000,179600000,1.4966666666666666
power_curve,,,30000000,15000000,0.5,,125000000,179600000,1.4368
power_curve,,,30000000,15000000,0.5,,130000000,179600000,1.3815384615384616
power_curve,,,30000000,15000000,1.0,,100000000,166500000,1.665
power_curve,,,30000000,15000000,1.0,,105000000,166500000,1.5857142857142856
power_curve,,,30000000,15000000,1.0,,110000000,166500000,1.5136363636363637
power_curve,,,30000000,15000000,1.0,,115000000,166500000,1.4478260869565218
power_curve,,,30000000,15000000,1.0,,120000000,166500000,1.3875
power_curve,,,30000000,15000000,1.0,,125000000,166500000,1.332
power_curve,,,30000000,15000000,1.0,,130000000,166500000,1.2807692307692307
power_curve,,,30000000,15000000,1.5,,100000000,155400000,1.554
power_curve,,,30000000,15000000,1.5,,105000000,155400000,1.48
power_curve,,,30000000,15000000,1.5,,110000000,155400000,1.4127272727272728
power_curve,,,30000000,15000000,1.5,,115000000,155400000,1.3513043478260869
power_curve,,,30000000,15000000,1.5,,120000000,155400000,1.295
power_curve,,,30000000,15000000,1.5,,125000000,155400000,1.2432
power_curve,,,30000000,15000000,1.5,,130000000,155400000,1.1953846153846155
power_curve,,,30000000,15000000,2.0,,100000000,145500000,1.455
power_curve,,,30000000,15000000,2.0,,105000000,145500000,1.3857142857142857
power_curve,,,30000000,15000000,2.0,,110000000,145500000,1.3227272727272728
power_curve,,,30000000,15000000,2.0,,115000000,145500000,1.2652173913043478
power_curve,,,30000000,15000000,2.0,,120000000,145500000,1.2125
power_curve,,,30000000,15000000,2.0,,125000000,145500000,1.164
power_curve,,,30000000,15000000,2.0,,130000000,145500000,1.1192307692307693
power_curve,,,30000000,15000000,2.5,,100000000,137000000,1.37
power_curve,,,30000000,15000000,2.5,,105000000,137000000,1.3047619047619048
power_curve,,,30000000,15000000,2.5,,110000000,137000000,1.2454545454545454
power_curve,,,30000000,15000000,2.5,,115000000,137000000,1.191304347826087
power_curve,,,30000000,15000000,2.5,,120000000,137000000,1.1416666666666666
power_curve,,,30000000,15000000,2.5,,125000000,137000000,1.096
power_curve,,,30000000,15000000,2.5,,130000000,137000000,1.0538461538461539
power_curve,,,30000000,15000000,3.0,,100000000,129800000,1.298
power_curve,,,30000000,15000000,3.0,,105000000,129800000,1.2361904761904763
power_curve,,,30000000,15000000,3.0,,110000000,129800000,1.18
power_curve,,,30000000,15000000,3.0,,115000000,129800000,1.128695652173913
power_curve,,,30000000,15000000,3.0,,120000000,129800000,1.0816666666666668
power_curve,,,30000000,15000000,3.0,,125000000,129800000,1.0384
power_curve,,,30000000,15000000,3.0,,130000000,129800000,0.9984615384615385
power_curve,,,30000000,20000000,0.5,,100000000,194000000,1.94
power_curve,,,30000000,20000000,0.5,,105000000,194000000,1.8476190476190477
power_curve,,,30000000,20000000,0.5,,110000000,194000000,1.7636363636363637
power_curve,,,30000000,20000000,0.5,,115000000,194000000,1.6869565217391305
power_curve,,,30000000,20000000,0.5,,120000000,194000000,1.6166666666666667
power_curve,,,30000000,20000000,0.5,,125000000,194000000,1.552
power_curve,,,30000000,20000000,0.5,,130000000,194000000,1.4923076923076923
power_curve,,,30000000,20000000,1.0,,100000000,180400000,1.804
power_curve,,,30000000,20000000,1.0,,105000000,180400000,1.7180952380952381
power_curve,,,30000000,20000000,1.0,,110000000,180400000,1.64
power_curve,,,30000000,20000000,1.0,,115000000,180400000,1.568695652173913
power_curve,,,30000000,20000000,1.0,,120000000,180400000,1.5033333333333334
power_curve,,,30000000,20000000,1.0,,125000000,180400000,1.4432
power_curve,,,30000000,20000000,1.0,,130000000,180400000,1.3876923076923078
power_curve,,,30000000,20000000,1.5,,100000000,168700000,1.687
power_curve,,,30000000,20000000,1.5,,105000000,168700000,1.6066666666666667
power_curve,,,30000000,20000000,1.5,,110000000,168700000,1.5336363636363637
power_curve,,,30000000,20000000,1.5,,115000000,168700000,1.4669565217391305
power_curve,,,30000000,20000000,1.5,,120000000,168700000,1.4058333333333333
power_curve,,,30000000,20000000,1.5,,125000000,168700000,1.3496
power_curve,,,30000000,20000000,1.5,,130000000,168700000,1.2976923076923077
power_curve,,,30000000,20000000,2.0,,100000000,158400000,1.584
power_curve,,,30000000,20000000,2.0,,105000000,158400000,1.5085714285714287
power_curve,,,30000000,20000000,2.0,,110000000,158400000,1.44
power_curve,,,30000000,20000000,2.0,,115000000,158400000,1.377391304347826
power_curve,,,30000000,20000000,2.0,,120000000,158400000,1.32
power_curve,,,30000000,20000000,2.0,,125000000,158400000,1.2672
power_curve,,,30000000,20000000,2.0,,130000000,158400000,1.2184615384615385
power_curve,,,30000000,20000000,2.5,,100000000,149700000,1.497
power_curve,,,30000000,20000000,2.5,,105000000,149700000,1.4257142857142857
power_curve,,,30000000,20000000,2.5,,110000000,149700000,1.3609090909090908
power_curve,,,30000000,20000000,2.5,,115000000,149700000,1.3017391304347825
power_curve,,,30000000,20000000,2.5,,120000000,149700000,1.2475
power_curve,,,30000000,20000000,2.5,,125000000,149700000,1.1976
power_curve,,,30000000,20000000,2.5,,130000000,149700000,1.1515384615384616
power_curve,,,30000000,20000000,3.0,,100000000,142200000,1.422
power_curve,,,30000000,20000000,3.0,,105000000,142200000,1.3542857142857143
power_curve,,,30000000,20000000,3.0,,110000000,142200000,1.2927272727272727
power_curve,,,30000000,20000000,3.0,,115000000,142200000,1.2365217391304348
power_curve,,,30000000,20000000,3.0,,120000000,142200000,1.185
power_curve,,,30000000,20000000,3.0,,125000000,142200000,1.1376
power_curve,,,30000000,20000000,3.0,,130000000,142200000,1.093846153846154
power_curve,,,30000000,25000000,0.5,,100000000,208500000,2.085
power_curve,,,30000000,25000000,0.5,,105000000,208500000,1.9857142857142858
power_curve,,,30000000,25000000,0.5,,110000000,208500000,1.8954545454545455
power_curve,,,30000000,25000000,0.5,,115000000,208500000,1.8130434782608695
power_curve,,,30000000,25000000,0.5,,120000000,208500000,1.7375
power_curve,,,30000000,25000000,0.5,,125000000,208500000,1.668
power_curve,,,30000000,25000000,0.5,,130000000,208500000,1.603846153846154
power_curve,,,30000000,25000000,1.0,,100000000,194300000,1.943
power_curve,,,30000000,25000000,1.0,,105000000,194300000,1.8504761904761904
power_curve,,,30000000,25000000,1.0,,110000000,194300000,1.7663636363636364
power_curve,,,30000000,25000000,1.0,,115000000,194300000,1.6895652173913043
power_curve,,,30000000,25000000,1.0,,120000000,194300000,1.6191666666666666
power_curve,,,30000000,25000000,1.0,,125000000,194300000,1.5544
power_curve,,,30000000,25000000,1.0,,130000000,194300000,1.4946153846153847
power_curve,,,30000000,25000000,1.5,,100000000,182200000,1.822
power_curve,,,30000000,25000000,1.5,,105000000,182200000,1.7352380952380952
power_curve,,,30000000,25000000,1.5,,110000000,182200000,1.6563636363636363
power_curve,,,30000000,25000000,1.5,,115000000,182200000,1.5843478260869566
power_curve,,,30000000,25000000,1.5,,120000000,182200000,1.5183333333333333
power_curve,,,30000000,25000000,1.5,,125000000,182200000,1.4576
power_curve,,,30000000,25000000,1.5,,130000000,182200000,1.4015384615384616
power_curve,,,30000000,25000000,2.0,,100000000,171400000,1.714
power_curve,,,30000000,25000000,2.0,,105000000,171400000,1.6323809523809525
power_curve,,,30000000,25000000,2.0,,110000000,171400000,1.5581818181818181
power_curve,,,30000000,25000000,2.0,,115000000,171400000,1.4904347826086957
power_curve,,,30000000,25000000,2.0,,120000000,171400000,1.4283333333333332
power_curve,,,30000000,25000000,2.0,,125000000,171400000,1.3712
power_curve,,,30000000,25000000,2.0,,130000000,171400000,1.3184615384615384
power_curve,,,30000000,25000000,2.5,,100000000,162300000,1.623
power_curve,,,30000000,25000000,2.5,,105000000,162300000,1.5457142857142858
power_curve,,,30000000,25000000,2.5,,110000000,162300000,1.4754545454545454
power_curve,,,30000000,25000000,2.5,,115000000,162300000,1.411304347826087
power_curve,,,30000000,25000000,2.5,,120000000,162300000,1.3525
power_curve,,,30000000,25000000,2.5,,125000000,162300000,1.2984
power_curve,,,30000000,25000000,2.5,,130000000,162300000,1.2484615384615385
power_curve,,,30000000,25000000,3.0,,100000000,154400000,1.544
power_curve,,,30000000,25000000,3.0,,105000000,154400000,1.4704761904761905
power_curve,,,30000000,25000000,3.0,,110000000,154400000,1.4036363636363636
power_curve,,,30000000,25000000,3.0,,115000000,154400000,1.342608695652174
power_curve,,,30000000,25000000,3.0,,120000000,154400000,1.2866666666666666
power_curve,,,30000000,25000000,3.0,,125000000,154400000,1.2352
power_curve,,,30000000,25000000,3.0,,130000000,154400000,1.1876923076923076
power_curve,,,30000000,30000000,0.5,,100000000,222800000,2.228
power_curve,,,30000000,30000000,0.5,,105000000,222800000,2.1219047619047617
power_curve,,,30000000,30000000,0.5,,110000000,222800000,2.0254545454545454
power_curve,,,30000000,30000000,0.5,,115000000,222800000,1.9373913043478261
power_curve,,,30000000,30000000,0.5,,120000000,222800000,1.8566666666666667
power_curve,,,30000000,30000000,0.5,,125000000,222800000,1.7824
power_curve,,,30000000,30000000,0.5,,130000000,222800000,1.7138461538461538
power_curve,,,30000000,30000000,1.0,,100000000,208200000,2.082
power_curve,,,30000000,30000000,1.0,,105000000,208200000,1.9828571428571429
power_curve,,,30000000,30000000,1.0,,110000000,208200000,1.8927272727272728
power_curve,,,30000000,30000000,1.0,,115000000,208200000,1.8104347826086957
power_curve,,,30000000,30000000,1.0,,120000000,208200000,1.735
power_curve,,,30000000,30000000,1.0,,125000000,208200000,1.6656
power_curve,,,30000000,30000000,1.0,,130000000,208200000,1.6015384615384616
power_curve,,,30000000,30000000,1.5,,100000000,195600000,1.956
power_curve,,,30000000,30000000,1.5,,105000000,195600000,1.8628571428571428
power_curve,,,30000000,30000000,1.5,,110000000,195600000,1.778181818181818
power_curve,,,30000000,30000000,1.5,,115000000,195600000,1.7008695652173913
power_curve,,,30000000,30000000,1.5,,120000000,195600000,1.63
power_curve,,,30000000,30000000,1.5,,125000000,195600000,1.5648
power_curve,,,30000000,30000000,1.5,,130000000,195600000,1.5046153846153847
power_curve,,,30000000,30000000,2.0,,100000000,184400000,1.844
power_curve,,,30000000,30000000,2.0,,105000000,184400000,1.756190476190476
power_curve,,,30000000,30000000,2.0,,110000000,184400000,1.6763636363636363
power_curve,,,30000000,30000000,2.0,,115000000,184400000,1.6034782608695652
power_curve,,,30000000,30000000,2.0,,120000000,184400000,1.5366666666666666
power_curve,,,30000000,30000000,2.0,,125000000,184400000,1.4752
power_curve,,,30000000,30000000,2.0,,130000000,184400000,1.4184615384615384
power_curve,,,30000000,30000000,2.5,,100000000,174900000,1.749
power_curve,,,30000000,30000000,2.5,,105000000,174900000,1.6657142857142857
power_curve,,,30000000,30000000,2.5,,110000000,174900000,1.59
power_curve,,,30000000,30000000,2.5,,115000000,174900000,1.5208695652173914
power_curve,,,30000000,30000000,2.5,,120000000,174900000,1.4575
power_curve,,,30000000,30000000,2.5,,125000000,174900000,1.3992
power_curve,,,30000000,30000000,2.5,,130000000,174900000,1.3453846153846154
power_curve,,,30000000,30000000,3.0,,100000000,166700000,1.667
power_curve,,,30000000,30000000,3.0,,105000000,166700000,1.5876190476190477
power_curve,,,30000000,30000000,3.0,,110000000,166700000,1.5154545454545454
power_curve,,,30000000,30000000,3.0,,115000000,166700000,1.4495652173913043
power_curve,,,30000000,30000000,3.0,,120000000,166700000,1.3891666666666667
power_curve,,,30000000,30000000,3.0,,125000000,166700000,1.3336
power_curve,,,30000000,30000000,3.0,,130000000,166700000,1.2823076923076924
power_curve,,,30000000,35000000,0.5,,100000000,237300000,2.373
power_curve,,,30000000,35000000,0.5,,105000000,237300000,2.26
power_curve,,,30000000,35000000,0.5,,110000000,237300000,2.1572727272727272
power_curve,,,30000000,35000000,0.5,,115000000,237300000,2.0634782608695654
power_curve,,,30000000,35000000,0.5,,120000000,237300000,1.9775
power_curve,,,30000000,35000000,0.5,,125000000,237300000,1.8984
power_curve,,,30000000,35000000,0.5,,130000000,237300000,1.8253846153846154
power_curve,,,30000000,35000000,1.0,,100000000,222100000,2.221
power_curve,,,30000000,35000000,1.0,,105000000,222100000,2.1152380952380954
power_curve,,,30000000,35000000,1.0,,110000000,222100000,2.019090909090909
power_curve,,,30000000,35000000,1.0,,115000000,222100000,1.931304347826087
power_curve,,,30000000,35000000,1.0,,120000000,222100000,1.8508333333333333
power_curve,,,30000000,35000000,1.0,,125000000,222100000,1.7768
power_curve,,,30000000,35000000,1.0,,130000000,222100000,1.7084615384615385
power_curve,,,30000000,35000000,1.5,,100000000,209000000,2.09
power_curve,,,30000000,35000000,1.5,,105000000,209000000,1.9904761904761905
power_curve,,,30000000,35000000,1.5,,110000000,209000000,1.9
power_curve,,,30000000,35000000,1.5,,115000000,209000000,1.817391304347826
power_curve,,,30000000,35000000,1.5,,120000000,209000000,1.7416666666666667
power_curve,,,30000000,35000000,1.5,,125000000,209000000,1.672
power_curve,,,30000000,35000000,1.5,,130000000,209000000,1.6076923076923078
power_curve,,,30000000,35000000,2.0,,100000000,197400000,1.974
power_curve,,,30000000,35000000,2.0,,105000000,197400000,1.88
power_curve,,,30000000,35000000,2.0,,110000000,197400000,1.7945454545454544
power_curve,,,30000000,35000000,2.0,,115000000,197400000,1.7165217391304348
power_curve,,,30000000,35000000,2.0,,120000000,197400000,1.645
power_curve,,,30000000,35000000,2.0,,125000000,197400000,1.5792
power_curve,,,30000000,35000000,2.0,,130000000,197400000,1.5184615384615385
power_curve,,,30000000,35000000,2.5,,100000000,187600000,1.876
power_curve,,,30000000,35000000,2.5,,105000000,187600000,1.7866666666666666
power_curve,,,30000000,35000000,2.5,,110000000,187600000,1.7054545454545456
power_curve,,,30000000,35000000,2.5,,115000000,187600000,1.631304347826087
power_curve,,,30000000,35000000,2.5,,120000000,187600000,1.5633333333333332
power_curve,,,30000000,35000000,2.5,,125000000,187600000,1.5008
power_curve,,,30000000,35000000,2.5,,130000000,187600000,1.4430769230769231
power_curve,,,30000000,35000000,3.0,,100000000,178900000,1.789
power_curve,,,30000000,35000000,3.0,,105000000,178900000,1.7038095238095239
power_curve,,,30000000,35000000,3.0,,110000000,178900000,1.6263636363636365
power_curve,,,30000000,35000000,3.0,,115000000,178900000,1.5556521739130436
power_curve,,,30000000,35000000,3.0,,120000000,178900000,1.4908333333333332
power_curve,,,30000000,35000000,3.0,,125000000,178900000,1.4312
power_curve,,,30000000,35000000,3.0,,130000000,178900000,1.376153846153846
power_curve,,,30000000,40000000,0.5,,100000000,251800000,2.518
power_curve,,,30000000,40000000,0.5,,105000000,251800000,2.3980952380952383
power_curve,,,30000000,40000000,0.5,,110000000,251800000,2.289090909090909
power_curve,,,30000000,40000000,0.5,,115000000,251800000,2.1895652173913045
power_curve,,,30000000,40000000,0.5,,120000000,251800000,2.098333333333333
power_curve,,,30000000,40000000,0.5,,125000000,251800000,2.0144
power_curve,,,30000000,40000000,0.5,,130000000,251800000,1.936923076923077
power_curve,,,30000000,40000000,1.0,,100000000,236000000,2.36
power_curve,,,30000000,40000000,1.0,,105000000,236000000,2.2476190476190476
power_curve,,,30000000,40000000,1.0,,110000000,236000000,2.1454545454545455
power_curve,,,30000000,40000000,1.0,,115000000,236000000,2.0521739130434784
power_curve,,,30000000,40000000,1.0,,120000000,236000000,1.9666666666666666
power_curve,,,30000000,40000000,1.0,,125000000,236000000,1.888
power_curve,,,30000000,40000000,1.0,,130000000,236000000,1.8153846153846154
power_curve,,,30000000,40000000,1.5,,100000000,222500000,2.225
power_curve,,,30000000,40000000,1.5,,105000000,222500000,2.119047619047619
power_curve,,,30000000,40000000,1.5,,110000000,222500000,2.022727272727273
power_curve,,,30000000,40000000,1.5,,115000000,222500000,1.934782608695652
power_curve,,,30000000,40000000,1.5,,120000000,222500000,1.8541666666666667
power_curve,,,30000000,40000000,1.5,,125000000,222500000,1.78
power_curve,,,30000000,40000000,1.5,,130000000,222500000,1.7115384615384615
power_curve,,,30000000,40000000,2.0,,100000000,210400000,2.104
power_curve,,,30000000,40000000,2.0,,105000000,210400000,2.0038095238095237
power_curve,,,30000000,40000000,2.0,,110000000,210400000,1.9127272727272728
power_curve,,,30000000,40000000,2.0,,115000000,210400000,1.8295652173913044
power_curve,,,30000000,40000000,2.0,,120000000,210400000,1.7533333333333334
power_curve,,,30000000,40000000,2.0,,125000000,210400000,1.6832
power_curve,,,30000000,40000000,2.0,,130000000,210400000,1.6184615384615384
power_curve,,,30000000,40000000,2.5,,100000000,200200000,2.002
power_curve,,,30000000,40000000,2.5,,105000000,200200000,1.9066666666666667
power_curve,,,30000000,40000000,2.5,,110000000,200200000,1.82
power_curve,,,30000000,40000000,2.5,,115000000,200200000,1.7408695652173913
power_curve,,,30000000,40000000,2.5,,120000000,200200000,1.6683333333333332
power_curve,,,30000000,40000000,2.5,,125000000,200200000,1.6016
power_curve,,,30000000,40000000,2.5,,130000000,200200000,1.54
power_curve,,,30000000,40000000,3.0,,100000000,191200000,1.912
power_curve,,,30000000,40000000,3.0,,105000000,191200000,1.8209523809523809
power_curve,,,30000000,40000000,3.0,,110000000,191200000,1.7381818181818183
power_curve,,,30000000,40000000,3.0,,115000000,191200000,1.662608695652174
power_curve,,,30000000,40000000,3.0,,120000000,191200000,1.5933333333333333
power_curve,,,30000000,40000000,3.0,,125000000,191200000,1.5296
power_curve,,,30000000,40000000,3.0,,130000000,191200000,1.4707692307692308
power_curve,,,30000000,45000000,0.5,,100000000,266100000,2.661
power_curve,,,30000000,45000000,0.5,,105000000,266100000,2.5342857142857143
power_curve,,,30000000,45000000,0.5,,110000000,266100000,2.419090909090909
power_curve,,,30000000,45000000,0.5,,115000000,266100000,2.313913043478261
power_curve,,,30000000,45000000,0.5,,120000000,266100000,2.2175
power_curve,,,30000000,45000000,0.5,,125000000,266100000,2.1288
power_curve,,,30000000,45000000,0.5,,130000000,266100000,2.046923076923077
power_curve,,,30000000,45000000,1.0,,100000000,249900000,2.499
power_curve,,,30000000,45000000,1.0,,105000000,249900000,2.38
power_curve,,,30000000,45000000,1.0,,110000000,249900000,2.271818181818182
power_curve,,,30000000,45000000,1.0,,115000000,249900000,2.1730434782608694
power_curve,,,30000000,45000000,1.0,,120000000,249900000,2.0825
power_curve,,,30000000,45000000,1.0,,125000000,249900000,1.9992
power_curve,,,30000000,45000000,1.0,,130000000,249900000,1.9223076923076923
power_curve,,,30000000,45000000,1.5,,100000000,235900000,2.359
power_curve,,,30000000,45000000,1.5,,105000000,235900000,2.2466666666666666
power_curve,,,30000000,45000000,1.5,,110000000,235900000,2.1445454545454545
power_curve,,,30000000,45000000,1.5,,115000000,235900000,2.051304347826087
power_curve,,,30000000,45000000,1.5,,120000000,235900000,1.9658333333333333
power_curve,,,30000000,45000000,1.5,,125000000,235900000,1.8872
power_curve,,,30000000,45000000,1.5,,130000000,235900000,1.8146153846153845
power_curve,,,30000000,45000000,2.0,,100000000,223400000,2.234
power_curve,,,30000000,45000000,2.0,,105000000,223400000,2.1276190476190475
power_curve,,,30000000,45000000,2.0,,110000000,223400000,2.0309090909090908
power_curve,,,30000000,45000000,2.0,,115000000,223400000,1.942608695652174
power_curve,,,30000000,45000000,2.0,,120000000,223400000,1.8616666666666666
power_curve,,,30000000,45000000,2.0,,125000000,223400000,1.7872
power_curve,,,30000000,45000000,2.0,,130000000,223400000,1.7184615384615385
power_curve,,,30000000,45000000,2.5,,100000000,212900000,2.129
power_curve,,,30000000,45000000,2.5,,105000000,212900000,2.0276190476190474
power_curve,,,30000000,45000000,2.5,,110000000,212900000,1.9354545454545455
power_curve,,,30000000,45000000,2.5,,115000000,212900000,1.8513043478260869
power_curve,,,30000000,45000000,2.5,,120000000,212900000,1.7741666666666667
power_curve,,,30000000,45000000,2.5,,125000000,212900000,1.7032
power_curve,,,30000000,45000000,2.5,,130000000,212900000,1.6376923076923078
power_curve,,,30000000,45000000,3.0,,100000000,203500000,2.035
power_curve,,,30000000,45000000,3.0,,105000000,203500000,1.938095238095238
power_curve,,,30000000,45000000,3.0,,110000000,203500000,1.85
power_curve,,,30000000,45000000,3.0,,115000000,203500000,1.7695652173913043
power_curve,,,30000000,45000000,3.0,,120000000,203500000,1.6958333333333333
power_curve,,,30000000,45000000,3.0,,125000000,203500000,1.628
power_curve,,,30000000,45000000,3.0,,130000000,203500000,1.5653846153846154
power_curve,,,30000000,50000000,0.5,,100000000,280600000,2.806
power_curve,,,30000000,50000000,0.5,,105000000,280600000,2.6723809523809523
power_curve,,,30000000,50000000,0.5,,110000000,280600000,2.550909090909091
power_curve,,,30000000,50000000,0.5,,115000000,280600000,2.44
power_curve,,,30000000,50000000,0.5,,120000000,280600000,2.3383333333333334
power_curve,,,30000000,50000000,0.5,,125000000,280600000,2.2448
power_curve,,,30000000,50000000,0.5,,130000000,280600000,2.1584615384615384
power_curve,,,30000000,50000000,1.0,,100000000,263700000,2.637
power_curve,,,30000000,50000000,1.0,,105000000,263700000,2.5114285714285716
power_curve,,,30000000,50000000,1.0,,110000000,263700000,2.3972727272727274
power_curve,,,30000000,50000000,1.0,,115000000,263700000,2.2930434782608695
power_curve,,,30000000,50000000,1.0,,120000000,263700000,2.1975
power_curve,,,30000000,50000000,1.0,,125000000,263700000,2.1096
power_curve,,,30000000,50000000,1.0,,130000000,263700000,2.0284615384615385
power_curve,,,30000000,50000000,1.5,,100000000,249400000,2.494
power_curve,,,30000000,50000000,1.5,,105000000,249400000,2.375238095238095
power_curve,,,30000000,50000000,1.5,,110000000,249400000,2.267272727272727
power_curve,,,30000000,50000000,1.5,,115000000,249400000,2.168695652173913
power_curve,,,30000000,50000000,1.5,,120000000,249400000,2.078333333333333
power_curve,,,30000000,50000000,1.5,,125000000,249400000,1.9952
power_curve,,,30000000,50000000,1.5,,130000000,249400000,1.9184615384615384
power_curve,,,30000000,50000000,2.0,,100000000,236400000,2.364
power_curve,,,30000000,50000000,2.0,,105000000,236400000,2.2514285714285713
power_curve,,,30000000,50000000,2.0,,110000000,236400000,2.149090909090909
power_curve,,,30000000,50000000,2.0,,115000000,236400000,2.0556521739130433
power_curve,,,30000000,50000000,2.0,,120000000,236400000,1.97
power_curve,,,30000000,50000000,2.0,,125000000,236400000,1.8912
power_curve,,,30000000,50000000,2.0,,130000000,236400000,1.8184615384615384
power_curve,,,30000000,50000000,2.5,,100000000,225400000,2.254
power_curve,,,30000000,50000000,2.5,,105000000,225400000,2.1466666666666665
power_curve,,,30000000,50000000,2.5,,110000000,225400000,2.0490909090909093
power_curve,,,30000000,50000000,2.5,,115000000,225400000,1.96
power_curve,,,30000000,50000000,2.5,,120000000,225400000,1.8783333333333334
power_curve,,,30000000,50000000,2.5,,125000000,225400000,1.8032
power_curve,,,30000000,50000000,2.5,,130000000,225400000,1.7338461538461538
power_curve,,,30000000,50000000,3.0,,100000000,215800000,2.158
power_curve,,,30000000,50000000,3.0,,105000000,215800000,2.0552380952380953
power_curve,,,30000000,50000000,3.0,,110000000,215800000,1.961818181818182
power_curve,,,30000000,50000000,3.0,,115000000,215800000,1.8765217391304347
power_curve,,,30000000,50000000,3.0,,120000000,215800000,1.7983333333333333
power_curve,,,30000000,50000000,3.0,,125000000,215800000,1.7264
power_curve,,,30000000,50000000,3.0,,130000000,215800000,1.66
rank_based,,,15000000,15000000,,,100000000,108400000,1.084
rank_based,,,15000000,15000000,,,105000000,108400000,1.0323809523809524
rank_based,,,15000000,15000000,,,110000000,108400000,0.9854545454545455
rank_based,,,15000000,15000000,,,115000000,108400000,0.9426086956521739
rank_based,,,15000000,15000000,,,120000000,108400000,0.9033333333333333
rank_based,,,15000000,15000000,,,125000000,108400000,0.8672
rank_based,,,15000000,15000000,,,130000000,108400000,0.8338461538461538
rank_based,,,15000000,20000000,,,100000000,121700000,1.217
rank_based,,,15000000,20000000,,,105000000,121700000,1.159047619047619
rank_based,,,15000000,20000000,,,110000000,121700000,1.1063636363636364
rank_based,,,15000000,20000000,,,115000000,121700000,1.0582608695652174
rank_based,,,15000000,20000000,,,120000000,121700000,1.0141666666666667
rank_based,,,15000000,20000000,,,125000000,121700000,0.9736
rank_based,,,15000000,20000000,,,130000000,121700000,0.9361538461538461
rank_based,,,15000000,25000000,,,100000000,135100000,1.351
rank_based,,,15000000,25000000,,,105000000,135100000,1.2866666666666666
rank_based,,,15000000,25000000,,,110000000,135100000,1.2281818181818183
rank_based,,,15000000,25000000,,,115000000,135100000,1.174782608695652
rank_based,,,15000000,25000000,,,120000000,135100000,1.1258333333333332
rank_based,,,15000000,25000000,,,125000000,135100000,1.0808
rank_based,,,15000000,25000000,,,130000000,135100000,1.0392307692307692
rank_based,,,15000000,30000000,,,100000000,148400000,1.484
rank_based,,,15000000,30000000,,,105000000,148400000,1.4133333333333333
rank_based,,,15000000,30000000,,,110000000,148400000,1.3490909090909091
rank_based,,,15000000,30000000,,,115000000,148400000,1.2904347826086957
rank_based,,,15000000,30000000,,,120000000,148400000,1.2366666666666666
rank_based,,,15000000,30000000,,,125000000,148400000,1.1872
rank_based,,,15000000,30000000,,,130000000,148400000,1.1415384615384616
rank_based,,,15000000,35000000,,,100000000,161700000,1.617
rank_based,,,15000000,35000000,,,105000000,161700000,1.54
rank_based,,,15000000,35000000,,,110000000,161700000,1.47
rank_based,,,15000000,35000000,,,115000000,161700000,1.406086956521739
rank_based,,,15000000,35000000,,,120000000,161700000,1.3475
rank_based,,,15000000,35000000,,,125000000,161700000,1.2936
rank_based,,,15000000,35000000,,,130000000,161700000,1.2438461538461538
rank_based,,,15000000,40000000,,,100000000,175100000,1.751
rank_based,,,15000000,40000000,,,105000000,175100000,1.6676190476190476
rank_based,,,15000000,40000000,,,110000000,175100000,1.5918181818181818
rank_based,,,15000000,40000000,,,115000000,175100000,1.5226086956521738
rank_based,,,15000000,40000000,,,120000000,175100000,1.4591666666666667
rank_based,,,15000000,40000000,,,125000000,175100000,1.4008
rank_based,,,15000000,40000000,,,130000000,175100000,1.346923076923077
rank_based,,,15000000,45000000,,,100000000,188400000,1.884
rank_based,,,15000000,45000000,,,105000000,188400000,1.7942857142857143
rank_based,,,15000000,45000000,,,110000000,188400000,1.7127272727272727
rank_based,,,15000000,45000000,,,115000000,188400000,1.6382608695652174
rank_based,,,15000000,45000000,,,120000000,188400000,1.57
rank_based,,,15000000,45000000,,,125000000,188400000,1.5072
rank_based,,,15000000,45000000,,,130000000,188400000,1.4492307692307693
rank_based,,,15000000,50000000,,,100000000,201800000,2.018
rank_based,,,15000000,50000000,,,105000000,201800000,1.921904761904762
rank_based,,,15000000,50000000,,,110000000,201800000,1.8345454545454545
rank_based,,,15000000,50000000,,,115000000,201800000,1.7547826086956522
rank_based,,,15000000,50000000,,,120000000,201800000,1.6816666666666666
rank_based,,,15000000,50000000,,,125000000,201800000,1.6144
rank_based,,,15000000,50000000,,,130000000,201800000,1.5523076923076924
rank_based,,,16000000,15000000,,,100000000,112900000,1.129
rank_based,,,16000000,15000000,,,105000000,112900000,1.0752380952380953
rank_based,,,16000000,15000000,,,110000000,112900000,1.0263636363636364
rank_based,,,16000000,15000000,,,115000000,112900000,0.9817391304347826
rank_based,,,16000000,15000000,,,120000000,112900000,0.9408333333333333
rank_based,,,16000000,15000000,,,125000000,112900000,0.9032
rank_based,,,16000000,15000000,,,130000000,112900000,0.8684615384615385
rank_based,,,16000000,20000000,,,100000000,126200000,1.262
rank_based,,,16000000,20000000,,,105000000,126200000,1.2019047619047618
rank_based,,,16000000,20000000,,,110000000,126200000,1.1472727272727272
rank_based,,,16000000,20000000,,,115000000,126200000,1.097391304347826
rank_based,,,16000000,20000000,,,120000000,126200000,1.0516666666666667
rank_based,,,16000000,20000000,,,125000000,126200000,1.0096
rank_based,,,16000000,20000000,,,130000000,126200000,0.9707692307692307
rank_based,,,16000000,25000000,,,100000000,139600000,1.396
rank_based,,,16000000,25000000,,,105000000,139600000,1.3295238095238096
rank_based,,,16000000,25000000,,,110000000,139600000,1.269090909090909
rank_based,,,16000000,25000000,,,115000000,139600000,1.2139130434782608
rank_based,,,16000000,25000000,,,120000000,139600000,1.1633333333333333
rank_based,,,16000000,25000000,,,125000000,139600000,1.1168
rank_based,,,16000000,25000000,,,130000000,139600000,1.073846153846154
rank_based,,,16000000,30000000,,,100000000,152900000,1.529
rank_based,,,16000000,30000000,,,105000000,152900000,1.4561904761904763
rank_based,,,16000000,30000000,,,110000000,152900000,1.39
rank_based,,,16000000,30000000,,,115000000,152900000,1.3295652173913044
rank_based,,,16000000,30000000,,,120000000,152900000,1.2741666666666667
rank_based,,,16000000,30000000,,,125000000,152900000,1.2232
rank_based,,,16000000,30000000,,,130000000,152900000,1.176153846153846
rank_based,,,16000000,35000000,,,100000000,166200000,1.662
rank_based,,,16000000,35000000,,,105000000,166200000,1.582857142857143
rank_based,,,16000000,35000000,,,110000000,166200000,1.510909090909091
rank_based,,,16000000,35000000,,,115000000,166200000,1.4452173913043478
rank_based,,,16000000,35000000,,,120000000,166200000,1.385
rank_based,,,16000000,35000000,,,125000000,166200000,1.3296
rank_based,,,16000000,35000000,,,130000000,166200000,1.2784615384615385
rank_based,,,16000000,40000000,,,100000000,179600000,1.796
rank_based,,,16000000,40000000,,,105000000,179600000,1.7104761904761905
rank_based,,,16000000,40000000,,,110000000,179600000,1.6327272727272728
rank_based,,,16000000,40000000,,,115000000,179600000,1.5617391304347825
rank_based,,,16000000,40000000,,,120000000,179600000,1.4966666666666666
rank_based,,,16000000,40000000,,,125000000,179600000,1.4368
rank_based,,,16000000,40000000,,,130000000,179600000,1.3815384615384616
rank_based,,,16000000,45000000,,,100000000,192900000,1.929
rank_based,,,16000000,45000000,,,105000000,192900000,1.8371428571428572
rank_based,,,16000000,45000000,,,110000000,192900000,1.7536363636363637
rank_based,,,16000000,45000000,,,115000000,192900000,1.6773913043478261
rank_based,,,16000000,45000000,,,120000000,192900000,1.6075
rank_based,,,16000000,45000000,,,125000000,192900000,1.5432
rank_based,,,16000000,45000000,,,130000000,192900000,1.4838461538461538
rank_based,,,16000000,50000000,,,100000000,206300000,2.063
rank_based,,,16000000,50000000,,,105000000,206300000,1.9647619047619047
rank_based,,,16000000,50000000,,,110000000,206300000,1.8754545454545455
rank_based,,,16000000,50000000,,,115000000,206300000,1.7939130434782609
rank_based,,,16000000,50000000,,,120000000,206300000,1.7191666666666667
rank_based,,,16000000,50000000,,,125000000,206300000,1.6504
rank_based,,,16000000,50000000,,,130000000,206300000,1.5869230769230769
rank_based,,,17000000,15000000,,,100000000,117300000,1.173
rank_based,,,17000000,15000000,,,105000000,117300000,1.1171428571428572
rank_based,,,17000000,15000000,,,110000000,117300000,1.0663636363636364
rank_based,,,17000000,15000000,,,115000000,117300000,1.02
rank_based,,,17000000,15000000,,,120000000,117300000,0.9775
rank_based,,,17000000,15000000,,,125000000,117300000,0.9384
rank_based,,,17000000,15000000,,,130000000,117300000,0.9023076923076923
rank_based,,,17000000,20000000,,,100000000,130600000,1.306
rank_based,,,17000000,20000000,,,105000000,130600000,1.243809523809524
rank_based,,,17000000,20000000,,,110000000,130600000,1.1872727272727273
rank_based,,,17000000,20000000,,,115000000,130600000,1.1356521739130434
rank_based,,,17000000,20000000,,,120000000,130600000,1.0883333333333334
rank_based,,,17000000,20000000,,,125000000,130600000,1.0448
rank_based,,,17000000,20000000,,,130000000,130600000,1.0046153846153847
rank_based,,,17000000,25000000,,,100000000,144000000,1.44
rank_based,,,17000000,25000000,,,105000000,144000000,1.3714285714285714
rank_based,,,17000000,25000000,,,110000000,144000000,1.309090909090909
rank_based,,,17000000,25000000,,,115000000,144000000,1.2521739130434784
rank_based,,,17000000,25000000,,,120000000,144000000,1.2
rank_based,,,17000000,25000000,,,125000000,144000000,1.152
rank_based,,,17000000,25000000,,,130000000,144000000,1.1076923076923078
rank_based,,,17000000,30000000,,,100000000,157300000,1.573
rank_based,,,17000000,30000000,,,105000000,157300000,1.4980952380952381
rank_based,,,17000000,30000000,,,110000000,157300000,1.43
rank_based,,,17000000,30000000,,,115000000,157300000,1.3678260869565217
rank_based,,,17000000,30000000,,,120000000,157300000,1.3108333333333333
rank_based,,,17000000,30000000,,,125000000,157300000,1.2584
rank_based,,,17000000,30000000,,,130000000,157300000,1.21
rank_based,,,17000000,35000000,,,100000000,170600000,1.706
rank_based,,,17000000,35000000,,,105000000,170600000,1.6247619047619049
rank_based,,,17000000,35000000,,,110000000,170600000,1.550909090909091
rank_based,,,17000000,35000000,,,115000000,170600000,1.4834782608695651
rank_based,,,17000000,35000000,,,120000000,170600000,1.4216666666666666
rank_based,,,17000000,35000000,,,125000000,170600000,1.3648
rank_based,,,17000000,35000000,,,130000000,170600000,1.3123076923076924
rank_based,,,17000000,40000000,,,100000000,184000000,1.84
rank_based,,,17000000,40000000,,,105000000,184000000,1.7523809523809524
rank_based,,,17000000,40000000,,,110000000,184000000,1.6727272727272726
rank_based,,,17000000,40000000,,,115000000,184000000,1.6
rank_based,,,17000000,40000000,,,120000000,184000000,1.5333333333333334
rank_based,,,17000000,40000000,,,125000000,184000000,1.472
rank_based,,,17000000,40000000,,,130000000,184000000,1.4153846153846155
rank_based,,,17000000,45000000,,,100000000,197300000,1.973
rank_based,,,17000000,45000000,,,105000000,197300000,1.879047619047619
rank_based,,,17000000,45000000,,,110000000,197300000,1.7936363636363637
rank_based,,,17000000,45000000,,,115000000,197300000,1.7156521739130435
rank_based,,,17000000,45000000,,,120000000,197300000,1.6441666666666668
rank_based,,,17000000,45000000,,,125000000,197300000,1.5784
rank_based,,,17000000,45000000,,,130000000,197300000,1.5176923076923077
rank_based,,,17000000,50000000,,,100000000,210700000,2.107
rank_based,,,17000000,50000000,,,105000000,210700000,2.006666666666667
rank_based,,,17000000,50000000,,,110000000,210700000,1.9154545454545455
rank_based,,,17000000,50000000,,,115000000,210700000,1.8321739130434782
rank_based,,,17000000,50000000,,,120000000,210700000,1.7558333333333334
rank_based,,,17000000,50000000,,,125000000,210700000,1.6856
rank_based,,,17000000,50000000,,,130000000,210700000,1.6207692307692307
rank_based,,,18000000,15000000,,,100000000,121800000,1.218
rank_based,,,18000000,15000000,,,105000000,121800000,1.16
rank_based,,,18000000,15000000,,,110000000,121800000,1.1072727272727272
rank_based,,,18000000,15000000,,,115000000,121800000,1.0591304347826087
rank_based,,,18000000,15000000,,,120000000,121800000,1.015
rank_based,,,18000000,15000000,,,125000000,121800000,0.9744
rank_based,,,18000000,15000000,,,130000000,121800000,0.936923076923077
rank_based,,,18000000,20000000,,,100000000,135100000,1.351
rank_based,,,18000000,20000000,,,105000000,135100000,1.2866666666666666
rank_based,,,18000000,20000000,,,110000000,135100000,1.2281818181818183
rank_based,,,18000000,20000000,,,115000000,135100000,1.174782608695652
rank_based,,,18000000,20000000,,,120000000,135100000,1.1258333333333332
rank_based,,,18000000,20000000,,,125000000,135100000,1.0808
rank_based,,,18000000,20000000,,,130000000,135100000,1.0392307692307692
rank_based,,,18000000,25000000,,,100000000,148500000,1.485
rank_based,,,18000000,25000000,,,105000000,148500000,1.4142857142857144
rank_based,,,18000000,25000000,,,110000000,148500000,1.35
rank_based,,,18000000,25000000,,,115000000,148500000,1.291304347826087
rank_based,,,18000000,25000000,,,120000000,148500000,1.2375
rank_based,,,18000000,25000000,,,125000000,148500000,1.188
rank_based,,,18000000,25000000,,,130000000,148500000,1.1423076923076922
rank_based,,,18000000,30000000,,,100000000,161800000,1.618
rank_based,,,18000000,30000000,,,105000000,161800000,1.5409523809523809
rank_based,,,18000000,30000000,,,110000000,161800000,1.470909090909091
rank_based,,,18000000,30000000,,,115000000,161800000,1.4069565217391304
rank_based,,,18000000,30000000,,,120000000,161800000,1.3483333333333334
rank_based,,,18000000,30000000,,,125000000,161800000,1.2944
rank_based,,,18000000,30000000,,,130000000,161800000,1.2446153846153847
rank_based,,,18000000,35000000,,,100000000,175100000,1.751
rank_based,,,18000000,35000000,,,105000000,175100000,1.6676190476190476
rank_based,,,18000000,35000000,,,110000000,175100000,1.5918181818181818
rank_based,,,18000000,35000000,,,115000000,175100000,1.5226086956521738
rank_based,,,18000000,35000000,,,120000000,175100000,1.4591666666666667
rank_based,,,18000000,35000000,,,125000000,175100000,1.4008
rank_based,,,18000000,35000000,,,130000000,175100000,1.346923076923077
rank_based,,,18000000,40000000,,,100000000,188500000,1.885
rank_based,,,18000000,40000000,,,105000000,188500000,1.7952380952380953
rank_based,,,18000000,40000000,,,110000000,188500000,1.7136363636363636
rank_based,,,18000000,40000000,,,115000000,188500000,1.6391304347826088
rank_based,,,18000000,40000000,,,120000000,188500000,1.5708333333333333
rank_based,,,18000000,40000000,,,125000000,188500000,1.508
rank_based,,,18000000,40000000,,,130000000,188500000,1.45
rank_based,,,18000000,45000000,,,100000000,201800000,2.018
rank_based,,,18000000,45000000,,,105000000,201800000,1.921904761904762
rank_based,,,18000000,45000000,,,110000000,201800000,1.8345454545454545
rank_based,,,18000000,45000000,,,115000000,201800000,1.7547826086956522
rank_based,,,18000000,45000000,,,120000000,201800000,1.6816666666666666
rank_based,,,18000000,45000000,,,125000000,201800000,1.6144
rank_based,,,18000000,45000000,,,130000000,201800000,1.5523076923076924
rank_based,,,18000000,50000000,,,100000000,215200000,2.152
rank_based,,,18000000,50000000,,,105000000,215200000,2.0495238095238095
rank_based,,,18000000,50000000,,,110000000,215200000,1.9563636363636363
rank_based,,,18000000,50000000,,,115000000,215200000,1.871304347826087
rank_based,,,18000000,50000000,,,120000000,215200000,1.7933333333333332
rank_based,,,18000000,50000000,,,125000000,215200000,1.7216
rank_based,,,18000000,50000000,,,130000000,215200000,1.6553846153846155
rank_based,,,19000000,15000000,,,100000000,126100000,1.261
rank_based,,,19000000,15000000,,,105000000,126100000,1.200952380952381
rank_based,,,19000000,15000000,,,110000000,126100000,1.1463636363636365
rank_based,,,19000000,15000000,,,115000000,126100000,1.0965217391304347
rank_based,,,19000000,15000000,,,120000000,126100000,1.0508333333333333
rank_based,,,19000000,15000000,,,125000000,126100000,1.0088
rank_based,,,19000000,15000000,,,130000000,126100000,0.97
rank_based,,,19000000,20000000,,,100000000,139400000,1.394
rank_based,,,19000000,20000000,,,105000000,139400000,1.3276190476190477
rank_based,,,19000000,20000000,,,110000000,139400000,1.2672727272727273
rank_based,,,19000000,20000000,,,115000000,139400000,1.2121739130434783
rank_based,,,19000000,20000000,,,120000000,139400000,1.1616666666666666
rank_based,,,19000000,20000000,,,125000000,139400000,1.1152
rank_based,,,19000000,20000000,,,130000000,139400000,1.0723076923076924
rank_based,,,19000000,25000000,,,100000000,152800000,1.528
rank_based,,,19000000,25000000,,,105000000,152800000,1.4552380952380952
rank_based,,,19000000,25000000,,,110000000,152800000,1.3890909090909092
rank_based,,,19000000,25000000,,,115000000,152800000,1.328695652173913
rank_based,,,19000000,25000000,,,120000000,152800000,1.2733333333333334
rank_based,,,19000000,25000000,,,125000000,152800000,1.2224
rank_based,,,19000000,25000000,,,130000000,152800000,1.1753846153846155
rank_based,,,19000000,30000000,,,100000000,166100000,1.661
rank_based,,,19000000,30000000,,,105000000,166100000,1.581904761904762
rank_based,,,19000000,30000000,,,110000000,166100000,1.51
rank_based,,,19000000,30000000,,,115000000,166100000,1.4443478260869564
rank_based,,,19000000,30000000,,,120000000,166100000,1.3841666666666668
rank_based,,,19000000,30000000,,,125000000,166100000,1.3288
rank_based,,,19000000,30000000,,,130000000,166100000,1.2776923076923077
rank_based,,,19000000,35000000,,,100000000,179400000,1.794
rank_based,,,19000000,35000000,,,105000000,179400000,1.7085714285714286
rank_based,,,19000000,35000000,,,110000000,179400000,1.6309090909090909
rank_based,,,19000000,35000000,,,115000000,179400000,1.56
rank_based,,,19000000,35000000,,,120000000,179400000,1.495
rank_based,,,19000000,35000000,,,125000000,179400000,1.4352
rank_based,,,19000000,35000000,,,130000000,179400000,1.38
rank_based,,,19000000,40000000,,,100000000,192800000,1.928
rank_based,,,19000000,40000000,,,105000000,192800000,1.8361904761904762
rank_based,,,19000000,40000000,,,110000000,192800000,1.7527272727272727
rank_based,,,19000000,40000000,,,115000000,192800000,1.6765217391304348
rank_based,,,19000000,40000000,,,120000000,192800000,1.6066666666666667
rank_based,,,19000000,40000000,,,125000000,192800000,1.5424
rank_based,,,19000000,40000000,,,130000000,192800000,1.4830769230769232
rank_based,,,19000000,45000000,,,100000000,206100000,2.061
rank_based,,,19000000,45000000,,,105000000,206100000,1.9628571428571429
rank_based,,,19000000,45000000,,,110000000,206100000,1.8736363636363635
rank_based,,,19000000,45000000,,,115000000,206100000,1.7921739130434782
rank_based,,,19000000,45000000,,,120000000,206100000,1.7175
rank_based,,,19000000,45000000,,,125000000,206100000,1.6488
rank_based,,,19000000,45000000,,,130000000,206100000,1.5853846153846154
rank_based,,,19000000,50000000,,,100000000,219500000,2.195
rank_based,,,19000000,50000000,,,105000000,219500000,2.0904761904761906
rank_based,,,19000000,50000000,,,110000000,219500000,1.9954545454545454
rank_based,,,19000000,50000000,,,115000000,219500000,1.9086956521739131
rank_based,,,19000000,50000000,,,120000000,219500000,1.8291666666666666
rank_based,,,19000000,50000000,,,125000000,219500000,1.756
rank_based,,,19000000,50000000,,,130000000,219500000,1.6884615384615385
rank_based,,,20000000,15000000,,,100000000,130700000,1.307
rank_based,,,20000000,15000000,,,105000000,130700000,1.2447619047619047
rank_based,,,20000000,15000000,,,110000000,130700000,1.1881818181818182
rank_based,,,20000000,15000000,,,115000000,130700000,1.1365217391304347
rank_based,,,20000000,15000000,,,120000000,130700000,1.0891666666666666
rank_based,,,20000000,15000000,,,125000000,130700000,1.0456
rank_based,,,20000000,15000000,,,130000000,130700000,1.0053846153846153
rank_based,,,20000000,20000000,,,100000000,144000000,1.44
rank_based,,,20000000,20000000,,,105000000,144000000,1.3714285714285714
rank_based,,,20000000,20000000,,,110000000,144000000,1.309090909090909
rank_based,,,20000000,20000000,,,115000000,144000000,1.2521739130434784
rank_based,,,20000000,20000000,,,120000000,144000000,1.2
rank_based,,,20000000,20000000,,,125000000,144000000,1.152
rank_based,,,20000000,20000000,,,130000000,144000000,1.1076923076923078
rank_based,,,20000000,25000000,,,100000000,157400000,1.574
rank_based,,,20000000,25000000,,,105000000,157400000,1.499047619047619
rank_based,,,20000000,25000000,,,110000000,157400000,1.430909090909091
rank_based,,,20000000,25000000,,,115000000,157400000,1.368695652173913
rank_based,,,20000000,25000000,,,120000000,157400000,1.3116666666666668
rank_based,,,20000000,25000000,,,125000000,157400000,1.2592
rank_based,,,20000000,25000000,,,130000000,157400000,1.2107692307692308
rank_based,,,20000000,30000000,,,100000000,170700000,1.707
rank_based,,,20000000,30000000,,,105000000,170700000,1.6257142857142857
rank_based,,,20000000,30000000,,,110000000,170700000,1.5518181818181818
rank_based,,,20000000,30000000,,,115000000,170700000,1.4843478260869565
rank_based,,,20000000,30000000,,,120000000,170700000,1.4225
rank_based,,,20000000,30000000,,,125000000,170700000,1.3656
rank_based,,,20000000,30000000,,,130000000,170700000,1.313076923076923
rank_based,,,20000000,35000000,,,100000000,184000000,1.84
rank_based,,,20000000,35000000,,,105000000,184000000,1.7523809523809524
rank_based,,,20000000,35000000,,,110000000,184000000,1.6727272727272726
rank_based,,,20000000,35000000,,,115000000,184000000,1.6
rank_based,,,20000000,35000000,,,120000000,184000000,1.5333333333333334
rank_based,,,20000000,35000000,,,125000000,184000000,1.472
rank_based,,,20000000,35000000,,,130000000,184000000,1.4153846153846155
rank_based,,,20000000,40000000,,,100000000,197400000,1.974
rank_based,,,20000000,40000000,,,105000000,197400000,1.88
rank_based,,,20000000,40000000,,,110000000,197400000,1.7945454545454544
rank_based,,,20000000,40000000,,,115000000,197400000,1.7165217391304348
rank_based,,,20000000,40000000,,,120000000,197400000,1.645
rank_based,,,20000000,40000000,,,125000000,197400000,1.5792
rank_based,,,20000000,40000000,,,130000000,197400000,1.5184615384615385
rank_based,,,20000000,45000000,,,100000000,210700000,2.107
rank_based,,,20000000,45000000,,,105000000,210700000,2.006666666666667
rank_based,,,20000000,45000000,,,110000000,210700000,1.9154545454545455
rank_based,,,20000000,45000000,,,115000000,210700000,1.8321739130434782
rank_based,,,20000000,45000000,,,120000000,210700000,1.7558333333333334
rank_based,,,20000000,45000000,,,125000000,210700000,1.6856
rank_based,,,20000000,45000000,,,130000000,210700000,1.6207692307692307
rank_based,,,20000000,50000000,,,100000000,224100000,2.241
rank_based,,,20000000,50000000,,,105000000,224100000,2.1342857142857143
rank_based,,,20000000,50000000,,,110000000,224100000,2.037272727272727
rank_based,,,20000000,50000000,,,115000000,224100000,1.948695652173913
rank_based,,,20000000,50000000,,,120000000,224100000,1.8675
rank_based,,,20000000,50000000,,,125000000,224100000,1.7928
rank_based,,,20000000,50000000,,,130000000,224100000,1.7238461538461538
rank_based,,,21000000,15000000,,,100000000,135000000,1.35
rank_based,,,21000000,15000000,,,105000000,135000000,1.2857142857142858
rank_based,,,21000000,15000000,,,110000000,135000000,1.2272727272727273
rank_based,,,21000000,15000000,,,115000000,135000000,1.173913043478261
rank_based,,,21000000,15000000,,,120000000,135000000,1.125
rank_based,,,21000000,15000000,,,125000000,135000000,1.08
rank_based,,,21000000,15000000,,,130000000,135000000,1.0384615384615385
rank_based,,,21000000,20000000,,,100000000,148300000,1.483
rank_based,,,21000000,20000000,,,105000000,148300000,1.4123809523809523
rank_based,,,21000000,20000000,,,110000000,148300000,1.3481818181818181
rank_based,,,21000000,20000000,,,115000000,148300000,1.2895652173913044
rank_based,,,21000000,20000000,,,120000000,148300000,1.2358333333333333
rank_based,,,21000000,20000000,,,125000000,148300000,1.1864
rank_based,,,21000000,20000000,,,130000000,148300000,1.1407692307692308
rank_based,,,21000000,25000000,,,100000000,161700000,1.617
rank_based,,,21000000,25000000,,,105000000,161700000,1.54
rank_based,,,21000000,25000000,,,110000000,161700000,1.47
rank_based,,,21000000,25000000,,,115000000,161700000,1.406086956521739
rank_based,,,21000000,25000000,,,120000000,161700000,1.3475
rank_based,,,21000000,25000000,,,125000000,161700000,1.2936
rank_based,,,21000000,25000000,,,130000000,161700000,1.2438461538461538
rank_based,,,21000000,30000000,,,100000000,175000000,1.75
rank_based,,,21000000,30000000,,,105000000,175000000,1.6666666666666667
rank_based,,,21000000,30000000,,,110000000,175000000,1.5909090909090908
rank_based,,,21000000,30000000,,,115000000,175000000,1.5217391304347827
rank_based,,,21000000,30000000,,,120000000,175000000,1.4583333333333333
rank_based,,,21000000,30000000,,,125000000,175000000,1.4
rank_based,,,21000000,30000000,,,130000000,175000000,1.3461538461538463
rank_based,,,21000000,35000000,,,100000000,188300000,1.883
rank_based,,,21000000,35000000,,,105000000,188300000,1.7933333333333332
rank_based,,,21000000,35000000,,,110000000,188300000,1.711818181818182
rank_based,,,21000000,35000000,,,115000000,188300000,1.637391304347826
rank_based,,,21000000,35000000,,,120000000,188300000,1.5691666666666666
rank_based,,,21000000,35000000,,,125000000,188300000,1.5064
rank_based,,,21000000,35000000,,,130000000,188300000,1.4484615384615385
rank_based,,,21000000,40000000,,,100000000,201700000,2.017
rank_based,,,21000000,40000000,,,105000000,201700000,1.920952380952381
rank_based,,,21000000,40000000,,,110000000,201700000,1.8336363636363637
rank_based,,,21000000,40000000,,,115000000,201700000,1.7539130434782608
rank_based,,,21000000,40000000,,,120000000,201700000,1.6808333333333334
rank_based,,,21000000,40000000,,,125000000,201700000,1.6136
rank_based,,,21000000,40000000,,,130000000,201700000,1.5515384615384615
rank_based,,,21000000,45000000,,,100000000,215000000,2.15
rank_based,,,21000000,45000000,,,105000000,215000000,2.0476190476190474
rank_based,,,21000000,45000000,,,110000000,215000000,1.9545454545454546
rank_based,,,21000000,45000000,,,115000000,215000000,1.8695652173913044
rank_based,,,21000000,45000000,,,120000000,215000000,1.7916666666666667
rank_based,,,21000000,45000000,,,125000000,215000000,1.72
rank_based,,,21000000,45000000,,,130000000,215000000,1.6538461538461537
rank_based,,,21000000,50000000,,,100000000,228400000,2.284
rank_based,,,21000000,50000000,,,105000000,228400000,2.1752380952380954
rank_based,,,21000000,50000000,,,110000000,228400000,2.076363636363636
rank_based,,,21000000,50000000,,,115000000,228400000,1.9860869565217392
rank_based,,,21000000,50000000,,,120000000,228400000,1.9033333333333333
rank_based,,,21000000,50000000,,,125000000,228400000,1.8272
rank_based,,,21000000,50000000,,,130000000,228400000,1.756923076923077
rank_based,,,22000000,15000000,,,100000000,139300000,1.393
rank_based,,,22000000,15000000,,,105000000,139300000,1.3266666666666667
rank_based,,,22000000,15000000,,,110000000,139300000,1.2663636363636364
rank_based,,,22000000,15000000,,,115000000,139300000,1.211304347826087
rank_based,,,22000000,15000000,,,120000000,139300000,1.1608333333333334
rank_based,,,22000000,15000000,,,125000000,139300000,1.1144
rank_based,,,22000000,15000000,,,130000000,139300000,1.0715384615384616
rank_based,,,22000000,20000000,,,100000000,152600000,1.526
rank_based,,,22000000,20000000,,,105000000,152600000,1.4533333333333334
rank_based,,,22000000,20000000,,,110000000,152600000,1.3872727272727272
rank_based,,,22000000,20000000,,,115000000,152600000,1.3269565217391304
rank_based,,,22000000,20000000,,,120000000,152600000,1.2716666666666667
rank_based,,,22000000,20000000,,,125000000,152600000,1.2208
rank_based,,,22000000,20000000,,,130000000,152600000,1.1738461538461538
rank_based,,,22000000,25000000,,,100000000,166000000,1.66
rank_based,,,22000000,25000000,,,105000000,166000000,1.5809523809523809
rank_based,,,22000000,25000000,,,110000000,166000000,1.509090909090909
rank_based,,,22000000,25000000,,,115000000,166000000,1.4434782608695653
rank_based,,,22000000,25000000,,,120000000,166000000,1.3833333333333333
rank_based,,,22000000,25000000,,,125000000,166000000,1.328
rank_based,,,22000000,25000000,,,130000000,166000000,1.2769230769230768
rank_based,,,22000000,30000000,,,100000000,179300000,1.793
rank_based,,,22000000,30000000,,,105000000,179300000,1.7076190476190476
rank_based,,,22000000,30000000,,,110000000,179300000,1.63
rank_based,,,22000000,30000000,,,115000000,179300000,1.5591304347826087
rank_based,,,22000000,30000000,,,120000000,179300000,1.4941666666666666
rank_based,,,22000000,30000000,,,125000000,179300000,1.4344
rank_based,,,22000000,30000000,,,130000000,179300000,1.3792307692307693
rank_based,,,22000000,35000000,,,100000000,192600000,1.926
rank_based,,,22000000,35000000,,,105000000,192600000,1.8342857142857143
rank_based,,,22000000,35000000,,,110000000,192600000,1.750909090909091
rank_based,,,22000000,35000000,,,115000000,192600000,1.674782608695652
rank_based,,,22000000,35000000,,,120000000,192600000,1.605
rank_based,,,22000000,35000000,,,125000000,192600000,1.5408
rank_based,,,22000000,35000000,,,130000000,192600000,1.4815384615384615
rank_based,,,22000000,40000000,,,100000000,206000000,2.06
rank_based,,,22000000,40000000,,,105000000,206000000,1.9619047619047618
rank_based,,,22000000,40000000,,,110000000,206000000,1.8727272727272728
rank_based,,,22000000,40000000,,,115000000,206000000,1.791304347826087
rank_based,,,22000000,40000000,,,120000000,206000000,1.7166666666666666
rank_based,,,22000000,40000000,,,125000000,206000000,1.648
rank_based,,,22000000,40000000,,,130000000,206000000,1.5846153846153845
rank_based,,,22000000,45000000,,,100000000,219300000,2.193
rank_based,,,22000000,45000000,,,105000000,219300000,2.0885714285714285
rank_based,,,22000000,45000000,,,110000000,219300000,1.9936363636363637
rank_based,,,22000000,45000000,,,115000000,219300000,1.9069565217391304
rank_based,,,22000000,45000000,,,120000000,219300000,1.8275
rank_based,,,22000000,45000000,,,125000000,219300000,1.7544
rank_based,,,22000000,45000000,,,130000000,219300000,1.686923076923077
rank_based,,,22000000,50000000,,,100000000,232700000,2.327
rank_based,,,22000000,50000000,,,105000000,232700000,2.216190476190476
rank_based,,,22000000,50000000,,,110000000,232700000,2.1154545454545453
rank_based,,,22000000,50000000,,,115000000,232700000,2.0234782608695654
rank_based,,,22000000,50000000,,,120000000,232700000,1.9391666666666667
rank_based,,,22000000,50000000,,,125000000,232700000,1.8616
rank_based,,,22000000,50000000,,,130000000,232700000,1.79
rank_based,,,23000000,15000000,,,100000000,143900000,1.439
rank_based,,,23000000,15000000,,,105000000,143900000,1.3704761904761904
rank_based,,,23000000,15000000,,,110000000,143900000,1.3081818181818181
rank_based,,,23000000,15000000,,,115000000,143900000,1.251304347826087
rank_based,,,23000000,15000000,,,120000000,143900000,1.1991666666666667
rank_based,,,23000000,15000000,,,125000000,143900000,1.1512
rank_based,,,23000000,15000000,,,130000000,143900000,1.106923076923077
rank_based,,,23000000,20000000,,,100000000,157200000,1.572
rank_based,,,23000000,20000000,,,105000000,157200000,1.497142857142857
rank_based,,,23000000,20000000,,,110000000,157200000,1.4290909090909092
rank_based,,,23000000,20000000,,,115000000,157200000,1.3669565217391304
rank_based,,,23000000,20000000,,,120000000,157200000,1.31
rank_based,,,23000000,20000000,,,125000000,157200000,1.2576
rank_based,,,23000000,20000000,,,130000000,157200000,1.2092307692307693
rank_based,,,23000000,25000000,,,100000000,170600000,1.706
rank_based,,,23000000,25000000,,,105000000,170600000,1.6247619047619049
rank_based,,,23000000,25000000,,,110000000,170600000,1.550909090909091
rank_based,,,23000000,25000000,,,115000000,170600000,1.4834782608695651
rank_based,,,23000000,25000000,,,120000000,170600000,1.4216666666666666
rank_based,,,23000000,25000000,,,125000000,170600000,1.3648
rank_based,,,23000000,25000000,,,130000000,170600000,1.3123076923076924
rank_based,,,23000000,30000000,,,100000000,183900000,1.839
rank_based,,,23000000,30000000,,,105000000,183900000,1.7514285714285713
rank_based,,,23000000,30000000,,,110000000,183900000,1.6718181818181819
rank_based,,,23000000,30000000,,,115000000,183900000,1.5991304347826087
rank_based,,,23000000,30000000,,,120000000,183900000,1.5325
rank_based,,,23000000,30000000,,,125000000,183900000,1.4712
rank_based,,,23000000,30000000,,,130000000,183900000,1.4146153846153846
rank_based,,,23000000,35000000,,,100000000,197200000,1.972
rank_based,,,23000000,35000000,,,105000000,197200000,1.878095238095238
rank_based,,,23000000,35000000,,,110000000,197200000,1.7927272727272727
rank_based,,,23000000,35000000,,,115000000,197200000,1.7147826086956521
rank_based,,,23000000,35000000,,,120000000,197200000,1.6433333333333333
rank_based,,,23000000,35000000,,,125000000,197200000,1.5776
rank_based,,,23000000,35000000,,,130000000,197200000,1.5169230769230768
rank_based,,,23000000,40000000,,,100000000,210600000,2.106
rank_based,,,23000000,40000000,,,105000000,210600000,2.005714285714286
rank_based,,,23000000,40000000,,,110000000,210600000,1.9145454545454546
rank_based,,,23000000,40000000,,,115000000,210600000,1.8313043478260869
rank_based,,,23000000,40000000,,,120000000,210600000,1.755
rank_based,,,23000000,40000000,,,125000000,210600000,1.6848
rank_based,,,23000000,40000000,,,130000000,210600000,1.62
rank_based,,,23000000,45000000,,,100000000,223900000,2.239
rank_based,,,23000000,45000000,,,105000000,223900000,2.1323809523809523
rank_based,,,23000000,45000000,,,110000000,223900000,2.0354545454545456
rank_based,,,23000000,45000000,,,115000000,223900000,1.9469565217391305
rank_based,,,23000000,45000000,,,120000000,223900000,1.8658333333333332
rank_based,,,23000000,45000000,,,125000000,223900000,1.7912
rank_based,,,23000000,45000000,,,130000000,223900000,1.7223076923076923
rank_based,,,23000000,50000000,,,100000000,237300000,2.373
rank_based,,,23000000,50000000,,,105000000,237300000,2.26
rank_based,,,23000000,50000000,,,110000000,237300000,2.1572727272727272
rank_based,,,23000000,50000000,,,115000000,237300000,2.0634782608695654
rank_based,,,23000000,50000000,,,120000000,237300000,1.9775
rank_based,,,23000000,50000000,,,125000000,237300000,1.8984
rank_based,,,23000000,50000000,,,130000000,237300000,1.8253846153846154
rank_based,,,24000000,15000000,,,100000000,148200000,1.482
rank_based,,,24000000,15000000,,,105000000,148200000,1.4114285714285715
rank_based,,,24000000,15000000,,,110000000,148200000,1.3472727272727272
rank_based,,,24000000,15000000,,,115000000,148200000,1.288695652173913
rank_based,,,24000000,15000000,,,120000000,148200000,1.235
rank_based,,,24000000,15000000,,,125000000,148200000,1.1856
rank_based,,,24000000,15000000,,,130000000,148200000,1.14
rank_based,,,24000000,20000000,,,100000000,161500000,1.615
rank_based,,,24000000,20000000,,,105000000,161500000,1.5380952380952382
rank_based,,,24000000,20000000,,,110000000,161500000,1.4681818181818183
rank_based,,,24000000,20000000,,,115000000,161500000,1.4043478260869566
rank_based,,,24000000,20000000,,,120000000,161500000,1.3458333333333334
rank_based,,,24000000,20000000,,,125000000,161500000,1.292
rank_based,,,24000000,20000000,,,130000000,161500000,1.2423076923076923
rank_based,,,24000000,25000000,,,100000000,174900000,1.749
rank_based,,,24000000,25000000,,,105000000,174900000,1.6657142857142857
rank_based,,,24000000,25000000,,,110000000,174900000,1.59
rank_based,,,24000000,25000000,,,115000000,174900000,1.5208695652173914
rank_based,,,24000000,25000000,,,120000000,174900000,1.4575
rank_based,,,24000000,25000000,,,125000000,174900000,1.3992
rank_based,,,24000000,25000000,,,130000000,174900000,1.3453846153846154
rank_based,,,24000000,30000000,,,100000000,188200000,1.882
rank_based,,,24000000,30000000,,,105000000,188200000,1.7923809523809524
rank_based,,,24000000,30000000,,,110000000,188200000,1.710909090909091
rank_based,,,24000000,30000000,,,115000000,188200000,1.6365217391304347
rank_based,,,24000000,30000000,,,120000000,188200000,1.5683333333333334
rank_based,,,24000000,30000000,,,125000000,188200000,1.5056
rank_based,,,24000000,30000000,,,130000000,188200000,1.4476923076923076
rank_based,,,24000000,35000000,,,100000000,201500000,2.015
rank_based,,,24000000,35000000,,,105000000,201500000,1.9190476190476191
rank_based,,,24000000,35000000,,,110000000,201500000,1.8318181818181818
rank_based,,,24000000,35000000,,,115000000,201500000,1.7521739130434784
rank_based,,,24000000,35000000,,,120000000,201500000,1.6791666666666667
rank_based,,,24000000,35000000,,,125000000,201500000,1.612
rank_based,,,24000000,35000000,,,130000000,201500000,1.55
rank_based,,,24000000,40000000,,,100000000,214900000,2.149
rank_based,,,24000000,40000000,,,105000000,214900000,2.046666666666667
rank_based,,,24000000,40000000,,,110000000,214900000,1.9536363636363636
rank_based,,,24000000,40000000,,,115000000,214900000,1.868695652173913
rank_based,,,24000000,40000000,,,120000000,214900000,1.7908333333333333
rank_based,,,24000000,40000000,,,125000000,214900000,1.7192
rank_based,,,24000000,40000000,,,130000000,214900000,1.653076923076923
rank_based,,,24000000,45000000,,,100000000,228200000,2.282
rank_based,,,24000000,45000000,,,105000000,228200000,2.1733333333333333
rank_based,,,24000000,45000000,,,110000000,228200000,2.0745454545454547
rank_based,,,24000000,45000000,,,115000000,228200000,1.9843478260869565
rank_based,,,24000000,45000000,,,120000000,228200000,1.9016666666666666
rank_based,,,24000000,45000000,,,125000000,228200000,1.8256
rank_based,,,24000000,45000000,,,130000000,228200000,1.7553846153846153
rank_based,,,24000000,50000000,,,100000000,241600000,2.416
rank_based,,,24000000,50000000,,,105000000,241600000,2.300952380952381
rank_based,,,24000000,50000000,,,110000000,241600000,2.1963636363636363
rank_based,,,24000000,50000000,,,115000000,241600000,2.1008695652173914
rank_based,,,24000000,50000000,,,120000000,241600000,2.013333333333333
rank_based,,,24000000,50000000,,,125000000,241600000,1.9328
rank_based,,,24000000,50000000,,,130000000,241600000,1.8584615384615384
rank_based,,,25000000,15000000,,,100000000,152700000,1.527
rank_based,,,25000000,15000000,,,105000000,152700000,1.4542857142857142
rank_based,,,25000000,15000000,,,110000000,152700000,1.3881818181818182
rank_based,,,25000000,15000000,,,115000000,152700000,1.3278260869565217
rank_based,,,25000000,15000000,,,120000000,152700000,1.2725
rank_based,,,25000000,15000000,,,125000000,152700000,1.2216
rank_based,,,25000000,15000000,,,130000000,152700000,1.1746153846153846
rank_based,,,25000000,20000000,,,100000000,166000000,1.66
rank_based,,,25000000,20000000,,,105000000,166000000,1.5809523809523809
rank_based,,,25000000,20000000,,,110000000,166000000,1.509090909090909
rank_based,,,25000000,20000000,,,115000000,166000000,1.4434782608695653
rank_based,,,25000000,20000000,,,120000000,166000000,1.3833333333333333
rank_based,,,25000000,20000000,,,125000000,166000000,1.328
rank_based,,,25000000,20000000,,,130000000,166000000,1.2769230769230768
rank_based,,,25000000,25000000,,,100000000,179400000,1.794
rank_based,,,25000000,25000000,,,105000000,179400000,1.7085714285714286
rank_based,,,25000000,25000000,,,110000000,179400000,1.6309090909090909
rank_based,,,25000000,25000000,,,115000000,179400000,1.56
rank_based,,,25000000,25000000,,,120000000,179400000,1.495
rank_based,,,25000000,25000000,,,125000000,179400000,1.4352
rank_based,,,25000000,25000000,,,130000000,179400000,1.38
rank_based,,,25000000,30000000,,,100000000,192700000,1.927
rank_based,,,25000000,30000000,,,105000000,192700000,1.8352380952380953
rank_based,,,25000000,30000000,,,110000000,192700000,1.7518181818181817
rank_based,,,25000000,30000000,,,115000000,192700000,1.6756521739130434
rank_based,,,25000000,30000000,,,120000000,192700000,1.6058333333333332
rank_based,,,25000000,30000000,,,125000000,192700000,1.5416
rank_based,,,25000000,30000000,,,130000000,192700000,1.4823076923076923
rank_based,,,25000000,35000000,,,100000000,206000000,2.06
rank_based,,,25000000,35000000,,,105000000,206000000,1.9619047619047618
rank_based,,,25000000,35000000,,,110000000,206000000,1.8727272727272728
rank_based,,,25000000,35000000,,,115000000,206000000,1.791304347826087
rank_based,,,25000000,35000000,,,120000000,206000000,1.7166666666666666
rank_based,,,25000000,35000000,,,125000000,206000000,1.648
rank_based,,,25000000,35000000,,,130000000,206000000,1.5846153846153845
rank_based,,,25000000,40000000,,,100000000,219400000,2.194
rank_based,,,25000000,40000000,,,105000000,219400000,2.0895238095238096
rank_based,,,25000000,40000000,,,110000000,219400000,1.9945454545454546
rank_based,,,25000000,40000000,,,115000000,219400000,1.9078260869565218
rank_based,,,25000000,40000000,,,120000000,219400000,1.8283333333333334
rank_based,,,25000000,40000000,,,125000000,219400000,1.7552
rank_based,,,25000000,40000000,,,130000000,219400000,1.6876923076923076
rank_based,,,25000000,45000000,,,100000000,232700000,2.327
rank_based,,,25000000,45000000,,,105000000,232700000,2.216190476190476
rank_based,,,25000000,45000000,,,110000000,232700000,2.1154545454545453
rank_based,,,25000000,45000000,,,115000000,232700000,2.0234782608695654
rank_based,,,25000000,45000000,,,120000000,232700000,1.9391666666666667
rank_based,,,25000000,45000000,,,125000000,232700000,1.8616
rank_based,,,25000000,45000000,,,130000000,232700000,1.79
rank_based,,,25000000,50000000,,,100000000,246100000,2.461
rank_based,,,25000000,50000000,,,105000000,246100000,2.343809523809524
rank_based,,,25000000,50000000,,,110000000,246100000,2.2372727272727273
rank_based,,,25000000,50000000,,,115000000,246100000,2.14
rank_based,,,25000000,50000000,,,120000000,246100000,2.0508333333333333
rank_based,,,25000000,50000000,,,125000000,246100000,1.9688
rank_based,,,25000000,50000000,,,130000000,246100000,1.893076923076923
rank_based,,,26000000,15000000,,,100000000,157100000,1.571
rank_based,,,26000000,15000000,,,105000000,157100000,1.4961904761904763
rank_based,,,26000000,15000000,,,110000000,157100000,1.4281818181818182
rank_based,,,26000000,15000000,,,115000000,157100000,1.366086956521739
rank_based,,,26000000,15000000,,,120000000,157100000,1.3091666666666666
rank_based,,,26000000,15000000,,,125000000,157100000,1.2568
rank_based,,,26000000,15000000,,,130000000,157100000,1.2084615384615385
rank_based,,,26000000,20000000,,,100000000,170400000,1.704
rank_based,,,26000000,20000000,,,105000000,170400000,1.6228571428571428
rank_based,,,26000000,20000000,,,110000000,170400000,1.549090909090909
rank_based,,,26000000,20000000,,,115000000,170400000,1.4817391304347827
rank_based,,,26000000,20000000,,,120000000,170400000,1.42
rank_based,,,26000000,20000000,,,125000000,170400000,1.3632
rank_based,,,26000000,20000000,,,130000000,170400000,1.3107692307692307
rank_based,,,26000000,25000000,,,100000000,183800000,1.838
rank_based,,,26000000,25000000,,,105000000,183800000,1.7504761904761905
rank_based,,,26000000,25000000,,,110000000,183800000,1.670909090909091
rank_based,,,26000000,25000000,,,115000000,183800000,1.5982608695652174
rank_based,,,26000000,25000000,,,120000000,183800000,1.5316666666666667
rank_based,,,26000000,25000000,,,125000000,183800000,1.4704
rank_based,,,26000000,25000000,,,130000000,183800000,1.4138461538461538
rank_based,,,26000000,30000000,,,100000000,197100000,1.971
rank_based,,,26000000,30000000,,,105000000,197100000,1.8771428571428572
rank_based,,,26000000,30000000,,,110000000,197100000,1.7918181818181818
rank_based,,,26000000,30000000,,,115000000,197100000,1.7139130434782608
rank_based,,,26000000,30000000,,,120000000,197100000,1.6425
rank_based,,,26000000,30000000,,,125000000,197100000,1.5768
rank_based,,,26000000,30000000,,,130000000,197100000,1.5161538461538462
rank_based,,,26000000,35000000,,,100000000,210400000,2.104
rank_based,,,26000000,35000000,,,105000000,210400000,2.0038095238095237
rank_based,,,26000000,35000000,,,110000000,210400000,1.9127272727272728
rank_based,,,26000000,35000000,,,115000000,210400000,1.8295652173913044
rank_based,,,26000000,35000000,,,120000000,210400000,1.7533333333333334
rank_based,,,26000000,35000000,,,125000000,210400000,1.6832
rank_based,,,26000000,35000000,,,130000000,210400000,1.6184615384615384
rank_based,,,26000000,40000000,,,100000000,223800000,2.238
rank_based,,,26000000,40000000,,,105000000,223800000,2.1314285714285712
rank_based,,,26000000,40000000,,,110000000,223800000,2.0345454545454547
rank_based,,,26000000,40000000,,,115000000,223800000,1.9460869565217391
rank_based,,,26000000,40000000,,,120000000,223800000,1.865
rank_based,,,26000000,40000000,,,125000000,223800000,1.7904
rank_based,,,26000000,40000000,,,130000000,223800000,1.7215384615384615
rank_based,,,26000000,45000000,,,100000000,237100000,2.371
rank_based,,,26000000,45000000,,,105000000,237100000,2.258095238095238
rank_based,,,26000000,45000000,,,110000000,237100000,2.1554545454545453
rank_based,,,26000000,45000000,,,115000000,237100000,2.0617391304347827
rank_based,,,26000000,45000000,,,120000000,237100000,1.9758333333333333
rank_based,,,26000000,45000000,,,125000000,237100000,1.8968
rank_based,,,26000000,45000000,,,130000000,237100000,1.823846153846154
rank_based,,,26000000,50000000,,,100000000,250500000,2.505
rank_based,,,26000000,50000000,,,105000000,250500000,2.3857142857142857
rank_based,,,26000000,50000000,,,110000000,250500000,2.2772727272727273
rank_based,,,26000000,50000000,,,115000000,250500000,2.1782608695652175
rank_based,,,26000000,50000000,,,120000000,250500000,2.0875
rank_based,,,26000000,50000000,,,125000000,250500000,2.004
rank_based,,,26000000,50000000,,,130000000,250500000,1.926923076923077
rank_based,,,27000000,15000000,,,100000000,161600000,1.616
rank_based,,,27000000,15000000,,,105000000,161600000,1.539047619047619
rank_based,,,27000000,15000000,,,110000000,161600000,1.469090909090909
rank_based,,,27000000,15000000,,,115000000,161600000,1.4052173913043478
rank_based,,,27000000,15000000,,,120000000,161600000,1.3466666666666667
rank_based,,,27000000,15000000,,,125000000,161600000,1.2928
rank_based,,,27000000,15000000,,,130000000,161600000,1.243076923076923
rank_based,,,27000000,20000000,,,100000000,174900000,1.749
rank_based,,,27000000,20000000,,,105000000,174900000,1.6657142857142857
rank_based,,,27000000,20000000,,,110000000,174900000,1.59
rank_based,,,27000000,20000000,,,115000000,174900000,1.5208695652173914
rank_based,,,27000000,20000000,,,120000000,174900000,1.4575
rank_based,,,27000000,20000000,,,125000000,174900000,1.3992
rank_based,,,27000000,20000000,,,130000000,174900000,1.3453846153846154
rank_based,,,27000000,25000000,,,100000000,188300000,1.883
rank_based,,,27000000,25000000,,,105000000,188300000,1.7933333333333332
rank_based,,,27000000,25000000,,,110000000,188300000,1.711818181818182
rank_based,,,27000000,25000000,,,115000000,188300000,1.637391304347826
rank_based,,,27000000,25000000,,,120000000,188300000,1.5691666666666666
rank_based,,,27000000,25000000,,,125000000,188300000,1.5064
rank_based,,,27000000,25000000,,,130000000,188300000,1.4484615384615385
rank_based,,,27000000,30000000,,,100000000,201600000,2.016
rank_based,,,27000000,30000000,,,105000000,201600000,1.92
rank_based,,,27000000,30000000,,,110000000,201600000,1.8327272727272728
rank_based,,,27000000,30000000,,,115000000,201600000,1.7530434782608695
rank_based,,,27000000,30000000,,,120000000,201600000,1.68
rank_based,,,27000000,30000000,,,125000000,201600000,1.6128
rank_based,,,27000000,30000000,,,130000000,201600000,1.5507692307692307
rank_based,,,27000000,35000000,,,100000000,214900000,2.149
rank_based,,,27000000,35000000,,,105000000,214900000,2.046666666666667
rank_based,,,27000000,35000000,,,110000000,214900000,1.9536363636363636
rank_based,,,27000000,35000000,,,115000000,214900000,1.868695652173913
rank_based,,,27000000,35000000,,,120000000,214900000,1.7908333333333333
rank_based,,,27000000,35000000,,,125000000,214900000,1.7192
rank_based,,,27000000,35000000,,,130000000,214900000,1.653076923076923
rank_based,,,27000000,40000000,,,100000000,228300000,2.283
rank_based,,,27000000,40000000,,,105000000,228300000,2.1742857142857144
rank_based,,,27000000,40000000,,,110000000,228300000,2.0754545454545457
rank_based,,,27000000,40000000,,,115000000,228300000,1.9852173913043478
rank_based,,,27000000,40000000,,,120000000,228300000,1.9025
rank_based,,,27000000,40000000,,,125000000,228300000,1.8264
rank_based,,,27000000,40000000,,,130000000,228300000,1.7561538461538462
rank_based,,,27000000,45000000,,,100000000,241600000,2.416
rank_based,,,27000000,45000000,,,105000000,241600000,2.300952380952381
rank_based,,,27000000,45000000,,,110000000,241600000,2.1963636363636363
rank_based,,,27000000,45000000,,,115000000,241600000,2.1008695652173914
rank_based,,,27000000,45000000,,,120000000,241600000,2.013333333333333
rank_based,,,27000000,45000000,,,125000000,241600000,1.9328
rank_based,,,27000000,45000000,,,130000000,241600000,1.8584615384615384
rank_based,,,27000000,50000000,,,100000000,255000000,2.55
rank_based,,,27000000,50000000,,,105000000,255000000,2.4285714285714284
rank_based,,,27000000,50000000,,,110000000,255000000,2.3181818181818183
rank_based,,,27000000,50000000,,,115000000,255000000,2.217391304347826
rank_based,,,27000000,50000000,,,120000000,255000000,2.125
rank_based,,,27000000,50000000,,,125000000,255000000,2.04
rank_based,,,27000000,50000000,,,130000000,255000000,1.9615384615384615
rank_based,,,28000000,15000000,,,100000000,166000000,1.66
rank_based,,,28000000,15000000,,,105000000,166000000,1.5809523809523809
rank_based,,,28000000,15000000,,,110000000,166000000,1.509090909090909
rank_based,,,28000000,15000000,,,115000000,166000000,1.4434782608695653
rank_based,,,28000000,15000000,,,120000000,166000000,1.3833333333333333
rank_based,,,28000000,15000000,,,125000000,166000000,1.328
rank_based,,,28000000,15000000,,,130000000,166000000,1.2769230769230768
rank_based,,,28000000,20000000,,,100000000,179300000,1.793
rank_based,,,28000000,20000000,,,105000000,179300000,1.7076190476190476
rank_based,,,28000000,20000000,,,110000000,179300000,1.63
rank_based,,,28000000,20000000,,,115000000,179300000,1.5591304347826087
rank_based,,,28000000,20000000,,,120000000,179300000,1.4941666666666666
rank_based,,,28000000,20000000,,,125000000,179300000,1.4344
rank_based,,,28000000,20000000,,,130000000,179300000,1.3792307692307693
rank_based,,,28000000,25000000,,,100000000,192700000,1.927
rank_based,,,28000000,25000000,,,105000000,192700000,1.8352380952380953
rank_based,,,28000000,25000000,,,110000000,192700000,1.7518181818181817
rank_based,,,28000000,25000000,,,115000000,192700000,1.6756521739130434
rank_based,,,28000000,25000000,,,120000000,192700000,1.6058333333333332
rank_based,,,28000000,25000000,,,125000000,192700000,1.5416
rank_based,,,28000000,25000000,,,130000000,192700000,1.4823076923076923
rank_based,,,28000000,30000000,,,100000000,206000000,2.06
rank_based,,,28000000,30000000,,,105000000,206000000,1.9619047619047618
rank_based,,,28000000,30000000,,,110000000,206000000,1.8727272727272728
rank_based,,,28000000,30000000,,,115000000,206000000,1.791304347826087
rank_based,,,28000000,30000000,,,120000000,206000000,1.7166666666666666
rank_based,,,28000000,30000000,,,125000000,206000000,1.648
rank_based,,,28000000,30000000,,,130000000,206000000,1.5846153846153845
rank_based,,,28000000,35000000,,,100000000,219300000,2.193
rank_based,,,28000000,35000000,,,105000000,219300000,2.0885714285714285
rank_based,,,28000000,35000000,,,110000000,219300000,1.9936363636363637
rank_based,,,28000000,35000000,,,115000000,219300000,1.9069565217391304
rank_based,,,28000000,35000000,,,120000000,219300000,1.8275
rank_based,,,28000000,35000000,,,125000000,219300000,1.7544
rank_based,,,28000000,35000000,,,130000000,219300000,1.686923076923077
rank_based,,,28000000,40000000,,,100000000,232700000,2.327
rank_based,,,28000000,40000000,,,105000000,232700000,2.216190476190476
rank_based,,,28000000,40000000,,,110000000,232700000,2.1154545454545453
rank_based,,,28000000,40000000,,,115000000,232700000,2.0234782608695654
rank_based,,,28000000,40000000,,,120000000,232700000,1.9391666666666667
rank_based,,,28000000,40000000,,,125000000,232700000,1.8616
rank_based,,,28000000,40000000,,,130000000,232700000,1.79
rank_based,,,28000000,45000000,,,100000000,246000000,2.46
rank_based,,,28000000,45000000,,,105000000,246000000,2.342857142857143
rank_based,,,28000000,45000000,,,110000000,246000000,2.2363636363636363
rank_based,,,28000000,45000000,,,115000000,246000000,2.139130434782609
rank_based,,,28000000,45000000,,,120000000,246000000,2.05
rank_based,,,28000000,45000000,,,125000000,246000000,1.968
rank_based,,,28000000,45000000,,,130000000,246000000,1.8923076923076922
rank_based,,,28000000,50000000,,,100000000,259400000,2.594
rank_based,,,28000000,50000000,,,105000000,259400000,2.4704761904761905
rank_based,,,28000000,50000000,,,110000000,259400000,2.3581818181818184
rank_based,,,28000000,50000000,,,115000000,259400000,2.2556521739130435
rank_based,,,28000000,50000000,,,120000000,259400000,2.1616666666666666
rank_based,,,28000000,50000000,,,125000000,259400000,2.0752
rank_based,,,28000000,50000000,,,130000000,259400000,1.9953846153846153
rank_based,,,29000000,15000000,,,100000000,170400000,1.704
rank_based,,,29000000,15000000,,,105000000,170400000,1.6228571428571428
rank_based,,,29000000,15000000,,,110000000,170400000,1.549090909090909
rank_based,,,29000000,15000000,,,115000000,170400000,1.4817391304347827
rank_based,,,29000000,15000000,,,120000000,170400000,1.42
rank_based,,,29000000,15000000,,,125000000,170400000,1.3632
rank_based,,,29000000,15000000,,,130000000,170400000,1.3107692307692307
rank_based,,,29000000,20000000,,,100000000,183700000,1.837
rank_based,,,29000000,20000000,,,105000000,183700000,1.7495238095238095
rank_based,,,29000000,20000000,,,110000000,183700000,1.67
rank_based,,,29000000,20000000,,,115000000,183700000,1.597391304347826
rank_based,,,29000000,20000000,,,120000000,183700000,1.5308333333333333
rank_based,,,29000000,20000000,,,125000000,183700000,1.4696
rank_based,,,29000000,20000000,,,130000000,183700000,1.4130769230769231
rank_based,,,29000000,25000000,,,100000000,197100000,1.971
rank_based,,,29000000,25000000,,,105000000,197100000,1.8771428571428572
rank_based,,,29000000,25000000,,,110000000,197100000,1.7918181818181818
rank_based,,,29000000,25000000,,,115000000,197100000,1.7139130434782608
rank_based,,,29000000,25000000,,,120000000,197100000,1.6425
rank_based,,,29000000,25000000,,,125000000,197100000,1.5768
rank_based,,,29000000,25000000,,,130000000,197100000,1.5161538461538462
rank_based,,,29000000,30000000,,,100000000,210400000,2.104
rank_based,,,29000000,30000000,,,105000000,210400000,2.0038095238095237
rank_based,,,29000000,30000000,,,110000000,210400000,1.9127272727272728
rank_based,,,29000000,30000000,,,115000000,210400000,1.8295652173913044
rank_based,,,29000000,30000000,,,120000000,210400000,1.7533333333333334
rank_based,,,29000000,30000000,,,125000000,210400000,1.6832
rank_based,,,29000000,30000000,,,130000000,210400000,1.6184615384615384
rank_based,,,29000000,35000000,,,100000000,223700000,2.237
rank_based,,,29000000,35000000,,,105000000,223700000,2.1304761904761906
rank_based,,,29000000,35000000,,,110000000,223700000,2.0336363636363637
rank_based,,,29000000,35000000,,,115000000,223700000,1.9452173913043478
rank_based,,,29000000,35000000,,,120000000,223700000,1.8641666666666667
rank_based,,,29000000,35000000,,,125000000,223700000,1.7896
rank_based,,,29000000,35000000,,,130000000,223700000,1.7207692307692308
rank_based,,,29000000,40000000,,,100000000,237100000,2.371
rank_based,,,29000000,40000000,,,105000000,237100000,2.258095238095238
rank_based,,,29000000,40000000,,,110000000,237100000,2.1554545454545453
rank_based,,,29000000,40000000,,,115000000,237100000,2.0617391304347827
rank_based,,,29000000,40000000,,,120000000,237100000,1.9758333333333333
rank_based,,,29000000,40000000,,,125000000,237100000,1.8968
rank_based,,,29000000,40000000,,,130000000,237100000,1.823846153846154
rank_based,,,29000000,45000000,,,100000000,250400000,2.504
rank_based,,,29000000,45000000,,,105000000,250400000,2.3847619047619046
rank_based,,,29000000,45000000,,,110000000,250400000,2.2763636363636364
rank_based,,,29000000,45000000,,,115000000,250400000,2.177391304347826
rank_based,,,29000000,45000000,,,120000000,250400000,2.0866666666666664
rank_based,,,29000000,45000000,,,125000000,250400000,2.0032
rank_based,,,29000000,45000000,,,130000000,250400000,1.926153846153846
rank_based,,,29000000,50000000,,,100000000,263800000,2.638
rank_based,,,29000000,50000000,,,105000000,263800000,2.512380952380952
rank_based,,,29000000,50000000,,,110000000,263800000,2.398181818181818
rank_based,,,29000000,50000000,,,115000000,263800000,2.293913043478261
rank_based,,,29000000,50000000,,,120000000,263800000,2.1983333333333333
rank_based,,,29000000,50000000,,,125000000,263800000,2.1104
rank_based,,,29000000,50000000,,,130000000,263800000,2.0292307692307694
rank_based,,,30000000,15000000,,,100000000,174800000,1.748
rank_based,,,30000000,15000000,,,105000000,174800000,1.6647619047619047
rank_based,,,30000000,15000000,,,110000000,174800000,1.589090909090909
rank_based,,,30000000,15000000,,,115000000,174800000,1.52
rank_based,,,30000000,15000000,,,120000000,174800000,1.4566666666666668
rank_based,,,30000000,15000000,,,125000000,174800000,1.3984
rank_based,,,30000000,15000000,,,130000000,174800000,1.3446153846153845
rank_based,,,30000000,20000000,,,100000000,188100000,1.881
rank_based,,,30000000,20000000,,,105000000,188100000,1.7914285714285714
rank_based,,,30000000,20000000,,,110000000,188100000,1.71
rank_based,,,30000000,20000000,,,115000000,188100000,1.6356521739130434
rank_based,,,30000000,20000000,,,120000000,188100000,1.5675
rank_based,,,30000000,20000000,,,125000000,188100000,1.5048
rank_based,,,30000000,20000000,,,130000000,188100000,1.446923076923077
rank_based,,,30000000,25000000,,,100000000,201500000,2.015
rank_based,,,30000000,25000000,,,105000000,201500000,1.9190476190476191
rank_based,,,30000000,25000000,,,110000000,201500000,1.8318181818181818
rank_based,,,30000000,25000000,,,115000000,201500000,1.7521739130434784
rank_based,,,30000000,25000000,,,120000000,201500000,1.6791666666666667
rank_based,,,30000000,25000000,,,125000000,201500000,1.612
rank_based,,,30000000,25000000,,,130000000,201500000,1.55
rank_based,,,30000000,30000000,,,100000000,214800000,2.148
rank_based,,,30000000,30000000,,,105000000,214800000,2.045714285714286
rank_based,,,30000000,30000000,,,110000000,214800000,1.9527272727272726
rank_based,,,30000000,30000000,,,115000000,214800000,1.8678260869565217
rank_based,,,30000000,30000000,,,120000000,214800000,1.79
rank_based,,,30000000,30000000,,,125000000,214800000,1.7184
rank_based,,,30000000,30000000,,,130000000,214800000,1.6523076923076923
rank_based,,,30000000,35000000,,,100000000,228100000,2.281
rank_based,,,30000000,35000000,,,105000000,228100000,2.1723809523809523
rank_based,,,30000000,35000000,,,110000000,228100000,2.0736363636363637
rank_based,,,30000000,35000000,,,115000000,228100000,1.9834782608695651
rank_based,,,30000000,35000000,,,120000000,228100000,1.9008333333333334
rank_based,,,30000000,35000000,,,125000000,228100000,1.8248
rank_based,,,30000000,35000000,,,130000000,228100000,1.7546153846153847
rank_based,,,30000000,40000000,,,100000000,241500000,2.415
rank_based,,,30000000,40000000,,,105000000,241500000,2.3
rank_based,,,30000000,40000000,,,110000000,241500000,2.1954545454545453
rank_based,,,30000000,40000000,,,115000000,241500000,2.1
rank_based,,,30000000,40000000,,,120000000,241500000,2.0125
rank_based,,,30000000,40000000,,,125000000,241500000,1.932
rank_based,,,30000000,40000000,,,130000000,241500000,1.8576923076923078
rank_based,,,30000000,45000000,,,100000000,254800000,2.548
rank_based,,,30000000,45000000,,,105000000,254800000,2.4266666666666667
rank_based,,,30000000,45000000,,,110000000,254800000,2.3163636363636364
rank_based,,,30000000,45000000,,,115000000,254800000,2.2156521739130435
rank_based,,,30000000,45000000,,,120000000,254800000,2.1233333333333335
rank_based,,,30000000,45000000,,,125000000,254800000,2.0384
rank_based,,,30000000,45000000,,,130000000,254800000,1.96
rank_based,,,30000000,50000000,,,100000000,268200000,2.682
rank_based,,,30000000,50000000,,,105000000,268200000,2.5542857142857143
rank_based,,,30000000,50000000,,,110000000,268200000,2.438181818181818
rank_based,,,30000000,50000000,,,115000000,268200000,2.332173913043478
rank_based,,,30000000,50000000,,,120000000,268200000,2.235
rank_based,,,30000000,50000000,,,125000000,268200000,2.1456
rank_based,,,30000000,50000000,,,130000000,268200000,2.063076923076923
tier_based,,,,,,equal_quarts,100000000,170000000,1.7
tier_based,,,,,,equal_quarts,105000000,170000000,1.619047619047619
tier_based,,,,,,equal_quarts,110000000,170000000,1.5454545454545454
tier_based,,,,,,equal_quarts,115000000,170000000,1.4782608695652173
tier_based,,,,,,equal_quarts,120000000,170000000,1.4166666666666667
tier_based,,,,,,equal_quarts,125000000,170000000,1.36
tier_based,,,,,,equal_quarts,130000000,170000000,1.3076923076923077
tier_based,,,,,,top_heavy,100000000,194000000,1.94
tier_based,,,,,,top_heavy,105000000,194000000,1.8476190476190477
tier_based,,,,,,top_heavy,110000000,194000000,1.7636363636363637
tier_based,,,,,,top_heavy,115000000,194000000,1.6869565217391305
tier_based,,,,,,top_heavy,120000000,194000000,1.6166666666666667
tier_based,,,,,,top_heavy,125000000,194000000,1.552
tier_based,,,,,,top_heavy,130000000,194000000,1.4923076923076923
tier_based,,,,,,compressed,100000000,145000000,1.45
tier_based,,,,,,compressed,105000000,145000000,1.380952380952381
tier_based,,,,,,compressed,110000000,145000000,1.3181818181818181
tier_based,,,,,,compressed,115000000,145000000,1.2608695652173914
tier_based,,,,,,compressed,120000000,145000000,1.2083333333333333
tier_based,,,,,,compressed,125000000,145000000,1.16
tier_based,,,,,,compressed,130000000,145000000,1.1153846153846154
tier_based,,,,,,wide_spread,100000000,228000000,2.28
tier_based,,,,,,wide_spread,105000000,228000000,2.1714285714285713
tier_based,,,,,,wide_spread,110000000,228000000,2.0727272727272728
tier_based,,,,,,wide_spread,115000000,228000000,1.982608695652174
tier_based,,,,,,wide_spread,120000000,228000000,1.9
tier_based,,,,,,wide_spread,125000000,228000000,1.824
tier_based,,,,,,wide_spread,130000000,228000000,1.7538461538461538
